0.002040816326530612,-0.00005326382271251485
30.671792055962676,-0.09454970776769486
61.341543295598825,-0.15273281332045194
92.01129453523498,-0.1693022107774359
122.68104577487112,-0.15969528435317748
153.35079701450726,-0.1392880277089654
184.02054825414342,-0.11687394210266093
214.69029949377955,-0.09615317638996956
245.3600507334157,-0.07823779873884171
276.02980197305186,-0.06327130385526478
306.699553212688,-0.05074890696678598
337.3693044523242,-0.040202351114834806
368.0390556919603,-0.03137773921678036
398.7088069315964,-0.02394245901913902
429.3785581712326,-0.01767846693189478
460.04830941086874,-0.012273957203084947
490.71806065050487,-0.007596429439892799
521.387811890141,-0.0035175024420035536
552.0575631297772,0.00006469505414533408
582.7273143694133,0.0032312736249458167
613.3970656090495,0.006047322164992899
644.0668168486857,0.008565438122775005
674.7365680883217,0.010872145266453203
705.4063193279579,0.012952220711320373
736.0760705675941,0.014816827618049814
766.7458218072302,0.01649863337911045
797.4155730468664,0.01802319459035772
828.0853242865026,0.019411284765449073
858.7550755261386,0.02067981501678892
889.4248267657748,0.021842761174415134
920.094578005411,0.02295179431646382
981.4340804846832,0.024878939368427205
1012.1038317243194,0.025756340534601366
1042.7735829639555,0.026553482232005505
1073.4433342035918,0.027239321879294877
1104.1130854432279,0.02795884835236044
1134.782836682864,0.02856067108281095
1165.4525879225002,0.029141594069048926
1226.7920904017724,0.030136812942844596
1257.4618416414087,0.030612360165573616
1288.1315928810448,0.031012862819444802
1318.8013441206808,0.03138709853534041
1349.4710953603171,0.031734187165682125
1380.1408465999532,0.03204227013870365
1410.8105978395893,0.03230701336890103
1441.4803490792256,0.032571204304123844
1472.1501003188616,0.03276844318284651
1502.8198515584977,0.03298149205796657
1533.489602798134,0.03314215896770459
1564.15935403777,0.03328584010236068
1594.8291052774061,0.03340759736538583
1625.4988565170424,0.033494068203845886
1656.1686077566785,0.03357596478757931
1686.8383589963146,0.03362098929703284
1717.5081102359509,0.033655941757175525
1748.177861475587,0.03366510098438863
1778.847612715223,0.03365441444132153
1809.5173639548593,0.033627569732630834
1840.1871151944954,0.033577103091133265
1870.8568664341315,0.03351453297771735
1901.5266176737678,0.03343053973302336
1932.1963689134038,0.033331178593736924
1962.86612015304,0.0332142121414947
1996.1156449716777,0.03306840360033414
2029.3651697903158,0.032906690578833275
2062.614694608954,0.03272317281099289
2095.8642194275917,0.03252314432636097
2129.1137442462295,0.03231156363013794
2162.3632690648674,0.032073961910798525
2228.862318702143,0.0315620012510719
2262.111843520781,0.031278446184395965
2295.3613683394187,0.03097934179058509
2361.8604179766944,0.030347297593791237
2494.858517251246,0.028904640404639338
2528.1080420698845,0.028512916866536314
2561.3575668885223,0.028116625981153665
2627.856616525798,0.02726259388640927
2760.8547158003494,0.02544273381713154
2794.104240618987,0.024964740007541588
2827.353765437625,0.02446248088784455
2893.8528150749007,0.02345004048444298
3026.8509143494525,0.021312954863907854
3060.100439168091,0.02076475387533549
3093.3499639867287,0.020217509427370134
3159.8490136240043,0.019053552377668877
3292.8471128985557,0.016687813547318006
3558.843311447659,0.01168683780545733
4090.835708545865,0.0010699917195022696
4121.8818436781985,0.0004336203980236488
4152.927978810532,-0.0001993259877866591
4215.020249075199,-0.0014537484839955567
4339.204789604533,-0.003946739106807694
4587.573870663201,-0.008869912249631021
4618.620005795534,-0.009478446270513472
4649.666140927868,-0.010081577150464227
4711.758411192535,-0.011270909929838126
4835.942951721869,-0.01361313688717052
5084.312032780537,-0.018096096867299107
5115.358167912871,-0.01863641319194388
5146.404303045205,-0.019169649342645784
5208.496573309872,-0.020214453378232397
5332.681113839206,-0.022245266205627435
5363.72724897154,-0.02273833496696366
5394.773384103873,-0.023223606736390484
5456.865654368539,-0.024170439235481476
5581.050194897874,-0.025994583260668756
5612.096330030206,-0.02643288202623787
5643.14246516254,-0.026862759108911893
5705.234735427208,-0.027697020113671186
5829.419275956541,-0.029286049995372557
5860.465411088875,-0.029663070115261495
5891.511546221209,-0.030031144866828376
5953.6038164858755,-0.030740311134292826
6077.78835701521,-0.032070430826139786
6108.225490216341,-0.032376062574142626
6138.662623417473,-0.032672654920826785
6199.536889819735,-0.03323863543981368
6229.974023020866,-0.033507990808020915
6260.411156221997,-0.03376824095146531
6321.28542262426,-0.03426140241093135
6351.72255582539,-0.034498549382886226
6382.159689026522,-0.03472865201976083
6443.033955428784,-0.03516059713268978
6473.471088629915,-0.035362425650095584
6503.908221831047,-0.03555482139032117
6564.782488233309,-0.03591132469785534
6595.21962143444,-0.03607544551832281
6625.656754635571,-0.03623015987668574
6656.093887836702,-0.036375482142037036
6686.531021037834,-0.036511429606469276
6716.968154238964,-0.03664119868380433
6747.405287440096,-0.03676251827529729
6777.842420641227,-0.03687421875436765
6808.279553842358,-0.036976315663273245
6838.716687043489,-0.03706882747512992
6869.153820244621,-0.03715177551130684
6899.590953445751,-0.037225183858508946
6930.028086646883,-0.03728907928564027
6960.465219848014,-0.037343491160539075
6990.902353049145,-0.037388451366675415
7021.339486250276,-0.037423994219897644
7051.776619451408,-0.037450156385311933
7082.2137526525385,-0.03746912525203396
7112.65088585367,-0.03747902045873751
7143.088019054801,-0.03747936943312187
7173.525152255932,-0.03747021015375409
7203.962285457063,-0.037451583001098285
7234.399418658195,-0.03742353068496013
7264.8365518593255,-0.03738609817207787
7295.273685060457,-0.03733933261392481
7325.710818261588,-0.03728328327479053
7356.147951462719,-0.037218001460205194
7386.5850846638505,-0.03714354044576921
7417.022217864982,-0.037059955406448006
7447.4593510661125,-0.03696855036780214
7477.896484267244,-0.036868037093631616
7508.333617468375,-0.036758323089634344
7538.770750669506,-0.03663946700348389
7569.2078838706375,-0.03651152944549305
7599.645017071769,-0.03637457292541688
7660.519283474031,-0.03607386215903996
7690.9564166751625,-0.03591024186684284
7721.393549876293,-0.035737870397735114
7782.267816278556,-0.03536715976084045
7812.704949479687,-0.035169454068706515
7843.142082680818,-0.03496308450838166
7904.01634908308,-0.03452464328811887
8025.764881887605,-0.03354717453371852
8058.7817886677385,-0.033259514872961
8091.798695447871,-0.03296242692901707
8157.832509008136,-0.032340388852849664
8289.900136128668,-0.030986201537922822
8322.9170429088,-0.030625324235569403
8355.933949688933,-0.03025576071038037
8421.9677632492,-0.029491079490929405
8554.035390369732,-0.027862286729166182
8587.052297149865,-0.027434745049604504
8620.069203929997,-0.026999407095888835
8686.103017490264,-0.026105898315978728
8818.170644610796,-0.0242315077828151
9082.305898851859,-0.020158437718794615
9115.322805631993,-0.019621665095987676
9148.339712412126,-0.019079318666342753
9214.37352597239,-0.017978535140358194
9346.441153092921,-0.015717052948748415
9610.576407333985,-0.010980633068099583
10138.846915816113,-0.0009604488146323629
10169.660432909943,-0.00036407417641396247
10200.47395000377,0.00023265966491567902
10262.100984191427,0.0014266507141180496
10385.355052566742,0.0038128675984765706
10631.86318931737,0.008551393906079945
10662.6767064112,0.009138045419196127
10693.490223505027,0.009722887065853295
10755.117257692684,0.010886608181746853
10878.371326067998,0.013186515189545358
11124.879462818626,0.017648677533567952
11155.692979912455,0.018191399194161188
11186.506497006283,0.01873026078452844
11248.13353119394,0.019795919576471623
11371.387599569254,0.02187565101176368
11617.895736319882,0.025803100435125507
11648.709253413712,0.026270616450268666
11679.52277050754,0.02673228184153979
11741.149804695197,0.027638166485220824
11864.40387307051,0.029377349450106192
12110.91200982114,0.032544158847017404
12144.305300493972,0.03293929031225492
12177.698591166802,0.0333261905613737
12244.48517251246,0.03407414988600644
12378.058335203783,0.03546469138203531
12411.451625876613,0.03578983804093914
12444.844916549444,0.03610581497807408
12511.631497895105,0.03670992997933161
12645.204660586425,0.03780463014173978
12678.597951259257,0.03805422831639728
12711.991241932086,0.03829405986529507
12778.777823277745,0.03874421106510312
12812.171113950575,0.03895433901420493
12845.564404623407,0.0391544665854528
12912.350985969068,0.03952450929556262
12945.744276641897,0.039694325140146904
12979.137567314729,0.03985394204361035
13012.53085798756,0.04000331677033081
13045.92414866039,0.04014240867101849
13079.31743933322,0.040271179694322506
13112.710730006049,0.04038959439813632
13146.104020678878,0.040497619960600556
13179.49731135171,0.040595226190799236
13212.890602024541,0.040682385539147506
13246.28389269737,0.040759073107466064
13279.6771833702,0.04082533300585965
13313.07047404303,0.04088092822121112
13346.46376471586,0.04092603004185366
13379.857055388691,0.040960624386997435
13413.250346061523,0.04098469980113933
13446.643636734352,0.04099824746213507
13480.036927407182,0.04100126118900077
13513.430218080013,0.040993737449439606
13546.823508752845,0.04097567536708324
13580.216799425674,0.04094707672844616
13613.610090098504,0.04090794598958082
13647.003380771333,0.040858290282429724
13680.396671444163,0.040798119420863754
13713.789962116995,0.04072744590640013
13747.183252789826,0.04064628493358987
13780.576543462656,0.04055465439506691
13813.969834135485,0.04045257488624873
13847.363124808315,0.04034006970967857
13880.756415481144,0.040217164878999456
13914.149706153976,0.04008388912254911
13980.936287499637,0.03978635333799319
14014.329578172466,0.03962216436687213
14047.722868845298,0.03944774658830982
14114.509450190959,0.0390683967033688
14147.902740863788,0.03886303150840453
14181.296031536618,0.03864866168044029
14248.08261288228,0.03819025830856948
14280.866901623907,0.037950870870025466
14313.651190365534,0.03770209766187751
14379.21976784879,0.037176629056802246
14510.356922815303,0.03601578265316108
14543.141211556931,0.03570307189308253
14575.92550029856,0.0353815076676069
14641.494077781816,0.03471213026307544
14772.631232748327,0.0332706926453631
14805.415521489955,0.03288945046660029
14838.199810231581,0.0325000392828549
14903.768387714837,0.03169709686561897
15034.90554268135,0.02999749033348081
15297.179852614374,0.02626462038014489
15329.964141356002,0.02576775363194153
15362.748430097628,0.025264559849982833
15428.317007580885,0.024239692344760137
15559.454162547398,0.02211965971427006
15821.728472480421,0.017629057134268995
16346.277092346469,0.007959895583553965
16376.857991401794,0.007376676993118424
16407.438890457117,0.006792098518223396
16468.600688567763,0.005619412513222829
16590.924284789056,0.003263837652006732
16835.571477231646,-0.0014451326734357377
17324.86586211682,-0.010612466295595308
17355.446761172145,-0.011166769840523318
17386.027660227468,-0.011717997189103694
17447.189458338114,-0.012810624566411785
17569.51305455941,-0.014952359357378098
17814.160247002,-0.01900447929295567
17844.741146057324,-0.019489962344628825
17875.322045112647,-0.019970436417019274
17936.483843223294,-0.020915787037762232
18058.807439444587,-0.022740090113405
18303.454631887176,-0.02609100437164641
18336.615304521503,-0.026510766466905644
18369.775977155827,-0.026920013177220696
18436.09732242448,-0.027714480904679158
18568.74001296178,-0.02920249365480219
18601.900685596105,-0.02955246603885707
18635.061358230432,-0.02989328209873902
18701.382703499083,-0.030546760950441933
18834.025394036384,-0.03173636308364732
18867.186066670707,-0.03200833999497264
18900.346739305034,-0.032269819217668874
18966.668084573685,-0.032760642827652044
18999.828757208008,-0.032989671779884495
19032.989429842335,-0.03320866157768062
19099.310775110986,-0.0336165852550577
19132.47144774531,-0.03380488914385735
19165.632120379636,-0.03398253503144013
19198.792793013963,-0.034149359864137134
19231.953465648287,-0.03430520205747942
19265.11413828261,-0.034449901744956955
19298.274810916937,-0.03458330103164608
19331.435483551264,-0.03470524425248037
19364.596156185587,-0.03481557823491904
19397.75682881991,-0.034914152565752636
19430.917501454238,-0.03500081986176802
19464.078174088565,-0.035075436043972695
19497.23884672289,-0.03513786061506849
19530.399519357212,-0.03518795693983838
19563.56019199154,-0.0352255925280987
19596.720864625866,-0.03525221485385026
19629.88153726019,-0.035273355139344896
19663.042209894513,-0.03528291625051571
19696.20288252884,-0.03528073395083424
19729.363555163167,-0.03526664703268931
19762.52422779749,-0.035240497691552686
19795.684900431814,-0.03520213190498347
19828.84557306614,-0.03515139981602769
19862.006245700468,-0.03508815612053579
19895.16691833479,-0.03501226045789428
19928.327590969115,-0.03492357780463315
19961.48826360344,-0.03482197887033964
19994.64893623777,-0.0347073404952789
20027.809608872092,-0.03457954604909067
20060.970281506416,-0.03443848582989844
20094.130954140743,-0.03428405746314029
20160.452299409393,-0.03395230941886061
20193.612972043717,-0.03377671214285537
20226.773644678044,-0.03358855945201
20293.094989946694,-0.03317396308532999
20326.25566258102,-0.03294722649128097
20359.41633521535,-0.03270734975555437
20425.737680484,-0.03218768759488498
20456.69496343202,-0.03192670831210165
20487.652246380043,-0.03165390108405622
20549.566812276084,-0.031072540775204986
20580.524095224104,-0.03075637949168164
20611.481378172124,-0.03046273158318579
20673.395944068165,-0.029841556492128274
20704.353227016185,-0.029513766147217138
20735.310509964205,-0.029174348920676198
20797.22507586025,-0.028460224803492418
20921.054207652334,-0.026888629873652224
20952.011490600355,-0.02646556280101326
20982.968773548375,-0.026030379488811706
21044.88333944442,-0.025159595076758995
21168.712471236504,-0.023364637548066215
21416.37073482067,-0.019238949956566796
21447.32801776869,-0.018715608431029356
21478.285300716714,-0.01817944366892986
21540.199866612755,-0.017068491239137656
21664.028998404836,-0.01469270946950758
21911.687261989005,-0.009729812203370374
22407.00378915734,0.001227021252898015
22437.352070174158,0.0019233851497095526
22467.70035119098,0.002636419186187786
22528.396913224613,0.004109323700475461
22649.79003729189,0.006900811478453086
22892.57628542644,0.012674917662181897
22922.92456644326,0.013409145736210062
22953.272847460077,0.014164009372228724
23013.969409493715,0.015645279692266305
23135.36253356099,0.018461867982218192
23378.148781695538,0.02414180095019375
23408.497062712355,0.024780955183614853
23438.845343729176,0.02546099121711874
23499.54190576281,0.026914865602506145
23620.935029830085,0.029539548299305076
23651.283310846906,0.03026537894875401
23681.631591863723,0.030820704066527472
23742.32815389736,0.03209015721480577
23863.721277964636,0.0345436614209729
23894.069558981457,0.03519846786367727
23924.417839998274,0.03569678884998465
23985.11440203191,0.03684435256045776
24015.462683048732,0.037380807594380616
24045.81096406555,0.03787768369286615
24106.507526099187,0.03889981139709303
24136.855807116008,0.0393518294324941
24167.204088132825,0.039817088080749484
24197.552369149642,0.040236656025573796
24227.900650166463,0.040633410746645234
24258.24893118328,0.04100804092597133
24288.597212200097,0.041324985840093344
24318.945493216917,0.04163854656099779
24349.293774233734,0.041842806903386244
24382.221828829555,0.0421020254530066
24415.149883425373,0.04218017860781854
24448.077938021193,0.04227608131495893
24481.005992617014,0.042073530748887256
24513.934047212835,0.042023588127503606
24546.862101808656,0.04157854257363663
24579.790156404477,0.04097827532095137
24612.718211000298,0.040250653517856276
24645.64626559612,0.039008943699234605
24678.57432019194,0.03717823706224603
24711.502374787757,0.035274127162973984
24744.430429383578,0.032271976783642936
24777.3584839794,0.02819062615483461
24810.286538575216,0.022595629864164787
24843.214593171037,0.015145558404793126
24876.142647766857,0.004832408132148858
24909.07070236268,-0.00955865398209746
24941.9987569585,-0.02987974629196198
24974.92681155432,-0.0579749704384115
25007.85486615014,-0.09577662968569652
25040.78292074596,-0.14280596858253772
25073.710975341783,-0.19024162054314012
25106.6390299376,-0.21445742902241913
25139.56708453342,-0.18423938105434065
25172.49513912924,-0.09900560435137884
25205.42319372506,-0.002183497931776069
25238.35124832088,0.0667318472041114
25271.2793029167,0.10176587316438328
25304.20735751252,0.1134216225837967
25337.135412108342,0.11265825777475211
25370.063466704163,0.10619932476628799
25402.991521299984,0.09765872173358431
25435.919575895805,0.08872262343838766
25468.847630491626,0.08019723402436892
25501.775685087447,0.07228549967289384
25534.703739683267,0.06501472153660784
25567.63179427909,0.0586138618962553
25600.55984887491,0.0526566289657811
25633.487903470726,0.04739316365626699
25666.415958066547,0.04256904277929311
25699.34401266237,0.03814360299540725
25732.272067258185,0.03415046910422896
25765.200121854006,0.030486531041069895
25798.128176449827,0.02711001749696864
25831.056231045648,0.023985487085084738
25863.98428564147,0.021082734813519702
25929.84039483311,0.015805926030135316
25962.76844942893,0.013452228486603667
25995.696504024752,0.011279886684711495
26028.624558620573,0.009124052471367002
26061.552613216394,0.007081384078508744
26094.480667812215,0.005191552828187659
26127.408722408036,0.003428325414821746
26193.264831599674,0.000041413151973073575
26226.192886195495,-0.0015218917215215275
26259.120940791312,-0.002983793672029224
26324.977049982954,-0.005756334501856322
26456.689268366237,-0.010721535370210969
26487.413933275755,-0.011802062359187723
26518.13859818527,-0.012778272779321765
26579.5879280043,-0.014691007580977907
26610.31259291382,-0.015616406603663983
26641.037257823333,-0.016452907762338966
26702.486587642365,-0.01812901573702972
26733.211252551882,-0.01890977926451616
26763.935917461396,-0.01969394504184404
26825.38524728043,-0.021109229699636897
26948.283906918492,-0.023681576945458263
26979.00857182801,-0.02423415975519896
27009.733236737524,-0.02482374856506057
27071.182566556556,-0.0258581836106567
27101.907231466073,-0.02637144651441286
27132.631896375588,-0.02683501132460577
27194.08122619462,-0.027729581877845397
27224.805891104137,-0.028129895924336012
27255.53055601365,-0.028522732286745574
27286.255220923165,-0.028913629402646343
27316.979885832683,-0.029266516942358732
27347.7045507422,-0.02958357816761661
27378.429215651715,-0.029907136022411254
27439.878545470747,-0.03050022313513493
27470.603210380264,-0.03075026469292689
27501.32787528978,-0.03099986964141682
27532.052540199293,-0.031239073567704286
27562.77720510881,-0.03145044074350766
27593.50187001833,-0.03163574927979411
27624.226534927842,-0.03181583612563554
27654.951199837356,-0.03198551844274193
27685.675864746874,-0.03213094741099691
27716.400529656392,-0.032253714763740594
27747.125194565906,-0.03236811502903929
27777.84985947542,-0.03247184565604021
27808.574524384938,-0.032554225429051536
27839.299189294456,-0.032616676051614744
27870.02385420397,-0.03266874460073617
27900.748519113484,-0.0327097815609442
27931.473184023,-0.032731852590543994
27962.19784893252,-0.03273622656322653
27992.922513842033,-0.032729044959847645
28023.647178751547,-0.03271042606809025
28054.371843661065,-0.03267483245081675
28085.096508570583,-0.03262339705651911
28115.821173480097,-0.03255817971725741
28146.54583838961,-0.03248448413708741
28177.27050329913,-0.03239492985625797
28207.995168208647,-0.032290495262161996
28238.71983311816,-0.03217216817139606
28269.444498027675,-0.03204094273879855
28300.169162937193,-0.03189889976939334
28330.89382784671,-0.03174408889143338
28361.618492756228,-0.03157571351013734
28423.06782257526,-0.031201636068261013
28456.372261063778,-0.03098001314369069
28489.676699552292,-0.030743786591609566
28556.285576529328,-0.030228381257900613
28589.590015017846,-0.029951381484221513
28622.894453506364,-0.029662740624470992
28689.5033304834,-0.02904370076797452
28722.807768971918,-0.028714400099562335
28756.112207460435,-0.02837389247272548
28822.72108443747,-0.027662411404758714
28955.938838391543,-0.026088345228505512
28989.24327688006,-0.025671673769240035
29022.54771536858,-0.025241474073515995
29089.156592345615,-0.02434667731285578
29222.374346299686,-0.022451733090284413
29488.80985420783,-0.0182415913323751
29522.114292696348,-0.017681898790934965
29555.418731184865,-0.017117403098537192
29622.0276081619,-0.015975754835282033
29755.245362115973,-0.013587550574869673
30021.680870024113,-0.008605685958288868
30554.551885840396,0.00185886494247017
30587.24732239771,0.0025058620698378852
30619.942758955025,0.003150930317361363
30685.333632069658,0.004436410496326154
30816.11537829892,0.007009846381575345
31077.67887075744,0.012025618047650649
31110.374307314756,0.012637541415554975
31143.069743872074,0.013244674569315301
31208.460616986704,0.014439670518174708
31339.242363215963,0.016806240965945275
31600.805855674487,0.02124757825506791
31633.501292231802,0.021779496862705142
31666.196728789117,0.022304132313488795
31731.58760190375,0.023330990225100885
31862.369348133012,0.02529139149824442
31895.064784690327,0.02576134574690911
31927.76022124764,0.02622301890661189
31993.151094362274,0.027123552888821977
32123.932840591537,0.028836530898595756
32156.62827714885,0.029242192570383577
32189.323713706166,0.02963863187284151
32254.7145868208,0.03040349986733048
32385.49633305006,0.03182137238413555
32418.191769607376,0.03215470223926719
32450.88720616469,0.03247803372497558
32516.27807927932,0.03309443453376936
32647.059825508582,0.034204542532661975
32677.55187237959,0.03443957811212802
32708.043919250602,0.03466554415305885
32769.028012992625,0.035091451111053044
32799.52005986364,0.03529223104698377
32830.01210673465,0.035483666066561316
32890.99620047667,0.0358383983318023
32921.48824734768,0.03600165100354671
32951.980294218694,0.036155469526283575
32982.472341089706,0.036299838360003146
33012.96438796072,0.036434744585791046
33043.45643483173,0.03656017786220387
33073.94848170274,0.03667613038142626
33104.440528573745,0.03678259682526105
33134.93257544476,0.03687957432100465
33165.42462231577,0.036968249837698905
33195.91666918677,0.037047461724638686
33226.408716057784,0.03711703353823032
33256.900762928795,0.037176968354534365
33287.39280979981,0.03722727175894105
33317.88485667082,0.03726795180649341
33348.37690354183,0.03729901898211294
33378.86895041284,0.03732048616076949
33409.36099728385,0.037332368567638635
33439.853044154865,0.03733468373828404
33470.345091025876,0.037327451478906724
33500.83713789689,0.03731069382669702
33531.3291847679,0.03728457101723411
33561.82123163891,0.037249468455667435
33592.31327850992,0.03720478764527843
33622.805325380934,0.037150557807930126
33653.297372251945,0.0370868104411656
33683.78941912296,0.037013579281358545
33714.28146599397,0.0369309002669482
33744.77351286498,0.036838811501790594
33775.26555973599,0.036737353218655296
33805.757606607,0.03662656774289564
33866.74170034902,0.036377194761292544
33897.23374722003,0.036238702045083046
33927.725794091035,0.03609095081846293
33988.70988783306,0.0357688645280965
34019.20193470407,0.03559413822630898
34049.69398157508,0.03541036669121021
34110.678075317104,0.0350159305905027
34141.170122188116,0.03480539226412083
34171.66216905913,0.03458606111546464
34232.64626280115,0.03412129368400918
34354.6144502852,0.03308935289814485
34385.10649715621,0.03281047326511495
34415.59854402722,0.032523393530385296
34476.58263776924,0.03192496214196482
34598.55082525328,0.03063175169039869
34631.62264570329,0.030259634890365907
34664.694466153305,0.029878594525625867
34730.838107053336,0.02909023648820381
34863.12538885338,0.027411979738466576
35127.69995245349,0.02367825595717467
35160.77177290351,0.02317857996059661
35193.843593353515,0.022672121518022215
35259.98723425354,0.02163947515856274
35392.27451605359,0.019499673018112736
35656.84907965369,0.014957980661599004
35689.92090010371,0.014368699266994757
35722.99272055372,0.013775246079362254
35789.13636145374,0.012576526929253302
35921.423643253795,0.010136805131089503
36185.998206853896,0.005128601540308578
36715.1473340541,-0.005073454695715189
36746.01576481781,-0.005663980792260232
36776.884195581515,-0.00625303272893054
36838.62105710893,-0.00742580427185473
36962.09478016377,-0.00974643382507269
37209.042226273436,-0.014257831008116147
37239.910657037144,-0.01480673952825445
37270.77908780085,-0.015351831750027096
37332.51594932827,-0.01642999971416035
37455.989672383104,-0.0185327792625844
37702.937118492766,-0.022500195412764983
37733.805549256474,-0.022971363921221517
37764.673980020176,-0.023436602900046666
37826.41084154759,-0.024348791821506535
37949.88456460243,-0.026097646492180607
37980.752995366136,-0.0265170063787778
38011.621426129845,-0.02692957427808456
38073.35828765726,-0.027733888605954264
38196.832010712096,-0.0292561813852761
38227.700441475805,-0.029618147478034464
38258.56887223951,-0.029972463363457637
38320.30573376693,-0.030657741045251784
38443.779456821765,-0.0319321393435924
38474.647887585474,-0.032230153380604476
38505.51631834918,-0.03251975015926263
38567.2531798766,-0.033073339444948543
38690.726902931434,-0.03407573378576903
38724.175107274146,-0.034322700569348996
38757.62331161686,-0.034559005465588176
38824.519720302276,-0.03499921485156468
38857.96792464498,-0.035203228495889076
38891.416128987694,-0.0353965463032154
38958.31253767312,-0.035750773061775196
38991.76074201583,-0.03591152740254798
39025.208946358536,-0.036061276812723295
39058.65715070124,-0.036199950337468575
39092.105355043954,-0.036327479680291805
39125.553559386666,-0.03644379927017577
39159.00176372938,-0.036548846329586604
39192.44996807209,-0.03664256094329964
39225.898172414796,-0.03672488612798405
39259.3463767575,-0.036795767902482464
39292.794581100214,-0.03685515535872313
39326.242785442926,-0.036903000733195225
39359.69098978564,-0.03693925947891814
39393.13919412835,-0.0369638903378309
39426.587398471056,-0.03697685541352718
39460.03560281376,-0.03697812024425687
39493.48380715647,-0.03696765387611315
39526.932011499186,-0.036945428936322355
39560.3802158419,-0.03691142170654882
39593.82842018461,-0.036865612196127384
39627.276624527316,-0.03680798421513232
39660.72482887002,-0.036737196970063724
39694.17303321273,-0.03665930838941144
39727.621237555446,-0.036570060676436436
39761.06944189816,-0.036469439865561185
39794.51764624087,-0.03635743509074172
39827.96585058358,-0.036234038678530534
39861.414054926296,-0.036099246241782346
39894.862259269,-0.03595305677389026
39928.310463611706,-0.035795472743429445
39961.75866795442,-0.03562650018908828
40028.65507663984,-0.03525443208465027
40062.103280982556,-0.03505136731830602
40095.55148532526,-0.034836975785362226
40162.44789401068,-0.03437431781442756
40195.89609835339,-0.0341261145127594
40229.3443026961,-0.033866710902620216
40296.24071138152,-0.03331447695353373
40329.688915724226,-0.033021745065013756
40363.13712006694,-0.032718009945120315
40430.03352875236,-0.032077778746889066
40563.8263461232,-0.030677677502103103
40597.27455046591,-0.030309957967052048
40630.72275480862,-0.029932303869727964
40697.61916349404,-0.02914742806134421
40831.41198086488,-0.027461320692822623
40864.25118327639,-0.027024201036569877
40897.0903856879,-0.026578079861360595
40962.76879051091,-0.025659208296325876
41094.12560015694,-0.02371787092594657
41356.83921944901,-0.01944888083137738
41882.26645803313,-0.009933633865852755
41915.10566044464,-0.009293840193797948
41947.94486285615,-0.008649912555406153
42013.62326767916,-0.007350592826114737
42144.98007732519,-0.004793977248187845
42407.69369661726,0.00042619829378605324
42933.12093520138,0.010767693564328213
42963.756747926585,0.011352061852077659
42994.39256065179,0.011934541129388038
43055.66418610219,0.013092509918914393
43178.20743700301,0.015361465913768312
43423.293938804636,0.019537512173325382
43453.92975152984,0.020043341611175765
43484.56556425504,0.020544125908089253
43545.837189705446,0.021528671112902697
43668.38044060626,0.023386920831058994
43699.01625333147,0.023816792585222114
43729.652066056675,0.02424218732952518
43790.92369150708,0.025077202176244373
43913.46694240789,0.026666856389728783
43944.10275513309,0.027043768278443805
43974.738567858294,0.027411146629001983
44036.0101933087,0.028105517549300355
44066.6460060339,0.0284252392374589
44097.281818759104,0.028738544014502595
44158.553444209516,0.02934245189293614
44189.189256934726,0.029631291812313477
44219.82506965993,0.029910192642641716
44281.09669511033,0.03043453123872959
44311.732507835535,0.0306781309229681
44342.36832056074,0.03090812044114741
44403.63994601114,0.03132112669068645
44434.275758736345,0.03150886126903639
44464.91157146155,0.03168650645961808
44495.54738418675,0.031852792775745035
44526.18319691196,0.032006446030730676
44556.81900963717,0.03214619125174956
44587.45482236237,0.032270756777438625
44618.090635087574,0.03237887853137942
44648.726447812776,0.03246930446155531
44679.36226053798,0.03254144215798073
44709.99807326318,0.03261327405002303
44740.63388598838,0.03267197019155835
44771.269698713586,0.03271574373853711
44801.90551143879,0.03274282208479432
44832.54132416399,0.03275145341112946
44863.17713688919,0.032739913526809966
44893.8129496144,0.03270651297982419
44927.02853591861,0.03264368807195052
44960.24412222281,0.03255876566281065
44993.459708527014,0.03249459055816757
45026.67529483122,0.03240670609181598
45059.89088113543,0.03229201068505785
45093.10646743963,0.03214749304626986
45126.32205374384,0.03197024910609137
45159.537640048045,0.031757499584437826
45192.75322635225,0.03150534266105036
45225.96881265646,0.03131653585200253
45259.18439896066,0.031093293324947754
45292.39998526486,0.03083154325203451
45325.61557156907,0.030527421520602272
45358.83115787327,0.030177299257628444
45392.046744177474,0.029777811102151112
45425.26233048168,0.02938163972087568
45458.47791678589,0.02904226289030472
45491.69350309009,0.02864896356146702
45524.9090893943,0.02819683533946674
45558.124675698506,0.027681415625382753
45591.34026200271,0.027098730308440143
45624.55584830692,0.026592155514263974
45657.77143461112,0.026101487414289262
45690.98702091532,0.025529938768283397
45724.20260721953,0.024872098390734648
45757.41819352373,0.024123388630490517
45790.633779827935,0.023378101992849586
45823.84936613214,0.022768051643780034
45857.06495243635,0.02204190788615505
45890.28053874055,0.021193966854015943
45956.711711348966,0.01942610713908438
45989.92729765317,0.01860856661157019
46023.14288395738,0.017622366571404008
46056.358470261584,0.01646390342919428
46089.57405656579,0.015379567196569155
46122.78964287,0.014424003951160698
46156.0052291742,0.013231838572711069
46189.2208154784,0.011802897229687033
46222.43640178261,0.010671337124637803
46255.651988086815,0.00942030393567329
46288.86757439101,0.007844076626100545
46322.08316069522,0.00622928096760582
46355.298746999426,0.004877687464826768
46388.51433330363,0.0030795209534464976
46421.72991960784,0.0012265566661015803
46488.16109221625,-0.002644377354632854
46521.37667852046,-0.00468017168531322
46554.59226482466,-0.006879454440848927
46587.80785112887,-0.009580649903939021
46621.023437433076,-0.011831590496655112
46654.23902373728,-0.015101605170597943
46687.45461004149,-0.017705594151166865
46720.67019634569,-0.021575250807271573
46753.88578264989,-0.02456420726878883
46787.1013689541,-0.028915112588054466
46820.3169552583,-0.03295875597418503
46853.532541562505,-0.037663531456695626
46886.74812786671,-0.043505992255231725
46919.96371417092,-0.04892666817123321
46953.17930047512,-0.05564817199142268
46986.39488677933,-0.06339385080185028
47019.610473083536,-0.07197902603517256
47050.622669701435,-0.0806053852876228
47081.634866319335,-0.09021705719030194
47112.647062937234,-0.10052685879382246
47143.65925955514,-0.11093131998779933
47174.67145617305,-0.11992363491651242
47205.68365279095,-0.12435149914565673
47236.69584940885,-0.11820401598919004
47267.708046026746,-0.09171653050357424
47298.720242644646,-0.033698390492701465
47329.732439262545,0.05552536577404543
47360.744635880445,0.1483569654718524
47391.756832498344,0.20262740314956967
47422.76902911624,0.20355651387447093
47453.78122573414,0.17057636793364675
47484.79342235204,0.1279979863935381
47515.80561896995,0.08907949894087344
47546.817815587856,0.05779739636992942
47577.830012205755,0.033929448887618785
47608.842208823655,0.016060536827908645
47639.854405441554,0.002517207368731525
47670.866602059454,-0.007702487438745437
47701.87879867735,-0.015264147385317693
47732.89099529525,-0.021280228865195733
47763.90319191315,-0.025765582156323182
47794.91538853105,-0.029244745503490245
47825.92758514895,-0.032103440496142964
47856.93978176685,-0.0342736576645143
47887.95197838476,-0.03592404083880683
47918.964175002664,-0.03722748455599097
47949.97637162056,-0.03824227994043136
47980.98856823846,-0.039088546092997375
48012.00076485636,-0.03971061844869887
48043.01296147426,-0.040154167281410934
48074.02515809216,-0.04045362768783499
48105.03735471006,-0.04063502020333644
48136.04955132797,-0.040718345482759176
48167.061747945874,-0.04071011767038903
48198.073944563774,-0.040665089610223526
48229.08614118167,-0.040540316071503914
48260.09833779957,-0.04034288584523433
48291.11053441747,-0.04012620929295695
48322.12273103537,-0.03985257709571259
48353.13492765327,-0.03953930639230087
48384.14712427117,-0.03919415670474238
48415.15932088907,-0.03881848176562956
48446.17151750697,-0.038411995976281796
48508.195910742776,-0.0375331376894942
48539.20810736068,-0.03704058010194718
48570.22030397858,-0.03655928695333292
48632.24469721438,-0.035499185824859905
48756.29348368598,-0.0331964491908517
49004.39105662919,-0.028060985783052616
49034.794251315885,-0.02736029914695173
49065.19744600258,-0.026683953114986957
49126.00383537598,-0.025307595283473754
49247.61661412277,-0.022472086759872875
49490.842171616365,-0.016636662880217305
49977.29328660354,-0.004641244051418202
50007.69648129024,-0.00392077996168844
50038.09967597693,-0.0031568727373030092
50098.90606535033,-0.0016721146904344246
50220.518844097125,0.0012387980598525545
50463.74440159072,0.00684995790186002
50494.14759627741,0.007544873540798344
50524.55079096412,0.00822668397856996
50585.35718033751,0.009549991018459571
50706.96995908431,0.012157155938399583
50950.19551657789,0.017009574701423807
50983.17848484359,0.017623038368248696
51016.16145310929,0.018249196349193933
51082.12738964069,0.01945686736085279
51214.05926270349,0.021708209119579838
51247.04223096919,0.022258833694889204
51280.02519923489,0.02279456188860231
51345.99113576629,0.023821359919090894
51477.92300882909,0.025737502778338858
51510.90597709479,0.026191556148162626
51543.88894536049,0.026630761988581036
51609.85488189189,0.027464932314437206
51642.83785015759,0.027861528065066782
51675.82081842329,0.02825883049276034
51741.78675495469,0.029008772234719676
51774.769723220394,0.02936156503519533
51807.752691486094,0.029699700440515946
51873.718628017494,0.030336965521550893
51906.701596283194,0.030644012868157773
51939.684564548894,0.03093625491953824
52005.6505010803,0.031476724983198395
52038.63346934601,0.03172518302093602
52071.61643761171,0.031959294430551746
52104.59940587741,0.03218492781120293
52137.58237414311,0.03239936120857714
52170.56534240881,0.032599198093740796
52203.54831067451,0.03278455770820575
52236.53127894021,0.032955568180748615
52269.51424720591,0.03311236593492991
52302.49721547161,0.03325509509854927
52335.48018373731,0.03338658576195835
52368.46315200301,0.03350906968706682
52401.44612026871,0.033617140261626675
52434.42908853441,0.03371092596868261
52467.41205680011,0.03379056224953665
52500.39502506581,0.03385619101538236
52533.37799333151,0.03390796016244922
52566.36096159721,0.033946023091461296
52599.34392986291,0.0339705382321713
52632.32689812861,0.033981668573685966
52665.30986639431,0.033983816396740314
52698.29283466001,0.033973093064874345
52731.27580292571,0.03394861769123615
52764.25877119141,0.03391054120309483
52797.24173945711,0.03385901913957434
52830.22470772281,0.033794211269238636
52863.20767598851,0.03371628121312216
52896.19064425421,0.03362539607370314
52929.17361251991,0.033521726070293634
52962.15658078561,0.03340544418127866
52995.13954905131,0.03327845001005059
53028.12251731701,0.033139086363013895
53061.10548558271,0.032986914168648636
53091.88506416211,0.032833504042974235
53122.6646427415,0.03266922830324944
53184.2237999003,0.03230865254809124
53215.00337847969,0.03211264323193844
53245.782957059084,0.03190634930180582
53307.34211421788,0.0314635945728173
53338.12169279727,0.0312274878849277
53368.90127137667,0.030981194146625687
53430.46042853546,0.030458650242443836
53553.578742853046,0.02929804502925568
53584.358321432446,0.02898473752725698
53615.13790001184,0.028662482674157976
53676.69705717063,0.027990399823754213
53799.815371488214,0.026540618434983416
53830.59495006761,0.026157257366449603
53861.37452864701,0.025765860297167285
53922.933685805794,0.024959621739125446
54046.05200012338,0.0232534278981034
54076.83157870278,0.022808195677026827
54107.611157282176,0.02235598710303804
54169.17031444097,0.021431332884730373
54292.28862875855,0.01950592057343338
54538.52525739372,0.015370412580669195
55030.99851466405,0.00628020251496126
55064.35786682245,0.005638787964286877
55097.71721898085,0.004995453816695214
55164.43592329764,0.003701060103497172
55297.87333193123,0.001093881111755898
55564.74814919841,-0.004126123616646497
55598.107501356804,-0.004774797812066908
55631.4668535152,-0.005422317584735778
55698.185557831996,-0.006714623314845634
55831.622966465584,-0.009270893839965247
56098.49778373277,-0.014222595945682216
56131.85713589117,-0.014822924069042905
56165.21648804957,-0.015419033593567801
56231.93519236636,-0.016595694797627666
56365.37260099995,-0.01888140184234289
56398.73195315835,-0.01943764748717619
56432.091305316746,-0.019987454872716658
56498.81000963354,-0.021067042578155233
56632.24741826713,-0.023141616080162804
56665.606770425526,-0.023641964817890895
56698.96612258392,-0.02413448135816841
56765.68482690072,-0.02509537682818632
56899.122235534305,-0.02691628272377024
56932.4815876927,-0.027349620689055228
56965.8409398511,-0.02777391591118924
57032.55964416789,-0.02859482622996125
57165.99705280149,-0.030122477829403922
57198.74740302868,-0.03047334862678076
57231.497753255884,-0.03081450703605089
57296.99845371027,-0.03146725282120303
57329.748803937466,-0.03177863041201471
57362.49915416466,-0.032079876085339264
57427.99985461905,-0.03265158400874066
57460.75020484624,-0.032921859778653396
57493.500555073435,-0.03318163071273381
57559.00125552783,-0.03366931793160371
57591.751605755024,-0.033897071713333275
57624.501955982225,-0.03411410895599539
57690.00265643661,-0.03451495939301674
57722.75300666381,-0.03469890708106549
57755.503356891,-0.034871783728547656
57788.2537071182,-0.035033528681760615
57821.004057345395,-0.03518408440321165
57853.75440757259,-0.03532339649451528
57886.50475779979,-0.03545141371961236
57919.255108026984,-0.035568088028305536
57952.00545825418,-0.03567337458009973
57984.75580848137,-0.035767231768340416
58017.506158708566,-0.03584962124463499
58050.25650893576,-0.03592050794354372
58083.00685916295,-0.03597986010752535
58115.75720939015,-0.03602764931211942
58148.50755961734,-0.03606373052867172
58181.25790984454,-0.03608835852002026
58214.008260071736,-0.036101467440544814
58246.75861029893,-0.036103042055303916
58279.50896052613,-0.03609307033282816
58312.259310753325,-0.036071543472241514
58345.00966098052,-0.036038455930793335
58377.76001120771,-0.03599380545177029
58410.51036143491,-0.035937593092756286
58443.2607116621,-0.03586982325420146
58476.011061889294,-0.035790503708266794
58508.76141211649,-0.035699645627900914
58541.51176234368,-0.03559726361610916
58574.26211257088,-0.03548337573537285
58607.01246279808,-0.035358003537168683
58639.76281302527,-0.03522117209154764
58672.51316325247,-0.03507291001671622
58738.01386370686,-0.03474222637016243
58770.76421393405,-0.03455988004093307
58803.51456416125,-0.03436625362584384
58869.01526461564,-0.03394535145792704
58901.765614842836,-0.03371905410416698
58934.51596507004,-0.03348252576207987
59000.016665524425,-0.03297712265488056
59032.76701575162,-0.03270836720395476
59065.51736597881,-0.03242899436075989
59131.0180664332,-0.03183867282731665
59262.01946734198,-0.030533858274985715
59292.56642788288,-0.030206239786710887
59323.113388423764,-0.029869940467206143
59384.20730950555,-0.02917161637203535
59506.395151669116,-0.027674446972541292
59750.77083599624,-0.024317772958760187
59781.31779653713,-0.023867147043374396
59811.86475707802,-0.023409567636616887
59872.958678159805,-0.022473985458441613
59995.14652032337,-0.020524349713006568
60239.52220465049,-0.01633947898694702
60270.06916519138,-0.01579228155521377
60300.616125732275,-0.015240226691877431
60361.710046814056,-0.014122177230737108
60483.89788897762,-0.01186693241593609
60728.273573304745,-0.007178489692714339
61217.024941958996,0.002500861876821444
61250.15167607889,0.003158264618575424
61283.27841019878,0.003815014804007686
61349.53187843857,0.005125487271367698
61482.03881491814,0.007726546460906849
61747.05268787728,0.012719342641503019
61780.17942199717,0.013327791780977405
61813.30615611706,0.013931776114618077
61879.55962435685,0.015125103288970182
62012.06656083642,0.017426232108429068
62277.08043379556,0.021691995827079546
62310.207167915454,0.02219178965461215
62343.333902035345,0.022682974749628708
62409.587370275134,0.023632022368881095
62542.094306754705,0.02540537118192277
62575.221040874596,0.025825976339424964
62608.34777499449,0.026236705796504802
62674.601243234276,0.027026924718866887
62807.10817971385,0.028466575874177374
62840.23491383374,0.02879525550018771
62873.36164795363,0.029112948268056146
62939.61511619342,0.02971353061048856
62972.74185031331,0.029995485450700268
63005.86858443321,0.030264585935274292
63072.12205267299,0.030762317064417767
63105.24878679288,0.030989991343918156
63138.37552091277,0.031202900839718623
63171.50225503266,0.0314041145635184
63204.62898915255,0.031592098125164975
63237.75572327244,0.031766576252471396
63270.882457392334,0.03192698455558737
63304.00919151223,0.03207275713432157
63337.13592563212,0.03220332815562285
63368.059270065714,0.032310998017456447
63398.9826144993,0.032404473409198
63429.90595893289,0.032483301849622226
63460.82930336648,0.03255032247339444
63491.752647800065,0.03261012842120099
63522.67599223366,0.032656594348587656
63553.59933666725,0.03268915718855002
63584.52268110083,0.032707257012357216
63615.44602553442,0.03271033867967336
63646.36936996801,0.03269785353293406
63677.2927144016,0.03266926113319521
63708.21605883518,0.03262403103426017
63739.13940326877,0.03256164459145962
63770.06274770236,0.03249024329573644
63800.98609213595,0.032418076629182606
63831.909436569535,0.032330280084359814
63862.83278100312,0.032226147098832834
63893.75612543671,0.03210498444642504
63924.6794698703,0.03196611474365295
63955.602814303886,0.03180887900734011
63986.52615873747,0.03163263925688196
64017.44950317106,0.03143678115381675
64079.29619203824,0.031011964649890544
64110.21953647182,0.030797872943402468
64141.14288090541,0.030564502135015728
64172.066225339004,0.030311011142730895
64202.98956977259,0.030036593141942167
64233.91291420618,0.029740479284108168
64264.83625863977,0.02942194245226086
64326.682947506946,0.028752707076637622
64357.60629194054,0.028421393107344532
64388.52963637412,0.02806677063381493
64450.376325241305,0.027283855480367825
64481.29966967489,0.02685385354314899
64512.22301410848,0.026397134859699106
64574.069702975656,0.025501728366120587
64604.99304740924,0.025042514000685478
64635.91639184283,0.024554148400427543
64697.76308071001,0.023486230350362694
64821.45645844436,0.02124334458819648
64852.37980287794,0.02062583612111057
64883.30314731153,0.01997133905772904
64945.14983617871,0.018630492554937768
65068.84321391306,0.015852752290106794
65099.766558346644,0.015044758344554373
65130.689902780236,0.014284040452260966
65192.53659164741,0.012776092353819522
65316.22996938177,0.009375622717061164
65346.54431188415,0.008511911089366666
65376.85865438654,0.007581287791533961
65437.487339391315,0.0056967205114657245
65558.74470940085,0.0017491172912713609
65589.05905190323,0.0007835634435377856
65619.37339440561,-0.0002854225482462249
65680.00207941039,-0.002548373486007201
65801.25944941994,-0.007201719013824324
65831.57379192233,-0.008349667793404146
65861.88813442472,-0.009656918123852675
65922.5168194295,-0.012204389864124223
66043.77418943903,-0.017876413102710955
66074.08853194141,-0.019373965162018406
66104.4028744438,-0.020836436739738957
66165.03155944857,-0.024045154992315135
66286.28892945813,-0.031217414527765115
66316.60327196051,-0.032960323719983045
66346.9176144629,-0.03514176895122215
66407.54629946768,-0.03930418005135493
66437.86064197007,-0.04134189640424249
66468.17498447245,-0.043711235850040595
66528.80366947722,-0.048548452543065786
66559.11801197959,-0.05134127172232433
66589.43235448198,-0.053942505217673936
66650.06103948675,-0.05969164477048776
66680.37538198914,-0.06276900505175795
66710.68972449153,-0.06585227064543475
66741.00406699392,-0.06892149248885455
66771.3184094963,-0.07187483354287458
66801.6327519987,-0.07455465964654802
66831.94709450108,-0.07670047404802445
66862.26143700347,-0.07779321941565909
66892.57577950585,-0.07695686426766467
66922.89012200822,-0.07274056552011357
66953.2044645106,-0.0628292423732379
66983.518807013,-0.04396585224850841
67013.83314951538,-0.01080732389113091
67044.14749201777,0.04152671119341997
67074.46183452016,0.11254444679306772
67104.77617702255,0.18632374403586516
67135.09051952494,0.22836492617937643
67165.40486202732,0.2143383495014418
67195.71920452971,0.15748387274907805
67226.0335470321,0.0902070949426581
67256.34788953447,0.034137113979225295
67289.24200561587,-0.00826178518272598
67322.13612169726,-0.034636252122649515
67355.03023777864,-0.05015705176532059
67387.92435386003,-0.05870640957396242
67420.81846994141,-0.0631107044782304
67453.7125860228,-0.06489390634335349
67486.60670210418,-0.06501431824276796
67519.50081818557,-0.06419791385904065
67552.39493426695,-0.06284541032912125
67585.28905034834,-0.06111842540786063
67618.18316642972,-0.05921552486418103
67651.07728251112,-0.057199451452641686
67782.65374683667,-0.04902678793388614
67815.54786291806,-0.047045840875045604
67848.44197899944,-0.04516259326059848
67914.23021116223,-0.04135907853214922
68045.80667548778,-0.03441097424346886
68078.70079156916,-0.0327833189095932
68111.59490765055,-0.031246103904329203
68177.38313981332,-0.028109642759557282
68308.95960413887,-0.022217425645908024
68341.85372022027,-0.020818840247651387
68374.74783630166,-0.019438056638046354
68440.53606846443,-0.016757453716742386
68572.11253278996,-0.011657884457706826
68605.00664887135,-0.010439645086709307
68637.90076495273,-0.009287020663339484
68703.68899711552,-0.006903986578585837
68835.26546144107,-0.002412667680795743
68868.15957752246,-0.0013240374023126278
68901.05369360384,-0.0003179521628357946
68966.84192576662,0.0017964594104753723
69098.41839009218,0.005721752918248299
69361.57131874327,0.01281896244362424
69392.26204513834,0.013574448818171629
69422.95277153343,0.014292188502998663
69484.3342243236,0.0157500364958677
69607.09712990394,0.018449084157198065
69637.78785629902,0.01909941935295697
69668.47858269411,0.0197199243459567
69729.86003548426,0.020914944856453427
69852.62294106459,0.02314626968315306
69883.31366745968,0.023682534580612032
69914.00439385476,0.024193786437045846
69975.38584664493,0.025143362740389603
70006.07657304002,0.025619188538472143
70036.7672994351,0.026073180935411895
70098.14875222526,0.026913347417179843
70128.83947862033,0.027308851455071684
70159.53020501541,0.027711678792305728
70220.91165780558,0.02845304782480646
70251.60238420067,0.028792581973754876
70282.29311059575,0.02911207639780178
70343.67456338592,0.02972523684057908
70374.36528978101,0.030017656974195936
70405.0560161761,0.03029061120607382
70435.74674257118,0.03054457479567694
70466.43746896627,0.03078004898606305
70497.12819536135,0.030997558654595143
70527.81892175644,0.03120807837151596
70558.50964815152,0.03141172321507901
70589.20037454659,0.03159725557916558
70619.89110094166,0.031765112562213906
70650.58182733675,0.03191574877114821
70681.27255373183,0.03204963445214289
70711.96328012692,0.03216725364357425
70742.654006522,0.03228229830108832
70773.34473291709,0.032381277760666884
70804.03545931217,0.0324637287219038
70834.72618570726,0.03253006644230252
70865.41691210234,0.03258071624430272
70896.10763849743,0.03261611204650381
70926.79836489251,0.032640347980435344
70957.4890912876,0.03265462289143496
70988.17981768269,0.03265342634737545
71018.87054407777,0.0326371409845084
71049.56127047286,0.03260615560360898
71080.25199686793,0.03256086399933532
71110.942723263,0.03250166381478775
71141.63344965808,0.032433149526059656
71172.32417605317,0.03235097721101363
71203.01490244825,0.03225470907376726
71233.70562884334,0.03214470450905544
71264.39635523842,0.03202132540863344
71295.08708163351,0.03188493525053582
71325.7778080286,0.031736646551092734
71359.04830800268,0.0315629568649907
71392.31880797676,0.031373905755894854
71425.58930795084,0.03116992129828674
71458.85980792494,0.03095143245817288
71492.13030789903,0.030718868015581824
71525.40080787311,0.030472528782620995
71591.94180782128,0.029939847279448713
71625.21230779536,0.029652529943446537
71658.48280776944,0.029351760153281545
71725.02380771762,0.028711452878314156
71858.10580761396,0.02728337419288507
71891.37630758804,0.026894919854069114
71924.64680756212,0.02649476691763434
71991.1878075103,0.025660847595466028
72124.26980740664,0.023868746336053643
72390.43380719931,0.01980251632053272
72423.70430717341,0.01925728626380347
72456.97480714749,0.01870057256702913
72523.51580709565,0.01756371174643793
72656.59780699198,0.015210842756434346
72922.76180678466,0.010223326782533348
73455.08980637003,-0.0004004468544699614
73486.15691665781,-0.0010300659676433267
73517.2240269456,-0.00165897127122293
73579.35824752116,-0.002913778669747756
73703.62668867227,-0.0054099774208932055
73952.16357097452,-0.01030992015285808
73983.2306812623,-0.010907695561859384
74014.29779155008,-0.011501559977783703
74076.43201212565,-0.012676825118016839
74200.70045327676,-0.01498277892462157
74449.237335579,-0.019339737208220822
74480.30444586679,-0.019856575952186862
74511.37155615457,-0.020366714403254754
74573.50577673013,-0.02136684050228602
74697.77421788125,-0.023286623077076133
74728.84132816902,-0.023747398560443462
74759.9084384568,-0.02420022600379683
74822.04265903236,-0.025081501833540496
74946.31110018349,-0.026742966056292925
74977.37821047127,-0.0271365640337203
75008.44532075906,-0.027521224133717017
75070.57954133462,-0.02826475871114549
75101.6466516224,-0.028622806455831498
75132.71376191018,-0.02897139683239212
75194.84798248573,-0.02963979908184219
75225.9150927735,-0.02995941561460192
75256.98220306128,-0.030269184078585712
75319.11642363685,-0.030858820480600416
75443.38486478798,-0.03191617034937477
75473.84297314455,-0.03215008505008877
75504.30108150114,-0.03237421674978741
75565.2172982143,-0.03279188619003995
75595.67540657087,-0.032985293403405565
75626.13351492745,-0.03316834232166273
75687.04973164061,-0.03350316283884838
75717.50783999718,-0.033654840471357
75747.96594835377,-0.033795971868191145
75778.42405671036,-0.03392651728001193
75808.88216506693,-0.03404643984546336
75839.3402734235,-0.03415570558874796
75869.79838178007,-0.034254283417663955
75900.25649013664,-0.03434214512211652
75930.71459849323,-0.03441926537312115
75961.17270684981,-0.03448568600828835
75991.63081520639,-0.03454123587483743
76022.08892356296,-0.034585981867675517
76052.54703191953,-0.034619910211859284
76083.0051402761,-0.03464301002480516
76113.46324863269,-0.03465527331842959
76143.92135698927,-0.03465669500182478
76174.37946534585,-0.03464727288447024
76204.83757370242,-0.0346270076799776
76235.295682059,-0.0345959030103664
76265.75379041559,-0.03455396541086459
76296.21189877216,-0.03450120433522679
76326.67000712873,-0.0344376321615611
76357.12811548532,-0.03436326419865235
76387.5862238419,-0.03427811869277095
76418.04433219848,-0.03418214094751064
76448.50244055505,-0.034075598917596525
76478.96054891164,-0.03395840110938055
76509.41865726822,-0.03383057696336543
76539.8767656248,-0.03369215878521223
76570.33487398137,-0.033543181756262815
76600.79298233795,-0.03338368394455168
76661.70919905111,-0.03303329274770902
76692.16730740768,-0.032842490037480125
76722.62541576427,-0.032641347919259156
76783.54163247743,-0.03220825914690029
76813.999740834,-0.031976426753575066
76844.45784919057,-0.031734483501144294
76905.37406590373,-0.031219590997838047
76935.83217426031,-0.03094852820245951
76966.29028261689,-0.030667758873893072
77027.20649933003,-0.03007739294972979
77149.03893275635,-0.028783555659353345
77179.49704111292,-0.028437025018992
77209.9551494695,-0.028081446195349635
77270.87136618266,-0.027343528134635517
77392.70379960898,-0.025763506332029347
77425.74168154456,-0.025311805700480222
77458.77956348014,-0.02485046694219773
77524.8553273513,-0.023899491702338904
77657.00685509361,-0.02189410006413346
77921.30991057826,-0.017514330577826524
77954.34779251384,-0.01693397104391375
77987.38567444941,-0.016346930348695228
78053.46143832058,-0.015153610003712539
78185.61296606291,-0.012695892366995481
78449.91602154754,-0.007576263472032014
78482.95390348313,-0.006922176973860751
78515.99178541871,-0.006264986965156303
78582.06754928986,-0.004942241063615675
78714.21907703218,-0.0022701660867269946
78978.52213251681,0.0031026302800461142
79507.12824348609,0.01347641176456202
79537.96273573537,0.014044657795097943
79568.79722798464,0.014608828107142854
79630.46621248318,0.015723950485105113
79753.80418148029,0.017894105836147832
79784.63867372955,0.01842256737053492
79815.47316597884,0.018944845773293934
79877.14215047739,0.019969716105061736
80000.4801194745,0.021919682519657705
80031.31461172376,0.022385238063461356
80062.14910397305,0.022843544302536524
80123.8180884716,0.02373723744095222
80247.1560574687,0.025424463591814654
80277.99054971797,0.025823584294134835
80308.82504196725,0.026212991815144485
80370.4940264658,0.026961365837372457
80493.83199546291,0.02832042389570019
80524.66648771218,0.02863475638621654
80555.50097996146,0.02893854059901469
80617.16996446002,0.02951303317540832
80648.00445670928,0.02978301767419856
80678.83894895857,0.03004100749141017
80740.50793345712,0.030519533208239358
80771.34242570639,0.03073929952218808
80802.17691795567,0.03094744403181828
80833.01141020496,0.03114401732238917
80863.84590245422,0.03132860106985742
80894.6803947035,0.03150077331158577
80925.51488695278,0.03166010941157135
80956.34937920206,0.03180618306309902
80987.18387145133,0.03193856732807914
81018.0183637006,0.03205683571213888
81048.85285594988,0.03216056327433879
81079.68734819916,0.03224932777017837
81110.52184044843,0.03232271082633827
81141.3563326977,0.03238029914539043
81172.19082494699,0.032436515508817765
81203.02531719627,0.0324760424709013
81233.85980944554,0.032501101642818754
81264.6943016948,0.032511172966320154
81295.52879394409,0.03250574005433629
81326.36328619337,0.03248429183221703
81357.19777844264,0.0324463242219074
81388.03227069191,0.032391341866205646
81418.86676294118,0.0323188598898335
81449.70125519045,0.03222976195057295
81480.53574743973,0.032143976195130056
81513.95001326801,0.03203275155516667
81547.36427909628,0.03190173605416105
81580.77854492456,0.031750128744707486
81614.19281075284,0.03157714863692225
81647.60707658112,0.0313820383940011
81681.0213424094,0.031164068097705517
81714.43560823768,0.03092253907181053
81747.84987406596,0.03065678775013153
81781.26413989424,0.0304146713283438
81814.67840572252,0.030145078642297866
81848.09267155078,0.029851988825276794
81881.50693737906,0.029534464452717173
81914.92120320734,0.029191615178745245
81948.3354690356,0.028822603133470043
82015.16400069217,0.02802521005823691
82048.57826652045,0.02763627262121163
82081.99253234873,0.027220250641687833
82148.82106400529,0.02630260975761448
82182.23532983357,0.025799032050965752
82215.64959566185,0.025264467163635528
82282.47812731839,0.02419362553508013
82315.89239314667,0.023651645702888434
82349.30665897494,0.02307586270334603
82416.1351906315,0.021818718414583146
82549.79225394462,0.01915975062071788
82583.2065197729,0.018432329887594207
82616.62078560118,0.0176621502416104
82683.44931725772,0.016084107811824726
82817.10638057083,0.012760083690384881
82850.5206463991,0.011856160762877235
82883.93491222739,0.011022416542125381
82950.76344388395,0.009164877712666024
83084.42050719705,0.005193646223594443
83117.83477302533,0.004109202243495471
83151.2490388536,0.002948006449012908
83218.07757051016,0.0008782887921102833
83351.73463382327,-0.003802752554122801
83619.04876044948,-0.01444197054685879
83651.85402434657,-0.016026393310437072
83684.65928824364,-0.017342063383930868
83750.26981603779,-0.020494680539238138
83783.07507993486,-0.02190189135592913
83815.88034383193,-0.02357780827469399
83881.49087162608,-0.026822277657822337
83914.29613552315,-0.028708896091091257
83947.10139942024,-0.030373265739732636
84012.71192721438,-0.0340923648901344
84143.93298280268,-0.04220667302898614
84176.73824669977,-0.04454988711175347
84209.54351059684,-0.04667828909105952
84275.15403839099,-0.0515222151010002
84307.95930228806,-0.053961242211365584
84340.76456618513,-0.05651885780257271
84406.37509397928,-0.0617238021669047
84439.18035787635,-0.06424617542069756
84471.98562177343,-0.06662295645620062
84504.7908856705,-0.06866397666067602
84537.59614956757,-0.07006678397683129
84570.40141346466,-0.07036004126577562
84603.20667736173,-0.06905444556227588
84636.0119412588,-0.06464625646462369
84668.81720515588,-0.05462837732852451
84701.62246905296,-0.036494702875846975
84734.42773295003,-0.00440262464712278
84767.2329968471,0.046902949056034676
84800.03826074419,0.11820882691211075
84832.84352464126,0.19262164732674564
84865.64878853832,0.23072163108878674
84898.45405243541,0.2028545445829745
84931.25931633248,0.12940024623533947
84964.06458022955,0.053006423165205596
84996.86984412663,-0.003360351012062765
85029.6751080237,-0.038676700890684014
85062.48037192077,-0.05861538137777911
85095.28563581785,-0.06870731402151942
85128.09089971492,-0.07312197736810792
85160.896163612,-0.07417176190098722
85193.70142750908,-0.07327619366508266
85226.50669140616,-0.07130547267819773
85259.31195530323,-0.06873718609384717
85292.1172192003,-0.06591140964393306
85324.92248309738,-0.06294382441508918
85357.72774699447,-0.05994833849288596
85390.53301089154,-0.05699939558205868
85456.14353868569,-0.051366950712806586
85488.94880258277,-0.04870552170525659
85521.75406647984,-0.04614844330907143
85587.364594274,-0.04127771471711444
85718.58564986229,-0.03248179274057654
85749.18752407306,-0.030587956696211088
85779.78939828384,-0.028822892225951493
85840.99314670538,-0.025280748042718862
85963.40064354846,-0.018829738675372673
85994.00251775923,-0.017360745947751017
86024.60439197,-0.015829468764184135
86085.80814039154,-0.012976653684448076
86208.21563723462,-0.007655182104164765
86238.81751144539,-0.0063873768756299715
86269.41938565616,-0.005165318631917507
86330.6231340777,-0.0027786485583629313
86453.03063092078,0.0017935331108792567
86483.63250513155,0.0028169476239088007
86514.23437934232,0.003874270684901982
86575.43812776386,0.005924903617515074
86697.84562460694,0.009704330458938272
86728.44749881771,0.010651093212573216
86759.04937302848,0.01154532930809691
86820.25312145002,0.013233548822464199
86942.6606182931,0.016432034737476828
86973.26249250387,0.01717724741524209
87003.86436671464,0.01787715328709725
87065.06811513618,0.019310275392535277
87187.47561197927,0.021899094086514918
87218.07748619004,0.02248772777315224
87248.67936040083,0.023041553242807662
87309.88310882237,0.0241743627597898
87340.48498303314,0.024705158878104913
87371.0868572439,0.025204807811906156
87432.29060566545,0.026152439274783123
87462.89247987622,0.02662006737851076
87493.49435408699,0.02705929581442788
87554.69810250853,0.02785613052094406
87585.2999767193,0.02824413779360556
87615.90185093007,0.028619269930971813
87677.1055993516,0.029293893499227768
87710.28724714139,0.02961943549911872
87743.46889493115,0.02994441582981202
87776.65054272092,0.030248340666469795
87809.8321905107,0.03052531518834489
87843.01383830047,0.030776341602750893
87876.19548609023,0.03100723060318309
87909.37713388001,0.031232460041456727
87942.55878166978,0.031432511058967154
87975.74042945955,0.03160828359186761
88008.92207724933,0.0317607109693798
88042.1037250391,0.03190067168459843
88075.28537282886,0.03202426959784314
88108.46702061864,0.032125039472915506
88141.64866840841,0.03220381939108292
88174.83031619817,0.03226146662455639
88208.01196398796,0.03230690756019832
88241.19361177774,0.032336680767708126
88274.3752595675,0.03234518389488144
88307.55690735727,0.03233315723147515
88340.73855514705,0.03230135235902258
88373.92020293683,0.03225052902412403
88407.1018507266,0.0321814521032751
88440.28349851636,0.03210241523006445
88473.46514630615,0.032004167007295733
88506.64679409593,0.031887082090484624
88539.8284418857,0.03175181748171536
88573.01008967546,0.031599032801570774
88606.19173746524,0.03142938802813766
88639.373385255,0.031243541317211205
88672.55503304477,0.031044147275151826
88738.91832862432,0.03059447606677718
88772.09997641409,0.03034533405313443
88805.28162420387,0.03008076725264523
88871.6449197834,0.029507673111627886
88904.82656757318,0.0291986738146528
88938.00821536295,0.028874702643701684
89004.3715109425,0.028183946850935677
89037.55315873228,0.027818213344415477
89070.73480652204,0.027439600076662164
89137.09810210159,0.02664186686577763
89269.82469326069,0.024891937123729526
89303.00634105047,0.02442599996526307
89336.18798884023,0.02394960865947646
89402.55128441978,0.022955990491505856
89535.27787557886,0.02085008512128317
89800.73105789704,0.016204088644018642
89831.7093160005,0.015625626783088535
89862.68757410397,0.015041482873965874
89924.6440903109,0.013857434681297442
90048.55712272477,0.011435009464680707
90296.38318755252,0.006402317410725901
90792.035317208,-0.0039648817943809846
90823.01357531147,-0.004607171020859952
90853.99183341494,-0.005247081987578804
90915.94834962187,-0.006526809479566248
91039.86138203576,-0.009050535277384567
91287.6874468635,-0.013903544436949768
91318.66570496697,-0.014489413309402973
91349.64396307044,-0.015069449843014329
91411.60047927737,-0.016211242399662526
91535.51351169124,-0.01841644366935425
91783.33957651899,-0.022486911620503446
91813.70883269125,-0.022950057030991004
91844.07808886352,-0.023404849408654095
91904.81660120806,-0.02428882371651164
92026.29362589712,-0.025954347010685185
92056.66288206939,-0.026347815227748622
92087.03213824164,-0.026731799397740542
92147.77065058617,-0.02747084749577422
92269.24767527524,-0.02883017296243633
92299.6169314475,-0.029144572621133045
92329.98618761977,-0.029449332227141876
92390.72469996431,-0.03002723068112848
92421.09395613658,-0.0303001900045931
92451.46321230884,-0.030562375318916233
92512.20172465337,-0.031054101775209682
92542.57098082564,-0.03128349016329221
92572.94023699789,-0.03150179901022403
92603.30949317015,-0.03170896020466717
92633.67874934242,-0.031904908922922096
92664.04800551469,-0.03208958362015093
92694.41726168696,-0.032262926022677337
92755.15577403149,-0.032575397166427
92785.52503020375,-0.032714425662773675
92815.89428637602,-0.03284192136749196
92846.26354254829,-0.032957968737478194
92876.63279872056,-0.03306224199587699
92907.00205489283,-0.033154860172392095
92937.37131106509,-0.03323579106154985
92967.74056723734,-0.03330500573004377
92998.10982340961,-0.03336247852174213
93028.47907958188,-0.03340818706406254
93058.84833575414,-0.03344211227571798
93089.2175919264,-0.033464238375838805
93119.58684809867,-0.033474552894467116
93149.95610427094,-0.03347304668442047
93180.32536044321,-0.03345971393451372
93210.69461661548,-0.033434552184128254
93241.06387278774,-0.033397562339110266
93271.43312896,-0.03334874868897857
93301.80238513227,-0.033288118925417165
93332.17164130454,-0.03321568416202467
93362.5408974768,-0.03313145895528824
93392.91015364908,-0.03303545646721737
93423.27940982133,-0.032928007155628033
93453.64866599359,-0.03280894288896599
93484.01792216586,-0.03267829044945509
93514.38717833813,-0.03253607989705196
93544.75643451039,-0.032382344600482144
93575.12569068265,-0.03221712126960067
93605.49494685492,-0.032040449989017616
93635.86420302719,-0.031852374252913755
93666.23345919946,-0.031652941000980456
93726.97197154399,-0.03122020715880808
93759.92100129524,-0.030966695341331854
93792.8700310465,-0.0307000833082095
93858.76809054904,-0.030127896810434807
93891.71712030031,-0.029822504288048144
93924.66615005158,-0.029504208808266773
93990.56420955411,-0.02883395879350799
94023.51323930538,-0.028480506272404955
94056.46226905665,-0.0281149779600054
94122.36032855918,-0.02734815089816164
94254.15644756425,-0.025674897033658894
94287.10547731552,-0.02522828666445694
94320.05450706679,-0.02477064869810408
94385.95256656932,-0.02382291681971235
94517.74868557439,-0.021809060723730365
94781.34092358453,-0.017352863504080124
94814.2899533358,-0.016757391929836985
94847.23898308707,-0.01615406176812429
94913.1370425896,-0.014924724294359749
95044.93316159467,-0.012390424701217043
95308.52539960481,-0.007092529389731459
95835.70987562509,0.004035310476080901
95866.45551569006,0.004687137896163919
95897.20115575501,0.00533830863510497
95958.69243588494,0.006637512833821542
96081.6749961448,0.00921479091780254
96327.6401166645,0.014123152939137837
96358.38575672946,0.014720143754176794
96389.13139679443,0.015312607822454975
96450.62267692435,0.016482532272895426
96573.60523718421,0.01875190078957249
96819.57035770391,0.02286157539235823
96850.31599776886,0.023339172983369738
96881.06163783383,0.023808184380128113
96942.55291796377,0.024718600095051994
96973.29855802873,0.025159055703853045
97004.04419809369,0.025589029217963462
97065.53547822361,0.02641554187157837
97096.28111828858,0.026807178340312418
97127.02675835355,0.027182062248583883
97188.51803848347,0.02790319741072711
97311.50059874333,0.029214999856199377
97342.2462388083,0.029512301562871417
97372.99187887325,0.029796113552481893
97403.7375189382,0.030065807372415793
97434.48315900317,0.030320749470272974
97465.22879906814,0.030560302896142935
97495.9744391331,0.03078382907773132
97557.46571926303,0.031187589541052704
97588.21135932798,0.03137049843648875
97618.95699939295,0.03153962119849868
97649.70263945792,0.03169413666621115
97680.44827952288,0.03183321608447579
97711.19391958785,0.031956025745319035
97741.9395596528,0.03206172974831278
97772.68519971776,0.03214949287679356
97803.43083978273,0.03221848358584114
97837.75220102337,0.032272312023037424
97872.073562264,0.03229761890272684
97906.39492350465,0.0323273298299153
97940.71628474529,0.032336386959298496
97975.03764598593,0.032323185861524585
98009.35900722657,0.032286128762976235
98043.6803684672,0.03222363258038597
98078.00172970784,0.032134137298329674
98112.32309094848,0.0320161146664614
98146.64445218912,0.03186807718749196
98180.96581342976,0.031688587360890655
98215.2871746704,0.0314865950160285
98249.60853591104,0.03130761659391531
98283.92989715168,0.03110013298782812
98318.25125839232,0.030861948989099955
98352.57261963296,0.030590938540460574
98386.8939808736,0.03028505903310835
98421.21534211424,0.02994236601971131
98455.53670335488,0.02956102825639864
98489.85806459552,0.02914159406407875
98524.17942583616,0.02878726162826575
98558.5007870768,0.028394479936038598
98592.82214831744,0.027960422240118167
98627.14350955808,0.02748243949327539
98661.46487079872,0.026958083609152063
98695.78623203936,0.02638513108736134
98764.42895452064,0.025172060557187247
98798.75031576128,0.024615612153786708
98833.07167700192,0.024003235997083927
98867.39303824256,0.023331780211545812
98901.7143994832,0.022598495801979826
98936.03576072384,0.021801073448054042
98970.35712196448,0.02097554621208321
99004.67848320512,0.020280267239666486
99038.99984444576,0.01950805652470864
99073.3212056864,0.018655556006482665
99107.64256692704,0.017720136904698147
99176.28528940832,0.015690530479520112
99210.60665064896,0.014821225542768041
99244.9280118896,0.01384244927557419
99279.24937313024,0.012751907702634846
99313.57073437088,0.01154861761526495
99450.85617933344,0.006832226068352798
99485.17754057408,0.00535464915969135
99519.49890181472,0.004103609681477676
99588.141624296,0.0013426145178672237
99622.46298553664,-0.0003407882572565579
99656.78434677728,-0.0017342114776857757
99725.42706925856,-0.0050009051260953875
99759.7484304992,-0.006964549774480872
99794.06979173984,-0.008461276414459037
99828.39115298048,-0.01033509083371388
99862.71251422112,-0.012619827547022455
99897.03387546176,-0.014247472396496812
99931.3552367024,-0.01637186443535727
99965.67659794303,-0.018931470330614996
99999.99795918367,-0.02083682681360836
