0.0006122448979591836,-0.0000398419006268391
9.201537616788803,-0.022142970495701686
18.40246298867965,-0.043683640585100915
27.60338836057049,-0.06405173442706308
36.80431373246134,-0.08279729978584509
46.005239104352185,-0.09953854300705496
55.206164476243025,-0.11400472652732599
64.40708984813386,-0.12603574959180772
73.60801522002471,-0.13564655448992385
82.80894059191556,-0.14283420976063022
92.00986596380639,-0.14777453575071248
101.21079133569724,-0.1506525153805775
110.41171670758808,-0.1516785524847887
119.61264207947893,-0.15109055342283773
128.81356745136978,-0.14912783405894375
138.01449282326064,-0.14602929752368596
147.21541819515147,-0.14200906470133087
156.4163435670423,-0.13725941099544348
165.61726893893317,-0.1319651894875093
184.01911968271486,-0.12028247930716036
220.82282117027822,-0.09549650643759854
230.02374654216908,-0.08944018797924205
239.2246719140599,-0.08344693369971491
257.6265226578416,-0.07203877172299286
294.43022414540496,-0.051577175602552906
303.6311495172958,-0.046917729294648026
312.83207488918663,-0.042580498663730273
331.23392563296835,-0.03432731462384026
340.4348510048592,-0.030433555298209056
349.6357763767501,-0.02681200216345477
368.03762712053174,-0.020008613903811256
377.23855249242257,-0.016812853776001016
386.4394778643134,-0.013899210228282971
404.84132860809507,-0.008306550372540189
414.0422539799859,-0.005660809331023175
423.24317935187673,-0.003215977387708912
441.64503009565846,0.0013670365497892257
450.8459554675493,0.0034064774561658336
460.0468808394402,0.005494178255282593
478.44873158322184,0.009212223591988755
487.6496569551127,0.010935980091570987
496.8505823270035,0.012563182023994895
515.2524330707852,0.015584452364480495
524.4533584426761,0.01705724061965858
533.6542838145668,0.018368236682868657
542.8552091864576,0.0196336679045862
552.0561345583485,0.02092550797991138
561.2570599302394,0.022078736780033963
570.4579853021303,0.02309649925086461
588.859836045912,0.02518105332578623
598.8346934915032,0.02621696887704836
608.8095509370946,0.02712400077081554
618.784408382686,0.02797957202382332
628.7592658282774,0.02891199940662972
638.7341232738688,0.029736193270290076
648.7089807194601,0.030456618326804
668.6586956106428,0.031867132450759866
678.6335530562342,0.03251623156877193
688.6084105018256,0.03308163869514778
698.583267947417,0.0336042913956115
708.5581253930083,0.03417906328198424
718.5329828385995,0.03468214638275796
728.5078402841909,0.03511758960250852
748.4575551753737,0.03595333319814566
758.4324126209651,0.0363336584975087
768.4072700665565,0.03665919969970101
778.3821275121479,0.03695040626041165
788.3569849577392,0.03727455001270208
798.3318424033305,0.037550887417769935
808.3066998489219,0.03778276294966555
818.2815572945133,0.037984333566980166
828.2564147401047,0.03821110094437257
838.2312721856961,0.038398729448152424
848.2061296312875,0.03855020889153384
858.1809870768789,0.03866984953576364
868.1558445224701,0.038817498577689215
878.1307019680614,0.03893273290429861
888.1055594136528,0.039018167865794616
898.0804168592442,0.0390764700861921
908.0552743048356,0.039132475288298885
918.030131750427,0.039187405976838376
928.0049891960184,0.039217310490136055
937.9798466416098,0.039224471094255656
947.9547040872011,0.03921119460163301
957.9295615327924,0.03920485383092862
967.9044189783838,0.03918401602065644
977.8792764239752,0.03914398366335666
987.8541338695666,0.03908673082296526
997.828991315158,0.039017188378058565
1007.8038487607492,0.03895029969205493
1017.7787062063405,0.03886710907773078
1027.753563651932,0.03876931263089559
1037.7284210975233,0.0386586062917856
1047.7032785431147,0.03854240777461528
1067.6529934342975,0.03828495266016371
1077.627850879889,0.03813900643648263
1087.6027083254803,0.037983517090859266
1107.5524232166629,0.037655143172335974
1117.5272806622543,0.03747691363416201
1127.5021381078454,0.03729053219375997
1147.4518529990282,0.03689782733413913
1157.4267104446196,0.036690167121119686
1167.401567890211,0.03647552334576501
1187.3512827813938,0.03602819652920809
1227.2507125637592,0.035058377974177934
1236.5645531034593,0.034819554527251294
1245.8783936431591,0.034572996071132275
1264.5060747225593,0.03406747570350232
1301.7614368813597,0.03301743390184911
1376.27216119896,0.03072135393312219
1525.2936098341609,0.02557352411413797
1534.607450373861,0.025232057055097505
1543.9212909135608,0.0248906530795594
1562.548971992961,0.024208991182786785
1599.8043341517614,0.02280143022954994
1674.3150584693617,0.019940513698845124
1823.3365071045625,0.01405159746625278
1832.467647064902,0.013688303374439829
1841.598787025241,0.01332628086037416
1859.86106694592,0.012606347471949343
1896.3856267872775,0.011136051916236737
1969.4347464699922,0.008230489107647124
2115.532985835422,0.0024644379329244633
2124.6641257957617,0.002111141223702772
2133.795265756101,0.001759562745277399
2152.0575456767792,0.0010616496228118616
2188.582105518137,-0.0003387656171531311
2261.631225200852,-0.0030721700789194326
2407.7294645662814,-0.008308265072562776
2417.6345366003216,-0.008648453666832194
2427.5396086343612,-0.008986188489994839
2447.349752702441,-0.009654265361015817
2486.9700408386007,-0.010975018473380383
2566.2106171109194,-0.013502664452785189
2576.115689144959,-0.013810437828174496
2586.0207611789992,-0.014115489610813176
2605.8309052470786,-0.014717390366888164
2645.451193383238,-0.01588815212576549
2724.6917696555574,-0.018104403812096197
2734.5968416895976,-0.018370215465712526
2744.5019137236372,-0.01863308634217416
2764.312057791717,-0.019149971065128814
2803.9323459278767,-0.02014807795444431
2813.837417961917,-0.02039012719545499
2823.7424899959565,-0.02062916918992371
2843.5526340640363,-0.021098198682284616
2883.1729222001954,-0.022004809666345035
2893.077994234235,-0.02222335716206743
2902.9830662682753,-0.02243874939853605
2922.7932103363546,-0.02286002180779127
2962.413498472514,-0.02366418139840058
3041.6540747448335,-0.025116730817466466
3050.8981298729823,-0.02527220570460734
3060.1421850011307,-0.025424737046295123
3078.630295257428,-0.0257209130456606
3115.606515770022,-0.026277305505148233
3124.85057089817,-0.026408821658941806
3134.094626026319,-0.02653727249679019
3152.5827362826158,-0.02678454102197247
3189.55895679521,-0.02724112537450278
3198.803011923359,-0.02734751976351607
3208.0470670515074,-0.027450775550189255
3226.5351773078046,-0.02764779172810985
3235.7792324359534,-0.027741511165861574
3245.023287564102,-0.02783201010131571
3263.511397820399,-0.028003259541597665
3272.755452948548,-0.028083965470684737
3281.999508076696,-0.02816151417120985
3300.4876183329934,-0.028305598692745862
3309.731673461142,-0.028372816554795344
3318.97572858929,-0.02843678583633586
3337.4638388455874,-0.028554878436340966
3346.7078939737357,-0.028608950316785592
3355.9519491018846,-0.028659670764823526
3365.196004230033,-0.028707012789982223
3374.4400593581813,-0.028750948917860758
3383.68411448633,-0.028791451205133857
3392.9281696144785,-0.02882849125539727
3402.172224742627,-0.028862040235854737
3411.4162798707757,-0.028892068894847623
3420.6603349989246,-0.02891854758022658
3429.904390127073,-0.028941471130666894
3439.1484452552213,-0.028961182507418273
3448.39250038337,-0.0289775033423341
3457.636555511519,-0.028990401107878178
3466.8806106396673,-0.028999842726715075
3476.1246657678157,-0.029005794595380455
3485.3687208959645,-0.029008222608914842
3494.6127760241134,-0.029007092186460862
3503.8568311522617,-0.029002368297822212
3513.10088628041,-0.028994015490982877
3522.344941408559,-0.028981997920583827
3531.5889965367073,-0.028966279377354888
3540.8330516648557,-0.028946823318496292
3550.0771067930045,-0.028923592899007842
3559.321161921153,-0.028896551003957986
3568.5652170493013,-0.0288656602816886
3577.80927217745,-0.02883185094829825
3587.0533273055985,-0.028795312912041578
3596.297382433747,-0.02875515808688163
3605.5414375618957,-0.02871134334970281
3614.785492690044,-0.028663825163266057
3633.2736029463413,-0.028557502469918644
3643.29159014819,-0.028493503082602258
3653.3095773500395,-0.02842494133658326
3673.3455517537377,-0.02827390150924755
3683.3635389555866,-0.02819130837286489
3693.381526157436,-0.028103922911874663
3713.417500561134,-0.02791454461022387
3723.435487762983,-0.02781009948236747
3733.4534749648324,-0.027709034410031568
3753.4894493685306,-0.027493462174448903
3793.5613981759266,-0.02700648826662834
3803.579385377776,-0.026872683219394816
3813.597372579625,-0.02673390633093019
3833.6333469833226,-0.02644114500522765
3873.705295790719,-0.02579277943324451
3883.723282992568,-0.025617185371205317
3893.741270194417,-0.025436053428575328
3913.7772445981154,-0.025055953944905104
3953.849193405512,-0.02429492004270693
3963.8671806073608,-0.024091707173107733
3973.88516780921,-0.023883113856849023
3993.9211422129083,-0.023449398583685988
4033.9930910203043,-0.022513235295178756
4044.0110782221536,-0.022264352651228028
4054.0290654240025,-0.022009363260189204
4074.0650398277003,-0.021480745286312757
4114.136988635097,-0.02037870956089987
4124.154975836946,-0.020105768496760833
4134.1729630387945,-0.019826744477694044
4154.208937442493,-0.01924996019241634
4194.28088624989,-0.018018248576666656
4274.4247838646825,-0.015259498539291103
4284.260070487171,-0.014921337093131074
4294.09535710966,-0.014576125635692064
4313.765930354636,-0.013864044674258853
4353.10707684459,-0.012350098971256005
4431.789369824497,-0.009029189221015392
4441.624656446986,-0.008616731704776772
4451.459943069474,-0.00819551149626355
4471.130516314451,-0.007326370031913883
4510.471662804404,-0.005479140832666166
4589.153955784311,-0.0016099547502683867
4598.989242406798,-0.0011076355689417544
4608.824529029287,-0.0005945159213188319
4628.495102274264,0.00046407862641417805
4667.836248764217,0.002709080238808712
4746.518541744124,0.007150926485797716
4903.883127703939,0.017138026717261473
4913.057397420536,0.017741605893275992
4922.231667137134,0.018360905387222015
4940.580206570327,0.01964440308381638
4977.277285436716,0.022358432019883277
5050.671443169492,0.02765371256269688
5197.459758635045,0.038972404146638925
5206.634028351642,0.03973741001557882
5215.808298068239,0.04047379200820941
5234.156837501433,0.041857502046078084
5270.8539163678215,0.04483700439611089
5280.028186084419,0.04560518980256736
5289.202455801016,0.046270778293620765
5307.55099523421,0.04767062762656648
5344.248074100598,0.05058042793969923
5353.422343817196,0.05123954376438712
5362.596613533793,0.051904504822442514
5380.945152966987,0.05325428123358913
5390.119422683583,0.053922062703814125
5399.293692400181,0.054573566731999604
5417.642231833375,0.05579245381554754
5426.816501549973,0.05639349665554645
5435.990771266569,0.05697796066180433
5454.339310699763,0.05805029112676243
5463.51358041636,0.058556855551959885
5472.6878501329575,0.059046928749919264
5481.862119849555,0.059501161699415744
5491.036389566151,0.059904029314161125
5500.9845913564495,0.06026499433355366
5510.932793146747,0.060643863286701655
5520.880994937044,0.06097389143225371
5530.829196727342,0.06121187340754361
5540.777398517639,0.06133272731958098
5550.7256003079365,0.06137830217017683
5560.673802098234,0.061474758909128305
5570.622003888531,0.06142974333507084
5580.570205678829,0.06121123336301684
5590.518407469126,0.06078875044446072
5600.466609259423,0.06043254677285738
5610.414811049722,0.059986758617610374
5620.36301284002,0.05928475588600986
5630.311214630317,0.0582890623976769
5640.259416420615,0.05704094571606473
5650.207618210912,0.056018543245903496
5660.15582000121,0.05461986273717427
5670.104021791507,0.05280080018272356
5680.052223581804,0.05052301860231525
5690.000425372103,0.048318998943813425
5699.948627162401,0.04579104602340134
5709.896828952698,0.04267623407216941
5719.845030742996,0.03894045364646565
5729.793232533293,0.03526451146382258
5739.7414343235905,0.030826919193544425
5749.689636113888,0.025913510742913107
5759.637837904185,0.02040232690703382
5769.586039694484,0.014240876822747911
5779.534241484782,0.007382175727704637
5789.482443275079,-0.00018187406351111157
5799.430645065377,-0.008502003603040084
5809.378846855674,-0.01765614547646377
5819.327048645971,-0.027636954830527485
5829.275250436269,-0.0384487018490285
5849.1716540168645,-0.062497009917222596
5859.119855807163,-0.07563150049972597
5869.06805759746,-0.08935000858873599
5888.964461178055,-0.11774320385368431
5898.912662968352,-0.1318522428254047
5908.86086475865,-0.14543545503324914
5918.809066548947,-0.15803898926848003
5928.7572683392455,-0.16917284349586345
5938.705470129544,-0.17831679153179403
5948.653671919841,-0.1849576344710977
5958.6018737101385,-0.1886188212755476
5968.550075500436,-0.1889186511230589
5978.498277290733,-0.18562332353425282
5988.446479081031,-0.17866988089047234
5998.394680871328,-0.1682015398737332
6008.342882661626,-0.15452681118839112
6018.291084451925,-0.13812526894752425
6028.239286242222,-0.1196070301398435
6048.135689822817,-0.07891745806137344
6058.083891613114,-0.058083593217949474
6068.032093403412,-0.037712552751830934
6077.980295193709,-0.018278780346985334
6087.928496984007,0.00003235463428543674
6097.876698774306,0.016493058681861707
6107.824900564603,0.0313868665127886
6117.7731023549,0.04464201792917434
6127.721304145198,0.056128070983917505
6137.008489029604,0.06527138618041703
6146.29567391401,0.07312638921196667
6155.582858798416,0.0797013209948614
6164.870043682823,0.08508084084247623
6174.15722856723,0.08942926808274683
6183.444413451636,0.09282873040824827
6192.731598336042,0.09539218964827756
6202.018783220448,0.09720897393646781
6211.305968104854,0.09839416356582847
6220.5931529892605,0.09899212459826315
6229.880337873667,0.09913703994985737
6239.167522758074,0.09882616977667205
6248.454707642481,0.09819994393122315
6257.741892526887,0.09724032353096994
6267.029077411293,0.09604434392101766
6276.316262295699,0.09462493984320486
6285.603447180105,0.09302893582400228
6294.890632064511,0.09129020563661791
6313.465001833324,0.0874768224957013
6350.613741370949,0.07907965127978027
6424.911220446199,0.061799851588879594
6434.198405330606,0.05969704522946209
6443.485590215012,0.05758347496722827
6462.059959983824,0.05370691201331929
6499.208699521449,0.04603989719282089
6508.495884405855,0.044197064154434335
6517.783069290261,0.042333146495461674
6536.357439059074,0.03892868023831653
6573.506178596699,0.03236807438223983
6582.793363481105,0.03086454988033048
6592.080548365511,0.029263582254058007
6610.654918134324,0.02633190951305448
6647.80365767195,0.020785320507024432
6722.1011367472,0.011011566166230807
6731.205621052246,0.00997471731727578
6740.310105357292,0.008896563075891616
6758.519073967383,0.006792589160980515
6794.937011187565,0.002910794722876888
6804.041495492611,0.0020118049650937574
6813.145979797657,0.0011619186109732317
6831.3549484077475,-0.0006669075798379914
6867.77288562793,-0.00392970359405902
6876.877369932976,-0.004734286689376463
6885.981854238022,-0.005500136381457903
6904.1908228481125,-0.0069161489157804745
6940.608760068295,-0.009749671542179723
6949.713244373341,-0.0103742881878759
6958.817728678386,-0.011049308184916047
6977.0266972884765,-0.012324916321586549
7013.444634508659,-0.014669882540179905
7022.549118813704,-0.015230014091543068
7031.65360311875,-0.0157645442055954
7049.862571728841,-0.01680672022710394
7086.280508949023,-0.01877098598450709
7095.384993254069,-0.019242825003998116
7104.489477559115,-0.019711383594297333
7122.698446169205,-0.020588078596872873
7159.116383389388,-0.02223159230962079
7168.220867694434,-0.0226204196055552
7177.32535199948,-0.022992065947176912
7195.53432060957,-0.023685684237056547
7204.638804914615,-0.02403169599079994
7213.743289219661,-0.024387175923487932
7231.952257829753,-0.02505226601522472
7241.056742134799,-0.02536268533011935
7250.1612264398445,-0.02565892204196385
7268.370195049935,-0.026224008569745945
7304.788132270118,-0.027317770547842714
7314.666548648864,-0.027579946515090163
7324.54496502761,-0.027828355270811324
7344.301797785102,-0.028329797000018243
7354.180214163849,-0.02856868173300564
7364.058630542595,-0.02879459385631723
7383.815463300087,-0.029209304577676475
7393.693879678833,-0.02939902818417321
7403.572296057579,-0.029598078315061928
7413.4507124363245,-0.029787733299014782
7423.329128815071,-0.029965914943012775
7433.207545193818,-0.03013302341527669
7443.085961572564,-0.03028946500086508
7462.842794330056,-0.0305777147817351
7472.721210708802,-0.030721085904672974
7482.599627087548,-0.03085423806881045
7492.4780434662935,-0.030977527579629776
7502.35645984504,-0.031091314363411345
7512.234876223787,-0.03119596130415557
7522.113292602533,-0.031291833597375175
7531.991708981279,-0.031388725493751185
7541.870125360025,-0.03147942211268016
7551.748541738771,-0.03156127793381622
7561.626958117517,-0.03163461177451674
7571.505374496262,-0.031699743727738386
7581.383790875009,-0.03175699464065318
7591.262207253756,-0.03180415559866477
7601.140623632502,-0.03185681364646897
7611.019040011248,-0.031901316629862064
7620.897456389994,-0.0319379396986936
7630.77587276874,-0.03196695840178196
7640.6542891474855,-0.031988648268960404
7650.532705526231,-0.03200328440503788
7660.411121904978,-0.03201114109585403
7670.289538283725,-0.03201249142656736
7680.167954662471,-0.032007606912271544
7690.046371041217,-0.03200298296961147
7699.924787419963,-0.03199167799891135
7709.803203798709,-0.031973636216735865
7719.6816201774545,-0.03194909006971124
7729.5600365562,-0.031918270758697125
7739.438452934947,-0.03188140794361146
7749.316869313694,-0.03183872945802206
7759.19528569244,-0.03179046103353688
7769.073702071186,-0.0317368260340007
7778.952118449932,-0.031680054624561124
7788.830534828678,-0.03161826055134475
7798.7089512074235,-0.03155066217535707
7808.587367586169,-0.0314774549784447
7818.465783964916,-0.03139883250410624
7828.344200343663,-0.031314986144687675
7838.222616722409,-0.031226104936470874
7857.979449479901,-0.031033981164059872
7867.857865858647,-0.030931259843305334
7877.7362822373925,-0.030823767382522085
7897.493114994884,-0.03059386055724011
7937.006780509869,-0.03007887185231676
7946.224179982724,-0.02994898809354539
7955.441579455579,-0.029815671728000325
7973.876378401288,-0.029535474907184885
8010.7459762927065,-0.028931505039420533
8019.963375765561,-0.028772027517423242
8029.180775238416,-0.028609364255435282
8047.615574184126,-0.028274521519054793
8084.485172075545,-0.02755856143233113
8093.7025715484,-0.02737178005977401
8102.919971021254,-0.027182061220568626
8121.354769966964,-0.026794153924900838
8158.224367858384,-0.025979601597643523
8231.963563641222,-0.02421535523550409
8241.180963114079,-0.023980399764922573
8250.398362586933,-0.023742945587854992
8268.833161532642,-0.02326080320645383
8305.70275942406,-0.022269331998892895
8379.441955206898,-0.02018063252037915
8526.920346772575,-0.015601450012138895
8536.911678319131,-0.015274320221379279
8546.903009865686,-0.014945583174264159
8566.885672958797,-0.01428347417691577
8606.850999145017,-0.012941953279169523
8686.78165151746,-0.010178341156317189
8846.642956262345,-0.004440079852216528
9166.365565752114,0.007326375293583811
9176.174196719308,0.007680730391165602
9185.982827686505,0.008034614094265626
9205.600089620893,0.008740833513942167
9244.834613489671,0.010146084138047498
9323.303661227228,0.012918886759809511
9333.112292194422,0.013263387655949501
9342.920923161619,0.013597797395523439
9362.538185096008,0.014263746779097307
9401.772708964785,0.015582954933418438
9480.241756702342,0.01815937216577365
9490.050387669537,0.018474494144309243
9499.859018636733,0.018787862269179872
9519.476280571122,0.01940905672785965
9558.7108044399,0.020599560942242273
9637.179852177456,0.022893261332801132
9646.98848314465,0.023170196637608168
9656.797114111847,0.023444667976068822
9676.414376046236,0.023986701243958297
9715.648899915013,0.025011165983103635
9794.11794765257,0.026938615830636718
9803.265561713873,0.027150758127420824
9812.413175775178,0.02735992838130939
9830.708403897785,0.0277664669086305
9867.298860142997,0.028531003893652773
9876.4464742043,0.028715381959530106
9885.594088265603,0.02889682093382901
9903.88931638821,0.029250385816214725
9940.479772633424,0.029916645159360915
9949.627386694727,0.030073912590990973
9958.775000756032,0.030226720504022368
9977.070228878638,0.030517938777844637
9986.217842939941,0.030658676905402395
9995.365457001244,0.030795959529048896
10013.66068512385,0.03105951517279356
10022.808299185153,0.031185459331713086
10031.955913246456,0.03130729052863167
10050.251141369063,0.03153792704989741
10086.841597614277,0.03194291773831792
10095.98921167558,0.03203401169007091
10105.136825736885,0.03212106333982209
10114.284439798188,0.032203861648456206
10123.432053859491,0.032282192478026536
10132.579667920794,0.03235583879588663
10141.727281982097,0.03242458088744448
10150.8748960434,0.03248819657761204
10160.022510104704,0.03254646146100179
10169.170124166007,0.03259914914090261
10178.31773822731,0.0326460314770513
10187.465352288613,0.0326868788421888
10196.612966349916,0.03272146038737237
10205.760580411219,0.03274954431598998
10214.908194472522,0.032779770849279626
10224.055808533827,0.03280496024225981
10233.20342259513,0.03282461174008856
10242.351036656433,0.03283844213138609
10251.498650717738,0.032846166270743216
10260.646264779041,0.03284749742230217
10269.793878840344,0.032842147615554325
10278.941492901648,0.03282982801331173
10288.08910696295,0.0328102492917688
10297.236721024254,0.03278312203253074
10306.384335085557,0.03274815712644201
10315.53194914686,0.032713091073135345
10324.679563208163,0.03267878227833938
10333.827177269466,0.03263746994870831
10342.97479133077,0.0325887956787623
10352.122405392072,0.032532400886031716
10361.270019453375,0.03246792732260645
10370.41763351468,0.032395017603175924
10379.565247575983,0.032313315749301366
10389.486793710988,0.032214350708187664
10399.408339845992,0.03210417821522335
10419.251432115998,0.031872279063452656
10429.172978251001,0.03175872844716887
10439.094524386006,0.03163435166676936
10449.016070521011,0.03149857372015991
10458.937616656014,0.031350824511629655
10468.859162791017,0.03119054001488613
10478.780708926022,0.031017163471771886
10498.62380119603,0.030628950984408432
10508.545347331034,0.030413049121015404
10518.466893466037,0.03022188908591451
10538.309985736045,0.029807544359122643
10548.23153187105,0.02957807208397265
10558.153078006053,0.029332825251479094
10577.99617027606,0.028792378119374545
10587.917716411062,0.028495908273586994
10597.839262546067,0.02820659634344741
10617.682354816076,0.027637017190291067
10627.603900951079,0.027324252142719788
10637.525447086084,0.026991788027175938
10657.368539356092,0.026264783743844698
10697.054723896106,0.024736668167747937
10706.976270031111,0.024329853409015122
10716.897816166114,0.023898145170929856
10736.74090843612,0.022956764796382437
10746.662454571124,0.022445580422923002
10756.584000706129,0.021954328892152285
10776.427092976137,0.02099274820870096
10786.34863911114,0.02046614503959738
10796.270185246145,0.01990778218341339
10816.113277516153,0.018692588711486366
10855.799462056168,0.016272455355354497
10865.721008191173,0.01558008189774613
10875.642554326176,0.014847664554593201
10895.485646596182,0.013444223967066645
10935.171831136198,0.01032404416503128
10945.093377271201,0.009422500597477939
10955.014923406206,0.008626495118015132
10974.858015676215,0.006909565097189981
11014.544200216229,0.0030396747636528554
11023.804729445343,0.0021056715987363486
11033.065258674455,0.0011107275827670522
11051.586317132678,-0.001060670109113232
11060.84684636179,-0.002044117837343984
11070.107375590904,-0.0030685812323600972
11088.62843404913,-0.005337387076621212
11097.888963278241,-0.0065797148766311014
11107.149492507355,-0.007802412362653041
11125.67055096558,-0.010177083504970718
11162.71266788203,-0.015547977836331127
11171.973197111143,-0.016968443264686307
11181.233726340255,-0.018486218548089413
11199.754784798479,-0.02151517972930149
11236.79690171493,-0.028125132330891797
11246.057430944042,-0.02977881475924811
11255.317960173155,-0.03156363404833446
11273.83901863138,-0.03534040322847468
11310.88113554783,-0.043294468653286615
11320.141664776944,-0.04533807166008177
11329.402194006056,-0.04753208263786938
11347.92325246428,-0.05202109651059175
11384.96536938073,-0.0615171173792642
11394.225898609842,-0.06400422028846109
11403.486427838956,-0.06661960403283075
11422.007486297181,-0.0717013318089858
11459.04960321363,-0.08235562773858873
11468.310132442744,-0.08498890530828615
11477.570661671856,-0.08759636465904619
11496.09172013008,-0.092756648977307
11505.352249359192,-0.09519280553251033
11514.612778588305,-0.09756013825883816
11523.87330781742,-0.09976426303700286
11533.133837046531,-0.10179613916045521
11542.394366275643,-0.1036218187944843
11551.654895504756,-0.1051568891549757
11560.91542473387,-0.10640016243237654
11570.175953962982,-0.10722867028997082
11579.436483192094,-0.1076157041580788
11588.697012421206,-0.10746046505542835
11597.957541650318,-0.10665803154218324
11607.218070879431,-0.10512613532098655
11617.252532182243,-0.10250559503282533
11627.286993485057,-0.09871598401855694
11637.32145478787,-0.09370129607623467
11647.355916090684,-0.08708382563257286
11657.390377393498,-0.07892109871164645
11667.42483869631,-0.06903305312567604
11677.459299999122,-0.05710713840931516
11687.493761301936,-0.04331674435541104
11697.52822260475,-0.027591730725851547
11707.562683907561,-0.009889486002979661
11717.597145210373,0.009464156964692327
11727.631606513187,0.030226225488600825
11737.666067816,0.051916606894366765
11747.700529118814,0.07397769319623167
11767.76945172444,0.11656296998297094
11777.803913027252,0.13565990141995368
11787.838374330066,0.15236528719862227
11797.87283563288,0.1660610331993874
11807.907296935693,0.17633495735214819
11817.941758238507,0.18298607237719672
11827.976219541319,0.18597333482529269
11838.01068084413,0.18540670011389354
11848.045142146944,0.18164671786500913
11858.079603449758,0.17509196071668268
11868.11406475257,0.16620677958275182
11878.148526055382,0.15556019639465724
11888.182987358196,0.14369567799640853
11898.21744866101,0.1308992685006074
11908.251909963823,0.11760638507454804
11928.320832569449,0.0912569826461003
11938.35529387226,0.07844492456872748
11948.389755175074,0.06625456556064156
11958.424216477888,0.054648959515301396
11968.458677780702,0.04373936885446418
11978.493139083515,0.03356458415229513
11988.527600386327,0.02412130582777955
11998.56206168914,0.015431807161377972
12008.596522991953,0.007452254372031605
12018.630984294767,0.00012631243804821224
12028.665445597579,-0.006465168896261184
12038.69990690039,-0.012585673823771112
12048.734368203204,-0.01793322295977811
12058.768829506018,-0.023008949677437968
12068.803290808832,-0.02735133406154905
12078.837752111645,-0.031463133038819424
12088.872213414457,-0.034996662989961326
12098.90667471727,-0.03825037070155102
12108.941136020083,-0.041106062077989794
12118.975597322897,-0.0436402693229408
12129.01005862571,-0.04592753405416231
12139.044519928524,-0.0478656832242387
12149.078981231336,-0.04967544566647184
12159.113442534148,-0.051123646855774196
12169.147903836962,-0.052531485293141014
12179.182365139775,-0.05361604127445539
12189.216826442587,-0.054647686734542206
12199.2512877454,-0.05544468816691221
12209.285749048213,-0.056139185658520316
12219.320210351027,-0.056738607575200425
12229.35467165384,-0.05713357808199693
12239.389132956654,-0.05746446450705782
12249.423594259466,-0.05775063700820497
12259.275354982918,-0.057880875437398144
12269.127115706371,-0.057918786030129205
12278.978876429823,-0.05796563616258509
12288.830637153274,-0.057899022930276677
12298.682397876728,-0.05773926959338077
12308.53415860018,-0.057592809091226466
12318.385919323631,-0.05737010951095471
12328.237680047085,-0.057078707210023644
12338.089440770538,-0.05677040976712236
12347.94120149399,-0.05642372738987519
12357.792962217442,-0.05602694193127422
12367.644722940895,-0.05560363049617357
12377.496483664347,-0.05515845493037854
12387.348244387798,-0.05467737069527592
12407.051765834703,-0.05364972879890362
12416.903526558155,-0.05310139526540903
12426.755287281609,-0.052538401977188204
12446.458808728512,-0.051353818445410974
12485.865851622322,-0.048828220400469864
12564.679937409941,-0.04336561671422716
12574.531698133393,-0.0426532476153009
12584.383458856846,-0.041951861960334964
12604.08698030375,-0.04052340697094465
12643.49402319756,-0.037650951012365895
12722.308108985178,-0.03191222354287577
12879.936280560416,-0.020748796662979452
12889.127024377976,-0.020120717091824926
12898.317768195539,-0.019478366010017997
12916.69925583066,-0.018226625822703207
12953.462231100904,-0.015794771146388338
13026.988181641393,-0.011057143324555258
13036.178925458953,-0.010486354710200723
13045.369669276515,-0.009926134111170949
13063.751156911636,-0.00879011262800914
13100.514132181881,-0.006570805382567435
13174.04008272237,-0.002307556792124787
13183.23082653993,-0.001808032527108509
13192.421570357492,-0.00130213291585859
13210.803057992613,-0.0002652723546236568
13247.566033262858,0.001711199198113147
13321.091983803346,0.005471070733501329
13330.282727620906,0.0059167624332362966
13339.473471438469,0.006355059150642716
13357.85495907359,0.007235931853466068
13394.617934343834,0.008968444978470318
13468.143884884323,0.012200524905522894
13478.108560775585,0.012617325866570222
13488.073236666845,0.013026669111859044
13508.00258844937,0.013823327124186009
13547.861292014415,0.015403165193388815
13557.825967905675,0.01578074021664747
13567.790643796938,0.01615135187420642
13587.71999557946,0.01687204362734976
13627.578699144507,0.01828942668578089
13637.54337503577,0.018627436223491577
13647.50805092703,0.018958896008862483
13667.437402709555,0.019602520010000724
13707.2961062746,0.020858224813343616
13787.013513404692,0.023093374863889037
13796.978189295955,0.023356830647525487
13806.942865187215,0.02361417274290223
13826.87221696974,0.024110775379789555
13866.730920534785,0.02503357547427116
13876.695596426045,0.02525002639136151
13886.660272317307,0.025460926392105194
13906.58962409983,0.025871022438349652
13946.448327664877,0.02664259862317488
13956.41300355614,0.026821454800873494
13966.3776794474,0.0269948187511605
13986.307031229924,0.027325320461181652
13996.271707121185,0.027482584392224358
14006.236383012447,0.027634608210616196
14026.16573479497,0.02792755308748217
14036.13041068623,0.028067909778112098
14046.095086577492,0.028202850677035637
14066.024438360015,0.028456694049309936
14075.989114251277,0.028575701249520736
14085.95379014254,0.02868950193398812
14105.883141925062,0.028901692421180146
14115.186800910433,0.028993807657803596
14124.490459895802,0.02908156197109466
14143.097777866544,0.02924664529110453
14152.401436851913,0.02932312803326457
14161.705095837284,0.029395114024982183
14180.312413808024,0.02952573725242798
14189.616072793393,0.0295844445782234
14198.919731778764,0.02963879524655559
14208.223390764135,0.029688823451021747
14217.527049749504,0.029734562970751745
14226.830708734875,0.029776047131403034
14236.134367720246,0.029813308767485235
14245.438026705615,0.029846380186021523
14254.741685690986,0.029875956870031944
14264.045344676357,0.029901247073172724
14273.349003661726,0.029922222321285295
14282.652662647097,0.029938911019938796
14291.956321632468,0.02995134113602666
14301.259980617837,0.0299595401700318
14310.563639603208,0.029963535129526243
14319.867298588579,0.029963352503908178
14329.170957573948,0.029959018240381864
14338.474616559317,0.02995055772118265
14347.778275544688,0.029937995742049757
14357.081934530059,0.029921356491948693
14366.385593515428,0.02990069520360707
14375.689252500799,0.029875905919146555
14384.99291148617,0.02984696892185589
14394.296570471539,0.029813905808206684
14403.60022945691,0.02977673764365151
14412.90388844228,0.02973548494952578
14422.20754742765,0.029690167691115283
14431.51120641302,0.029640805266888663
14440.814865398392,0.02958741649889355
14450.11852438376,0.02953001962431401
14459.422183369132,0.029468632288187007
14478.029501339872,0.029333953815092694
14487.33316032524,0.029260524169243893
14496.636819310612,0.029183062167269208
14515.244137281352,0.029016206861428025
14524.547796266723,0.028926842120694074
14533.851455252094,0.02883353747962577
14552.458773222834,0.02863515980789131
14561.762432208205,0.02853011112773717
14571.066091193574,0.02842117125843513
14589.673409164316,0.028191661032134958
14626.888045105796,0.02768639274119886
14636.191704091165,0.02755049230693606
14645.495363076536,0.027410774420923482
14664.102681047276,0.027119786153380808
14701.317316988758,0.026494385745111003
14710.438275394768,0.026331985455349177
14719.559233800777,0.026166002160702157
14737.801150612795,0.025823299264175495
14774.284984236834,0.025095023436390487
14783.405942642843,0.02490403651677521
14792.526901048854,0.024709486336231497
14810.768817860873,0.024309703191598465
14847.25265148491,0.023474487467492613
14856.373609890921,0.02325769989261442
14865.49456829693,0.023037495160698578
14883.736485108948,0.022586821525310413
14920.220318732987,0.021644332418977126
14993.187985981063,0.019598624679714426
15002.308944387074,0.019332338559335673
15011.429902793083,0.019062802721305568
15029.6718196051,0.018513944533679626
15066.15565322914,0.017376850285779136
15139.123320477216,0.014943885691885955
15285.058654973369,0.009597431710866154
15294.953545453078,0.009206336237287198
15304.848435932789,0.00881150568667459
15324.63821689221,0.008019865064199317
15364.21777881105,0.006442270031250519
15443.376902648732,0.003111568547233298
15601.695150324093,-0.003944768374972686
15918.331645674814,-0.01907724212484316
15927.565519248634,-0.019535570836002266
15936.799392822451,-0.019995655630713424
15955.267139970088,-0.020919507056288717
15992.202634265364,-0.022630241928444643
16066.073622855914,-0.0261795864356219
16075.307496429734,-0.026628708729098963
16084.541370003551,-0.027077732969612314
16103.009117151189,-0.0278982830312431
16139.944611446464,-0.029565997932045507
16213.815600037015,-0.03286724534578487
16223.049473610834,-0.03325177122348148
16232.283347184652,-0.03363805563162589
16250.751094332289,-0.03441273096700455
16287.686588627565,-0.035946838209137945
16296.920462201382,-0.0363219704189096
16306.154335775202,-0.036683918405215815
16324.62208292284,-0.03736502624852869
16361.557577218115,-0.038714115841549074
16370.791450791934,-0.03904142518699249
16380.025324365752,-0.03936216144239772
16398.49307151339,-0.03997520230887158
16407.726945087208,-0.04026253575904086
16416.960818661028,-0.040547472074762975
16435.428565808666,-0.04110321212612111
16444.662439382486,-0.041370469889858576
16453.896312956305,-0.04162824537973443
16472.36406010394,-0.04210800264142644
16481.59793367776,-0.042326273665432804
16490.831807251576,-0.04254268466519991
16509.299554399215,-0.04295397395197364
16519.307360046732,-0.043157626290300025
16529.315165694254,-0.04334369721684206
16539.322971341775,-0.0435089961434561
16549.330776989293,-0.04365032892103153
16559.33858263681,-0.043763544683421765
16569.34638828433,-0.043904460616125005
16579.354193931853,-0.04402615069158011
16589.36199957937,-0.044124328604691586
16599.36980522689,-0.04419471630980703
16609.37761087441,-0.04423305946211283
16619.38541652193,-0.04423514407807883
16629.39322216945,-0.04419681435226096
16639.401027816966,-0.04417750184207388
16649.408833464484,-0.044175569448921266
16659.416639112,-0.044135790953980514
16669.424444759523,-0.044052378544786566
16679.432250407044,-0.043919648732051085
16689.440056054562,-0.043732049991730325
16699.44786170208,-0.043484192207746436
16709.455667349597,-0.04323959931156807
16719.463472997115,-0.04305400420153762
16729.471278644636,-0.04280497934309904
16739.479084292157,-0.04248512514653892
16749.486889939675,-0.04208732330301061
16759.494695587193,-0.041604782856002054
16769.502501234714,-0.041105024053712635
16779.510306882235,-0.040701424074735607
16789.518112529753,-0.040201025051138345
16799.52591817727,-0.03959493004608949
16809.533723824792,-0.03887481045647512
16819.541529472313,-0.038032977714847746
16829.54933511983,-0.037284494963314666
16839.55714076735,-0.03653642996888287
16849.56494641487,-0.035642389268618214
16859.57275206239,-0.03459282295941493
16869.58055770991,-0.033379264346583205
16879.588363357427,-0.03228483672267918
16889.596169004948,-0.031155834818977518
16899.60397465247,-0.029824663606836305
16909.611780299987,-0.028281998886609525
16919.619585947505,-0.026520319301011057
16929.627391595026,-0.025040613100004626
16939.635197242547,-0.023387735336665102
16949.643002890065,-0.02145835277669361
16959.650808537583,-0.01924550806151518
16969.6586141851,-0.016771878878055178
16979.666419832618,-0.01475121082464835
16989.67422548014,-0.012364924475013151
16999.68203112766,-0.009608482122828084
17009.68983677518,-0.0064818053996114336
17019.697642422696,-0.0033273280308598295
17029.705448070214,-0.00029069166378866296
17039.71325371773,0.003216385478276086
17049.721059365253,0.007184211360541624
17069.73667066029,0.01531570763729359
17079.74447630781,0.019891961758583942
17089.75228195533,0.025000609299199672
17099.760087602852,0.03022148569344573
17109.76789325037,0.03546527434927739
17119.775698897887,0.041330401294702106
17129.78350454541,0.047756010237014895
17149.799115840447,0.06099884705175984
17159.624220908605,0.06820474496456087
17169.449325976762,0.07560240261593637
17189.09953611308,0.09127432545609583
17198.924641181242,0.09943794016122495
17208.7497462494,0.10776012570157992
17228.399956385714,0.12442155688416963
17238.22506145387,0.13243756972234497
17248.050166522033,0.14017190628457937
17257.875271590194,0.14716419888372345
17267.70037665835,0.15337440896361237
17277.52548172651,0.15832719013942842
17287.350586794666,0.16184166393973132
17297.175691862823,0.16344938426601213
17307.000796930985,0.1629457702817218
17316.825901999146,0.15983885223918926
17326.651007067303,0.15397687819042405
17336.47611213546,0.14512824530669954
17346.301217203618,0.13313704012557448
17356.126322271775,0.11811555932032487
17365.951427339936,0.10027507933979832
17375.776532408097,0.07994644417263017
17385.601637476255,0.057724991327872295
17395.426742544412,0.03425364963829671
17405.25184761257,0.01025753341692639
17415.076952680727,-0.01351214691442607
17424.90205774889,-0.03634584082142448
17434.72716281705,-0.05760775476403054
17444.552267885207,-0.07689943453363933
17454.377372953364,-0.09385094998218113
17464.20247802152,-0.10797005706273083
17474.02758308968,-0.11952110551396491
17483.852688157836,-0.12852721232491815
17493.677793225994,-0.1351069680279563
17503.502898294155,-0.13944414594558172
17513.328003362316,-0.14171427311179996
17523.153108430473,-0.14227614568102318
17532.97821349863,-0.14137108158291584
17542.80331856679,-0.13923793998322154
17552.628423634946,-0.13610613807074945
17562.453528703107,-0.13218034847305835
17572.278633771268,-0.12764493934589333
17582.103738839425,-0.12264598927183681
17591.928843907583,-0.11733270754916292
17601.75394897574,-0.11180124144945822
17621.40415911206,-0.10045715556054882
17631.22926418022,-0.09475561442701873
17641.054369248377,-0.08911555951368487
17660.704579384692,-0.07816297191580818
17670.52968445285,-0.07289652793393311
17680.35478952101,-0.06781388374847114
17700.00499965733,-0.05806565270658302
17709.830104725486,-0.053491002328035074
17719.655209793644,-0.049017629679388754
17739.305419929962,-0.04071224688209198
17749.130524998123,-0.03689335393463862
17758.95563006628,-0.033117780730513344
17778.605840202596,-0.02619061809324015
17787.76992836486,-0.02308069568063375
17796.934016527128,-0.020259833930760317
17815.262192851664,-0.014709276050337294
17824.426281013933,-0.01222239421586058
17833.5903691762,-0.0096775011255767
17851.918545500732,-0.005173489308373801
17861.082633662998,-0.002932351690278276
17870.246721825268,-0.0009004248183768614
17888.574898149804,0.0029933656686904073
17897.73898631207,0.00476625541325538
17906.903074474336,0.006481859677821632
17925.23125079887,0.009737660688894569
17934.39533896114,0.011258641704437404
17943.559427123408,0.012750397673412092
17961.88760344794,0.015432566824324555
17971.051691610206,0.016759727407316297
17980.215779772476,0.01796254063877197
17998.54395609701,0.020229062927553488
18007.708044259278,0.02132821420525434
18016.872132421544,0.022322922677982488
18035.20030874608,0.024242546713566182
18044.36439690835,0.02514238974508878
18053.528485070616,0.025954612468048664
18071.856661395148,0.02757877429438657
18081.020749557414,0.028312067202534784
18090.18483771968,0.02897217381857334
18099.348925881946,0.029679313745102485
18108.513014044216,0.03033676978254843
18117.677102206486,0.030930400902062144
18126.841190368752,0.031484519421631024
18145.169366693284,0.032597516500809366
18154.33345485555,0.03307259541227523
18163.49754301782,0.03354341833761571
18172.66163118009,0.034009046746254254
18181.825719342356,0.03442757814209931
18190.989807504622,0.03480151120230013
18200.15389566689,0.03517887532007912
18209.317983829154,0.03556162430324767
18218.482071991424,0.035904214688172884
18227.646160153694,0.03620884380666673
18236.81024831596,0.03647779343832367
18245.974336478226,0.03672084351791639
18255.138424640492,0.03700716783409244
18264.30251280276,0.03726038742157696
18273.46660096503,0.037482392122472674
18282.630689127298,0.03767512664747237
18291.794777289564,0.03784058363449525
18300.95886545183,0.03800041810136579
18310.122953614096,0.03817348354832446
18319.287041776362,0.038320626461839466
18328.451129938632,0.038443507452258274
18337.615218100902,0.038543816524260865
18346.779306263168,0.038623267990676384
18355.943394425434,0.03870701638270332
18365.1074825877,0.03878672439926006
18375.04550282367,0.03885027169922338
18384.983523059636,0.038891786505620404
18394.921543295604,0.03891312069872283
18404.859563531572,0.03892078744240908
18414.79758376754,0.03893432144065095
18424.73560400351,0.03892834283403641
18434.673624239476,0.03890442045286369
18444.611644475444,0.03886412833549248
18454.549664711412,0.03880904151055153
18464.48768494738,0.03875529223477166
18474.42570518335,0.038688327458968774
18484.363725419316,0.03860667077406319
18494.301745655284,0.038511660303650205
18504.239765891252,0.038404628282201834
18524.115806363185,0.03817150040553454
18534.05382659915,0.038038810983687076
18543.991846835117,0.037895179574306555
18563.867887307053,0.037579115936951464
18573.80590754302,0.03741265088756064
18583.74392777899,0.03723560970011722
18603.619968250925,0.0368535871480466
18613.557988486893,0.036650470554919025
18623.49600872286,0.036440503920862635
18643.372049194797,0.036000455614045655
18683.12413013867,0.03502896325644143
18693.062150374637,0.03477139644966277
18703.000170610605,0.0345093881378081
18722.87621108254,0.03396114523900258
18762.628292026413,0.0327943676280861
18842.132453914153,0.03022623293252675
18852.070474150118,0.029889637372052087
18862.008494386086,0.029543960997089207
18881.88453485802,0.02883412274592808
18921.636615801894,0.0273884045196228
19001.140777689638,0.024335450557098213
19010.417781019714,0.02396498706798899
19019.69478434979,0.02359054199033994
19038.248791009944,0.0228389624094929
19075.35680433025,0.02133014718970369
19149.57283097086,0.01820144047458816
19298.004884252085,0.011772030995448511
19307.28188758216,0.011359183343995393
19316.558890912238,0.010946911794010701
19335.11289757239,0.01012440929287825
19372.220910892698,0.00848951845616354
19446.436937533308,0.005216954217345945
19594.86899081453,-0.0012250996879610088
19603.963293565248,-0.0016106112774012219
19613.057596315964,-0.0019945177282276127
19631.246201817394,-0.0027689199944887603
19667.623412820256,-0.004299678618288841
19740.377834825984,-0.007284280008127612
19885.886678837436,-0.012940266177690719
19894.980981588153,-0.013277359588688482
19904.07528433887,-0.013612113383229651
19922.2638898403,-0.014274528225786782
19958.64110084316,-0.015570484456295702
20031.39552284889,-0.0180503096857302
20040.4898255996,-0.018348972461334847
20049.584128350318,-0.018644943744107342
20067.77273385175,-0.019228727748009974
20104.149944854616,-0.020363059496988422
20176.90436686034,-0.022493093996805734
20186.77260168476,-0.02276685771130451
20196.640836509174,-0.023037050050450533
20216.377306158007,-0.023566584064592562
20255.850245455673,-0.024581242720937944
20265.71848028009,-0.024825434606374396
20275.586715104506,-0.025065757721854702
20295.32318475334,-0.02553463016842663
20334.796124051,-0.02642027531916455
20344.664358875416,-0.026631057682745846
20354.532593699834,-0.026837824608067506
20374.269063348664,-0.027239122778523982
20413.74200264633,-0.027991374269962305
20423.610237470748,-0.02816864068205116
20433.478472295163,-0.028341477563326598
20453.214941943996,-0.028673630335857923
20492.68788124166,-0.029278783216155707
20502.55611606608,-0.029418349403497728
20512.424350890495,-0.029553418269729455
20532.160820539328,-0.029809797287088758
20542.029055363746,-0.029930969947485477
20551.89729018816,-0.030047370385841758
20571.633759836994,-0.030265562414530125
20581.501994661412,-0.030367204245762343
20591.370229485827,-0.030463774442582272
20601.23846431024,-0.03055519470101396
20611.10669913466,-0.03064138545379601
20620.974933959074,-0.030722265934559397
20630.84316878349,-0.030797697802320514
20650.579638432322,-0.03093379719160076
20660.447873256737,-0.030994440233604904
20670.316108081155,-0.03105002481985429
20680.18434290557,-0.03110045822733105
20690.052577729984,-0.031145646070154586
20699.920812554403,-0.031185492390228137
20709.789047378817,-0.031219899751914842
20719.657282203232,-0.031248769340751225
20729.52551702765,-0.031272001066199095
20739.39375185207,-0.031289493668436
20749.261986676484,-0.031301144829175495
20759.1302215009,-0.03130685128650412
20768.998456325317,-0.03130650895371932
20778.866691149735,-0.0313000130421412
20788.73492597415,-0.03128951019920256
20798.603160798564,-0.031275122061766164
20808.471395622983,-0.03125521937839638
20817.67861354151,-0.03123156703649822
20826.885831460033,-0.031202903046047906
20836.093049378556,-0.031169123864817107
20845.300267297083,-0.03113012504491952
20854.50748521561,-0.031085801349516915
20863.714703134134,-0.03103604687292523
20872.921921052657,-0.03098075516410955
20882.129138971184,-0.03091981935353821
20891.33635688971,-0.03085313228336763
20900.543574808235,-0.03078058664092065
20918.958010645285,-0.030617490437882228
20928.16522856381,-0.03052672572425231
20937.37244648233,-0.030429674421484594
20955.786882319382,-0.030234164107194476
20964.994100237906,-0.030130220016832108
20974.201318156433,-0.030020589469979708
20992.61575399348,-0.029783710727071186
21001.822971912006,-0.029656183345376955
21011.03018983053,-0.02952241152170184
21029.44462566758,-0.029235580190741805
21038.651843586107,-0.029082245447951485
21047.85906150463,-0.02892211621173435
21066.27349734168,-0.02858093691413272
21103.10236901578,-0.027820666650664922
21112.30958693431,-0.02763262968514169
21121.516804852832,-0.0274379596569583
21139.931240689883,-0.02702797271502954
21149.13845860841,-0.026812286486973085
21158.345676526933,-0.026589229179682372
21176.760112363983,-0.02612028932278938
21185.96733028251,-0.02587405844202241
21195.174548201034,-0.02561976047379912
21213.588984038084,-0.025086307480836584
21250.41785571218,-0.0239156407557933
21259.625073630705,-0.023610578888308094
21268.83229154923,-0.02332861980898853
21287.24672738628,-0.022739460884964844
21324.07559906038,-0.021453557875083563
21333.282816978906,-0.021108367397853222
21342.49003489743,-0.020753275420424402
21360.90447073448,-0.020012624893856128
21397.73334240858,-0.0184046767279459
21407.714492400806,-0.01793884775210405
21417.69564239303,-0.017512275557119185
21437.657942377482,-0.016654034876156548
21477.582542346383,-0.014771768324733954
21557.43174228419,-0.01044533456557589
21567.412892276414,-0.00990498022932233
21577.394042268643,-0.009346843455053698
21597.356342253093,-0.008176119628884693
21637.280942221994,-0.005611472797558002
21717.130142159796,-0.00020633275985793443
21727.11129215202,0.0005337084485420528
21737.092442144247,0.0012969009767448024
21757.054742128697,0.0028919914392701077
21796.9793420976,0.005915569499969792
21876.828542035404,0.01281460941079489
21886.80969202763,0.013666818047903378
21896.79084201986,0.014555241295220156
21916.75314200431,0.016436888277398577
21956.67774197321,0.020396613973494144
22036.52694191101,0.0287402014938511
22045.847074997346,0.029702462535497517
22055.16720808368,0.03070911311203503
22073.807474256348,0.0328432868764926
22111.088006601683,0.03718337833898271
22185.64907129236,0.046260901720036274
22194.969204378693,0.04742459145645835
22204.28933746503,0.04862921633417127
22222.929603637698,0.05112500690469429
22260.210135983034,0.05580095478178875
22269.530269069368,0.05702785879136584
22278.850402155702,0.05826644833903245
22297.49066832837,0.060561464674549606
22334.771200673706,0.06519988988540384
22344.09133376004,0.06625192751421663
22353.411466846374,0.06730806359240032
22372.05173301904,0.06935939468121942
22381.371866105375,0.07030002515430384
22390.69199919171,0.07119775724001434
22400.012132278043,0.07205772929293408
22409.332265364377,0.07284380534595253
22418.65239845071,0.07352014265331563
22427.972531537045,0.07409498006399398
22437.29266462338,0.07466476634764382
22446.612797709713,0.07510512797269292
22455.932930796047,0.075369135827035
22465.25306388238,0.07541138959096783
22474.57319696872,0.07538742811078429
22483.893330055053,0.07529024114691137
22493.213463141386,0.07491540431652027
22502.533596227724,0.07420599830041083
22511.853729314058,0.07310905734253068
22521.173862400392,0.07206224214501603
22530.493995486726,0.0706917062421529
22539.81412857306,0.06882669075444378
22549.134261659394,0.06640721845082331
22558.454394745728,0.0636040143080058
22567.77452783206,0.06053333544359457
22577.094660918396,0.056761252683064777
22586.41479400473,0.05223673870432671
22595.734927091064,0.04727594306490939
22605.055060177398,0.04154595706876727
22614.37519326373,0.03493313805145222
22623.695326350065,0.027523907204069227
22633.0154594364,0.019172426975793133
22642.152891943373,0.010140597552778727
22651.290324450347,-0.000019554935541316043
22660.42775695732,-0.010986805897827828
22669.565189464294,-0.0230654876828649
22678.702621971268,-0.03602385369596592
22687.84005447824,-0.049926099412435046
22706.11491949219,-0.0798548916481561
22715.252351999163,-0.09553408119082024
22724.389784506136,-0.11135071147729489
22733.52721701311,-0.1269703475388452
22742.664649520084,-0.14194182104873757
22751.802082027058,-0.15591007146028424
22760.93951453403,-0.1683055670450319
22770.076947041,-0.1787065109555965
22779.214379547975,-0.18671386255294314
22788.35181205495,-0.19189033547794815
22797.48924456192,-0.19399283743747076
22806.626677068893,-0.1928671024599527
22815.764109575866,-0.1885022860723446
22824.90154208284,-0.18104012449834334
22834.038974589814,-0.17074607294441768
22843.176407096787,-0.15804871802609374
22852.31383960376,-0.14334038026790907
22861.451272110735,-0.12713564187159207
22870.58870461771,-0.10995157784444588
22888.863569631656,-0.07472646450835811
22898.00100213863,-0.057466399838959355
22907.138434645603,-0.04084770349310974
22925.41329965955,-0.010420580423074411
22934.550732166525,0.0032809656949220403
22943.6881646735,0.015480184848537689
22952.825597180472,0.026620005706206058
22961.963029687446,0.036577414211404514
22971.10046219442,0.04531149280432502
22980.237894701393,0.052994400523245375
22989.375327208367,0.059664844627754
22998.51275971534,0.06537613556406836
23007.650192222314,0.07022792038008302
23016.787624729288,0.07431184839151556
23025.92505723626,0.07763952736292688
23035.062489743235,0.0804020979501651
23044.19992225021,0.08249557465389268
23053.337354757183,0.08421330469363296
23062.474787264153,0.08536582544531489
23071.612219771127,0.08622609697981501
23080.7496522781,0.08664528023625051
23089.88708478507,0.086838771309037
23099.024517292044,0.08669362675887143
23108.161949799018,0.08637514883844336
23117.29938230599,0.08580237631110407
23126.436814812965,0.08509354607087706
23135.57424731994,0.08420029160446009
23144.711679826913,0.08320064612069455
23153.849112333886,0.08206919245188952
23162.98654484086,0.08085076917517542
23181.261409854807,0.07817150327038783
23217.811139882702,0.07220659710296289
23227.722504463374,0.07048825389691991
23237.63386904405,0.06880061752618655
23257.456598205397,0.06528031715436963
23297.102056528092,0.05827603612960063
23376.392973173486,0.04481281001194914
23386.30433775416,0.043242564402721735
23396.215702334834,0.041764143141209506
23416.038431496185,0.038563680159146484
23455.68388981888,0.03266743525723853
23534.97480646427,0.021935207917275615
23544.886171044942,0.020677557977101572
23554.797535625617,0.019481947892415325
23574.620264786965,0.017078143496144314
23614.26572310966,0.012552303322439357
23624.177087690332,0.011427668375056464
23634.088452271008,0.01035159262849314
23653.911181432355,0.008349708032330524
23693.556639755054,0.004330966815086611
23703.46800433573,0.0034268838700589437
23713.3793689164,0.0024963797255901227
23733.202098077752,0.0006357757071959805
23772.847556400448,-0.0027716515646240628
23852.138473045838,-0.008918107967873368
23861.38882072062,-0.009550752763648593
23870.639168395403,-0.01020778473245978
23889.139863744967,-0.01149315188764558
23926.141254444097,-0.013859055590515814
23935.391602118878,-0.014439675814722865
23944.641949793662,-0.01500019063057384
23963.142645143227,-0.016062221077093985
24000.14403584236,-0.018135314567956674
24009.394383517145,-0.01862320858843787
24018.644731191926,-0.019093998745546147
24037.145426541494,-0.019985780838178993
24074.146817240624,-0.021749226375443596
24083.397164915405,-0.022161535305181453
24092.64751259019,-0.022559252521326907
24111.148207939754,-0.023312361841516457
24148.149598638884,-0.024776902471153356
24157.399946313664,-0.025118912523080572
24166.65029398845,-0.025448338796585895
24185.150989338013,-0.02607078008472956
24194.401337012794,-0.02636449174106468
24203.65168468758,-0.02667326252692996
24222.152380037143,-0.027259982558357203
24231.402727711924,-0.027536311870039635
24240.65307538671,-0.027801676456335543
24259.153770736273,-0.02830072292186371
24296.155161435407,-0.029234783805456396
24305.40550911019,-0.0294495920023456
24314.65585678497,-0.029654752398447108
24333.15655213454,-0.0300372088112253
24342.40689980932,-0.030215053142925344
24351.657247484105,-0.03039286754562666
24370.15794283367,-0.03073358724998352
24379.40829050845,-0.03089062907649477
24388.658638183235,-0.031039105117755025
24407.1593335328,-0.031311311070410575
24416.40968120758,-0.03143552038419423
24425.660028882365,-0.03155622472547034
24444.16072423193,-0.03178546679061517
24454.185003980412,-0.03189641622142185
24464.209283728895,-0.031998383089882926
24474.233563477377,-0.032091632208345856
24484.257843225863,-0.032176428698718854
24494.28212297435,-0.0322530375293461
24504.306402722832,-0.03232244652154153
24514.330682471315,-0.032391450610083
24524.354962219797,-0.032451830007144356
24534.37924196828,-0.032503809176257156
24544.403521716762,-0.03254761252696289
24554.427801465245,-0.032583464046278376
24564.452081213727,-0.03261158694066639
24574.47636096221,-0.032632203288668074
24584.500640710692,-0.03264553370431315
24594.524920459175,-0.03265179701139216
24604.54920020766,-0.032651209928648645
24614.573479956147,-0.032646498280599935
24624.59775970463,-0.0326363472674623
24634.622039453112,-0.03261876568663296
24644.646319201594,-0.03259393910651167
24654.670598950077,-0.03256205166989955
24664.69487869856,-0.03252328584544386
24674.719158447042,-0.032477822187759936
24684.743438195525,-0.03242583910625965
24694.767717944007,-0.0323675126427052
24704.79199769249,-0.032303016257483434
24714.816277440972,-0.03223252062458572
24724.84055718946,-0.03215658127944404
24734.864836937944,-0.03207468191318153
24744.889116686427,-0.031986328338465465
24764.937676183392,-0.031790862951278635
24774.961955931874,-0.03168404791691874
24784.986235680357,-0.031571371916006924
24805.034795177326,-0.031329003426137224
24815.05907492581,-0.03119958725437983
24825.083354674294,-0.031064862492305195
24845.13191417126,-0.030777614222845154
24855.15619391974,-0.030625185487779406
24865.180473668224,-0.0304672442818968
24885.22903316519,-0.030135303775287114
24925.326152159123,-0.029410404511234927
24935.35043190761,-0.029217106065293628
24945.37471165609,-0.029018351425695536
24965.423271153057,-0.02860306006677526
25005.520390146987,-0.027715242405312743
25085.714628134854,-0.025720244278528037
25095.556207303976,-0.025455241542072668
25105.3977864731,-0.025186305616336647
25125.080944811343,-0.024636908231510782
25164.447261487832,-0.02349382267528764
25243.179894840814,-0.021019030709617054
25400.645161546774,-0.015442708184886125
25410.486740715896,-0.015069737641676257
25420.32831988502,-0.014694184945400568
25440.011478223263,-0.013935486252878916
25479.377794899752,-0.012388052364329235
25558.110428252734,-0.00918801783147727
25715.575694958694,-0.0024584959739566287
25724.756257221925,-0.002054733767618084
25733.936819485156,-0.0016497809568137688
25752.297944011618,-0.0008364457612501968
25789.02019306454,0.0007918253899272746
25862.464691170393,0.004057786629116443
26009.353687382092,0.010618358961480345
26018.534249645323,0.011025525662212208
26027.714811908554,0.011432794382964878
26046.075936435016,0.01224737873235799
26082.79818548794,0.013874733417283345
26156.24268359379,0.01702650637356992
26303.13167980549,0.02306522140977911
26313.086174142423,0.023449862967173225
26323.040668479356,0.023833224549886234
26342.949657153218,0.024595349970203656
26382.767634500946,0.026095398501828748
26462.403589196398,0.028895298611368057
26472.358083533327,0.029221719037093162
26482.31257787026,0.029545723613791514
26502.221566544125,0.03018522275234075
26542.03954389185,0.03142068858576066
26551.994038228782,0.03171837810263129
26561.948532565715,0.03201083212440579
26581.857521239577,0.03257842653234561
26621.675498587305,0.03361161833953777
26631.629992924238,0.03385700701603111
26641.58448726117,0.03409775424939487
26661.493475935033,0.03456322741787025
26671.447970271962,0.034786872209227014
26681.402464608895,0.03500371471823741
26701.31145328276,0.0354147030903439
26711.265947619693,0.03560767932560757
26721.220441956622,0.03579151586937819
26741.129430630484,0.03613316946704734
26751.083924967417,0.03629528888804373
26761.03841930435,0.03645103781848937
26780.947407978212,0.03674030592408428
26790.90190231514,0.03687223201986269
26800.856396652074,0.03699460416774023
26810.810890989007,0.03710659811295613
26820.76538532594,0.037207381235788956
26830.719879662873,0.03729611419316478
26840.674373999802,0.03737195264357713
26850.62886833673,0.03743404905456908
26860.583362673664,0.03748155459153865
26870.537857010597,0.03753684237452701
26880.49235134753,0.0375873584870092
26890.446845684462,0.03762688634195875
26900.40134002139,0.037654264603486275
26910.35583435832,0.0376683250472192
26920.310328695254,0.03766789514748865
26930.264823032187,0.03765180080467478
26940.21931736912,0.037618869211195505
26949.51279480016,0.03757189566582872
26958.806272231202,0.0375082831080556
26968.099749662244,0.03742709440234783
26977.393227093282,0.03734126482659903
26986.68670452432,0.03728170244936594
26995.98018195536,0.03720745335436356
27005.273659386403,0.03711719103080986
27014.567136817444,0.03700959564080155
27023.860614248486,0.03688335721701995
27033.154091679524,0.03673717901162442
27042.44756911056,0.036569780991171474
27051.741046541603,0.036379903471028596
27061.034523972645,0.036166310881385805
27070.328001403686,0.035927795655539344
27088.914956265766,0.03546906942965552
27098.208433696804,0.03525586661421005
27107.501911127845,0.0350176979735145
27116.795388558887,0.03475281641754745
27126.08886598993,0.034459515395171114
27135.38234342097,0.03413613466066939
27144.675820852008,0.03378106624971959
27153.969298283046,0.033392760642877786
27163.262775714087,0.03296973309169955
27172.55625314513,0.03254139714659251
27181.84973057617,0.032195865845738844
27191.14320800721,0.03181434248177853
27200.43668543825,0.031394611862324714
27209.730162869288,0.030934548781177247
27219.02364030033,0.03043212723549725
27237.610595162412,0.029292657977335178
27246.904072593454,0.02865214084149454
27256.197550024495,0.027962346278527003
27265.491027455537,0.02745743619849102
27274.784504886575,0.026879460405085986
27284.077982317613,0.026245578261274806
27293.371459748654,0.02555341214848999
27311.958414610737,0.0239857315485259
27321.25189204178,0.0231065205565549
27330.545369472817,0.022200418993574257
27339.838846903855,0.0214684798651007
27349.132324334896,0.02066029744264771
27358.425801765938,0.019773257077333958
27367.71927919698,0.01880508314149934
27386.30623405906,0.016618059093209583
27395.599711490097,0.015396549871506529
27404.893188921138,0.01433321390731722
27414.18666635218,0.013289077048415632
27423.48014378322,0.012137620290847598
27432.773621214263,0.010877113566352167
27442.0670986453,0.009506429419990171
27460.65405350738,0.006471263687584713
27469.94753093842,0.005202957966747478
27479.241008369463,0.0037924662328013142
27488.534485800505,0.0022392601962975614
27497.827963231543,0.0005437544794233626
27507.12144066258,-0.0012926533899702206
27516.414918093622,-0.003267547562973004
27535.001872955705,-0.006686594296224903
27544.112649807386,-0.008550385128896637
27553.223426659064,-0.010591621374405856
27571.444980362423,-0.015185465939244434
27580.555757214104,-0.01743823410189401
27589.666534065782,-0.019542852900146054
27607.88808776914,-0.024425740483738592
27616.998864620822,-0.02718211483479971
27626.1096414725,-0.03009134647477285
27635.220418324177,-0.032585162134590666
27644.33119517586,-0.03535418580220761
27680.77430258258,-0.04814097280309511
27689.885079434258,-0.05139545990368474
27698.99585628594,-0.05493590279007499
27717.2174099893,-0.0627169316608094
27753.66051739602,-0.07844281321804097
27762.7712942477,-0.08284833462804528
27771.88207109938,-0.08705812875702884
27790.103624802738,-0.0955073998390673
27799.21440165442,-0.09991874430443436
27808.325178506097,-0.10432218741474912
27826.546732209456,-0.11255153868106209
27835.657509061137,-0.11645473613169394
27844.768285912814,-0.12010155164894433
27853.879062764492,-0.12340764688247474
27862.989839616173,-0.12628368394263323
27872.100616467855,-0.12861890995680067
27881.211393319532,-0.13029439740379864
27890.32217017121,-0.1311557097332332
27899.43294702289,-0.1310614580101383
27908.543723874573,-0.12983807239121828
27917.65450072625,-0.12733385204989311
27926.765277577928,-0.12333331327340233
27935.87605442961,-0.11768218926550691
27944.98683128129,-0.11021549729097829
27954.09760813297,-0.10086771514227265
27963.208384984653,-0.08929941433511569
27972.31916183633,-0.0759702342287339
27981.42993868801,-0.060136405151319974
27990.54071553969,-0.042522825139374804
27999.65149239137,-0.02322984626183917
28008.762269243052,-0.0025453478933760605
28017.873046094734,0.019090084556123717
28026.98382294641,0.04116016023236427
28045.20537664977,0.0842648078779839
28054.31615350145,0.10411539328328245
28063.42693035313,0.12209787404815489
28072.537707204807,0.1377669690762408
28081.648484056488,0.15075268482476056
28090.75926090817,0.16089762498441343
28099.870037759847,0.16814819449286034
28108.980814611525,0.17255900836299404
28118.091591463206,0.1743159469525443
28127.976300388586,0.17344138987056237
28137.861009313965,0.17006752495902175
28147.74571823935,0.16461063172439103
28157.630427164728,0.15746869988326676
28167.515136090107,0.14902925589347396
28177.39984501549,0.13974477370997906
28197.16926286625,0.1195721930994553
28207.05397179163,0.10919008580525447
28216.93868071701,0.09891236162500053
28236.708098567768,0.07900528067366475
28246.592807493147,0.06960659541082055
28256.477516418527,0.060598670710152056
28276.24693426929,0.04404850756248728
28286.13164319467,0.0364205996194525
28296.016352120052,0.02935310940162443
28305.90106104543,0.022692944388961397
28315.78576997081,0.016486271730108665
28325.67047889619,0.01078576390618273
28335.55518782157,0.005358550537268164
28355.32460567233,-0.004245469399974444
28365.20931459771,-0.008394623935340906
28375.09402352309,-0.012401384482093027
28384.97873244847,-0.016054854410760183
28394.86344137385,-0.019310337975290907
28404.74815029923,-0.02251348354099112
28414.632859224614,-0.02526932705277987
28424.517568149993,-0.027944994266100052
28434.402277075373,-0.03035497545990906
28444.286986000752,-0.03249787178605258
28454.17169492613,-0.034596014091856475
28464.056403851515,-0.03637029179416122
28473.941112776894,-0.03812520252872027
28483.825821702274,-0.039663118624091664
28493.710530627657,-0.04100961102048654
28503.595239553037,-0.042351561206217414
28513.479948478416,-0.0434654297078933
28523.364657403796,-0.044481677063443116
28533.249366329175,-0.045474817617504375
28543.134075254555,-0.04628428075670238
28553.018784179934,-0.04702291033733335
28562.903493105314,-0.047720720165353114
28572.788202030693,-0.0482716972813849
28582.672910956077,-0.0487889016110398
28592.557619881456,-0.04924754906078823
28602.442328806836,-0.049589695352019125
28612.32703773222,-0.04992181776356736
28622.2117466576,-0.05018657529909843
28632.096455582978,-0.050359615275833484
28641.981164508357,-0.050534259139192836
28651.865873433737,-0.05065193043569376
28661.750582359116,-0.050696163149319406
28671.635291284496,-0.050696017246903785
28681.520000209875,-0.05070295430055227
28691.404709135255,-0.05064892506824324
28701.289418060638,-0.0505428443758109
28711.174126986018,-0.05041841167475379
28721.058835911397,-0.0502763647558427
28730.94354483678,-0.05009095139372777
28740.82825376216,-0.049869761996903066
28750.71296268754,-0.049640179299120415
28759.936654707028,-0.04940219548397684
28769.160346726516,-0.049137770024225716
28787.607730765496,-0.048557370665336136
28796.831422784984,-0.048243065165471735
28806.055114804476,-0.0479100002346388
28824.502498843452,-0.04720297198059548
28833.72619086294,-0.04682738164559089
28842.94988288243,-0.04643894056640628
28861.397266921405,-0.04563084722633517
28898.292034999362,-0.04388252797902873
28907.51572701885,-0.043423230854520524
28916.739419038342,-0.042947636691096705
28935.18680307732,-0.04198223248504083
28972.08157115527,-0.03997612087995325
29045.871107311184,-0.03572765402413431
29055.094799330673,-0.03517357055443653
29064.31849135016,-0.03461056378979318
29082.76587538914,-0.03349244832104247
29119.660643467098,-0.031228240624402732
29193.450179623007,-0.02662767831554192
29341.02925193483,-0.017386078484787446
29351.325660307022,-0.016738716203890495
29361.622068679215,-0.016088695808188298
29382.214885423597,-0.014808754635993387
29423.400518912364,-0.012293549839480862
29505.771785889898,-0.007342115012432574
29516.06819426209,-0.006736227455558773
29526.364602634283,-0.00613742438198866
29546.957419378665,-0.004956096923759449
29588.143052867432,-0.0025724443944773693
29670.514319844966,0.0019747976842672587
29680.81072821716,0.002527591548022478
29691.10713658935,0.003073674472550946
29711.699953333733,0.004145668494966816
29752.8855868225,0.006275876574613537
29835.256853800034,0.01030486927901952
29845.553262172227,0.010792055531862379
29855.84967054442,0.01127277269689439
29876.4424872888,0.012214885775951227
29917.62812077757,0.014039061408390294
29927.92452914976,0.014488226022155257
29938.220937521954,0.014930970037464499
29958.813754266335,0.01579730499061331
29969.110162638528,0.016220962979109667
29979.406571010717,0.016638333922094586
29989.70297938291,0.017049462802209293
29999.999387755102,0.01745817539219488
