0.0006122448979591836,0.0029774092454875486
9.201537616788803,-0.01873213522592268
18.40246298867965,-0.039941776552119154
27.60338836057049,-0.06005443342912708
36.80431373246134,-0.07863089593377916
46.005239104352185,-0.0953017374311264
55.206164476243025,-0.1097726418580223
64.40708984813386,-0.12191608479422432
73.60801522002471,-0.13170204957472542
82.80894059191556,-0.13915342285255144
92.00986596380639,-0.14440219505598562
101.21079133569724,-0.1476387452377001
110.41171670758808,-0.14905854187280648
119.61264207947893,-0.14888782658954403
128.81356745136978,-0.14735668922144135
138.01449282326064,-0.14468970802696668
147.21541819515147,-0.1410981584972716
156.4163435670423,-0.13677336570204063
165.61726893893317,-0.13188495108522744
184.01911968271486,-0.12096735342642101
220.82282117027822,-0.09747788167671739
230.02374654216908,-0.09167633926040016
239.2246719140599,-0.08594596554405153
257.6265226578416,-0.0749808773097213
294.43022414540496,-0.055196887089701316
303.6311495172958,-0.05070956478214113
312.83207488918663,-0.04645066820154901
331.23392563296835,-0.03845044971047399
340.4348510048592,-0.03463703079125288
349.6357763767501,-0.03112992631741926
368.03762712053174,-0.02446155537917123
377.23855249242257,-0.021275390281921824
386.4394778643134,-0.018413823550754455
404.84132860809507,-0.012847987158535891
414.0422539799859,-0.010288011834622392
423.24317935187673,-0.007816540157429653
441.64503009565846,-0.0032668175358781526
450.8459554675493,-0.0012148251037353563
460.0468808394402,0.0008501305026431469
478.44873158322184,0.00457865336264883
487.6496569551127,0.006357041306115443
496.8505823270035,0.00795855926788205
515.2524330707852,0.011090613391190787
524.4533584426761,0.012560080565103857
533.6542838145668,0.013939164814347992
552.0561345583485,0.016532009258288762
561.2570599302394,0.017757527881094817
570.4579853021303,0.018851841699538425
588.859836045912,0.020969009084513407
598.8346934915032,0.022088360907952423
608.8095509370946,0.02308244279755016
628.7592658282774,0.02494387194300156
638.7341232738688,0.025856051970738085
648.7089807194601,0.026666891861368044
668.6586956106428,0.028173483853394035
678.6335530562342,0.028913638868712375
688.6084105018256,0.029571642493469
708.5581253930083,0.03078350179327597
718.5329828385995,0.0313795948994224
728.5078402841909,0.03190892211781926
748.4575551753737,0.032873825189211
758.4324126209651,0.03334825469110305
768.4072700665565,0.03376827275335401
788.3569849577392,0.03452442083808557
798.3318424033305,0.034895278773349026
808.3066998489219,0.03522166987980047
818.2815572945133,0.03550681712868896
828.2564147401047,0.03579982031090443
838.2312721856961,0.03608184014568796
848.2061296312875,0.03632742131404393
858.1809870768789,0.03653943522876685
868.1558445224701,0.03674917138971862
878.1307019680614,0.03695830276277198
888.1055594136528,0.03713716634099344
898.0804168592442,0.03728826694281155
908.0552743048356,0.037414159605647736
918.030131750427,0.0375575891826579
928.0049891960184,0.037680064396140474
937.9798466416098,0.03777909064566156
947.9547040872011,0.037856849724089744
957.9295615327924,0.03792201711370935
967.9044189783838,0.03799264170433856
977.8792764239752,0.03804330534091587
987.8541338695666,0.038075879743618875
997.828991315158,0.038092250126851614
1007.8038487607492,0.038104484270901594
1017.7787062063405,0.03811059361780158
1027.753563651932,0.03810119672340643
1037.7284210975233,0.03807791107450642
1047.7032785431147,0.038042355545400926
1057.6781359887061,0.03800506011307879
1067.6529934342975,0.03795686480681779
1077.627850879889,0.03789668513350884
1087.6027083254803,0.03782591155434587
1097.5775657710715,0.03774662461277564
1107.5524232166629,0.03766271000917329
1117.5272806622543,0.03756839341819812
1127.5021381078454,0.03746487418353282
1147.4518529990282,0.03723526538180676
1157.4267104446196,0.0371094782143714
1167.401567890211,0.036975656321451764
1187.3512827813938,0.036688008592252935
1197.3261402269852,0.03653379295065782
1207.3009976725766,0.036372025977011294
1227.2507125637592,0.036030914590766516
1236.5645531034593,0.035865201946269964
1245.8783936431591,0.035692343475424784
1264.5060747225593,0.03532735152934417
1301.7614368813597,0.03455348808483328
1311.0752774210598,0.03434614721422651
1320.38911796076,0.03413215704174222
1339.0167990401599,0.03369418229062357
1376.27216119896,0.0327862718045177
1385.5860017386601,0.03254344553345347
1394.8998422783602,0.032298011218052695
1413.5275233577602,0.0318008879752215
1450.7828855165603,0.0307763917880304
1525.2936098341609,0.028567451657162686
1534.607450373861,0.02827671423530884
1543.9212909135608,0.027985114442618225
1562.548971992961,0.027400290154482983
1599.8043341517614,0.026194025706093475
1674.3150584693617,0.02368596366359313
1823.3365071045625,0.01836515584877195
1832.467647064902,0.018028684434895734
1841.598787025241,0.017692672767324228
1859.86106694592,0.017022347738490762
1896.3856267872775,0.01566244297764533
1969.4347464699922,0.012912703786254682
2115.532985835422,0.007340061111708807
2124.6641257957617,0.006991448817112994
2133.795265756101,0.006643835189812038
2152.0575456767792,0.005951716468678233
2188.582105518137,0.004568017307792407
2261.631225200852,0.0018129625045619421
2407.7294645662814,-0.003573167332103784
2417.6345366003216,-0.003930385089716152
2427.5396086343612,-0.004285864955948385
2447.349752702441,-0.0049915507062009415
2486.9700408386007,-0.006388466436652923
2566.2106171109194,-0.00911161659812236
2576.115689144959,-0.009443331904781947
2586.0207611789992,-0.009776547356729764
2605.8309052470786,-0.010436682028840957
2645.451193383238,-0.011731340762982498
2724.6917696555574,-0.014218769439569866
2734.5968416895976,-0.014521474014374985
2744.5019137236372,-0.01482179040870078
2764.312057791717,-0.015415195616974305
2803.9323459278767,-0.016572661154642038
2883.1729222001954,-0.01876959744981807
2893.077994234235,-0.019032929348685935
2902.9830662682753,-0.019293560806657978
2922.7932103363546,-0.019806646840273893
2962.413498472514,-0.020799566869654236
3041.6540747448335,-0.022647992073430774
3050.8981298729823,-0.02285109220114638
3060.1421850011307,-0.02305155519631629
3078.630295257428,-0.02344448845805539
3115.606515770022,-0.024197791201104844
3124.85057089817,-0.02437920421250233
3134.094626026319,-0.02455780631264253
3152.5827362826158,-0.024906482498336026
3189.55895679521,-0.025567755425811783
3198.803011923359,-0.025725719495060702
3208.0470670515074,-0.025880763485783366
3226.5351773078046,-0.026181984123025342
3263.511397820399,-0.026748175968574414
3272.755452948548,-0.026882003226553555
3281.999508076696,-0.02701268225210686
3300.4876183329934,-0.027264471615451723
3337.4638388455874,-0.027728500393866394
3346.7078939737357,-0.027836547445330116
3355.9519491018846,-0.027941368971949633
3374.4400593581813,-0.02814119602032928
3383.68411448633,-0.02823613036314154
3392.9281696144785,-0.028327696854287748
3411.4162798707757,-0.028500577829015945
3420.6603349989246,-0.02858181679089419
3429.904390127073,-0.028659536896213395
3448.39250038337,-0.02880415321254675
3457.636555511519,-0.028871619840979773
3466.8806106396673,-0.02893569273567837
3485.3687208959645,-0.029053488509882337
3494.6127760241134,-0.029107125402535353
3503.8568311522617,-0.02915719664121285
3513.10088628041,-0.02920365777482737
3522.344941408559,-0.029246463821150932
3531.5889965367073,-0.02928556929735368
3540.8330516648557,-0.029320928251629318
3550.0771067930045,-0.029352494295904967
3559.321161921153,-0.029380220639632564
3568.5652170493013,-0.029404060124659064
3577.80927217745,-0.02942396526116983
3587.0533273055985,-0.029439888264700568
3596.297382433747,-0.02945185786107357
3605.5414375618957,-0.029462141321844836
3614.785492690044,-0.02946868551858032
3624.0295478181924,-0.02947143637134295
3633.2736029463413,-0.029470339293844974
3643.29159014819,-0.02946474181713479
3653.3095773500395,-0.029454489857145424
3663.327564551889,-0.029439512304262755
3673.3455517537377,-0.02941973762294408
3683.3635389555866,-0.029395093927541284
3693.381526157436,-0.029365509060147052
3703.3995133592853,-0.029330910670444212
3713.417500561134,-0.029291226297534386
3723.435487762983,-0.029246383453720392
3733.4534749648324,-0.029196309710212285
3743.4714621666817,-0.029136560070056786
3753.4894493685306,-0.029082599744213386
3763.5074365703795,-0.029023870714454746
3773.5254237722284,-0.028960283427183837
3793.5613981759266,-0.028818174203982284
3803.579385377776,-0.02873947182398727
3813.597372579625,-0.028655550520801952
3833.6333469833226,-0.02847169046053318
3843.6513341851714,-0.02837157200199513
3853.669321387021,-0.028265875459220047
3873.705295790719,-0.028037394175034636
3883.723282992568,-0.027914434342516187
3893.741270194417,-0.02778554650316494
3913.7772445981154,-0.027509647728536247
3953.849193405512,-0.026919775375888546
3963.8671806073608,-0.02676572287407877
3973.88516780921,-0.02660586767601391
3993.9211422129083,-0.026268278179205858
4003.939129414757,-0.026090311739242124
4013.957116616606,-0.025906078693666693
4033.9930910203043,-0.02551836736827985
4044.0110782221536,-0.025314671647771694
4054.0290654240025,-0.025104274834040485
4074.0650398277003,-0.024662970502012382
4114.136988635097,-0.023695636705691282
4124.154975836946,-0.0234606156756205
4134.1729630387945,-0.023221567917758718
4154.208937442493,-0.022722711566420153
4194.28088624989,-0.021638045244493212
4204.2988734517385,-0.02134799843698898
4214.316860653587,-0.021050156409866516
4234.352835057286,-0.02043064331717636
4274.4247838646825,-0.019098010501977295
4284.260070487171,-0.018788411257101123
4294.09535710966,-0.018470872382031097
4313.765930354636,-0.017811357320304207
4353.10707684459,-0.01639066921546418
4431.789369824497,-0.0131769666385778
4441.624656446986,-0.012778267468832871
4451.459943069474,-0.012369587275971858
4471.130516314451,-0.011521760352552077
4510.471662804404,-0.009701378253568725
4589.153955784311,-0.005811989516776759
4598.989242406798,-0.005303983759869258
4608.824529029287,-0.0047836067954768295
4628.495102274264,-0.0037057155864443185
4667.836248764217,-0.0014026252574610518
4746.518541744124,0.003217704942817142
4903.883127703939,0.01382005769652023
4913.057397420536,0.01447830271537085
4922.231667137134,0.015153887500868374
4940.580206570327,0.016554582492553458
4977.277285436716,0.019441492344008902
5050.671443169492,0.025336147859041737
5197.459758635045,0.03796730625314051
5206.634028351642,0.038776715838812426
5215.808298068239,0.03955334260553032
5234.156837501433,0.04117834875765756
5270.8539163678215,0.04456443774481802
5280.028186084419,0.04533948977405008
5289.202455801016,0.04613879334449637
5307.55099523421,0.04778548548034961
5344.248074100598,0.051020867384034066
5353.422343817196,0.05179855631539227
5362.596613533793,0.052581517084389476
5380.945152966987,0.05412673461307842
5390.119422683583,0.05486527684825442
5399.293692400181,0.05557884530096189
5417.642231833375,0.05699041831898147
5426.816501549973,0.057663542410578646
5435.990771266569,0.05829821316586095
5445.165040983165,0.05890618498882423
5454.339310699763,0.05950953709890567
5463.51358041636,0.06007863081335302
5472.6878501329575,0.06059688836698284
5481.862119849555,0.06104787073476958
5491.036389566151,0.06147145491780681
5500.9845913564495,0.061932675089905506
5510.932793146747,0.06230407518596362
5520.880994937044,0.06255871134057957
5530.829196727342,0.06267039197917439
5540.777398517639,0.06286301129209129
5550.7256003079365,0.06294200696279989
5560.673802098234,0.06284429585049182
5570.622003888531,0.06253701840426157
5580.570205678829,0.06215068785577481
5590.518407469126,0.061807068582819896
5600.466609259423,0.061198646813299284
5610.414811049722,0.06028513839480903
5620.36301284002,0.059029723473367254
5630.311214630317,0.05796493467364988
5640.259416420615,0.05660843720685465
5650.207618210912,0.05481278336100631
5660.15582000121,0.05253697132749218
5670.104021791507,0.050155140531318324
5680.052223581804,0.04755901598477845
5690.000425372103,0.04435089108576798
5699.948627162401,0.04049559873633737
5709.896828952698,0.03665121890267987
5719.845030742996,0.032022105692944156
5729.793232533293,0.02672300149245202
5739.7414343235905,0.02100880121030907
5749.689636113888,0.014433287146879789
5759.637837904185,0.007269191437822703
5769.586039694484,-0.0007103979112807884
5779.534241484782,-0.009496033133028353
5789.482443275079,-0.019121173945159373
5809.378846855674,-0.04092550888431337
5819.327048645971,-0.053062399301178106
5829.275250436269,-0.06592578021058816
5849.1716540168645,-0.09353749595406946
5859.119855807163,-0.1079073012848942
5869.06805759746,-0.1222208547127828
5879.016259387758,-0.13623605920528012
5888.964461178055,-0.14949380591897424
5898.912662968352,-0.16147880990214525
5908.86086475865,-0.17173834555163936
5918.809066548947,-0.17976836467893872
5928.7572683392455,-0.1850621451959231
5938.705470129544,-0.18721000809406957
5948.653671919841,-0.18592243620411264
5958.6018737101385,-0.18106367857369937
5968.550075500436,-0.17267575800257778
5978.498277290733,-0.1609805130389706
5988.446479081031,-0.14636115889888693
5998.394680871328,-0.12933018572560911
6008.342882661626,-0.1106503642602526
6018.291084451925,-0.0908834959093405
6028.239286242222,-0.07066283196248949
6048.135689822817,-0.031019036749405093
6058.083891613114,-0.012761036786234668
6068.032093403412,0.004367589443010904
6077.980295193709,0.019892106802890178
6087.928496984007,0.033783175904628995
6097.876698774306,0.04597421057062221
6107.824900564603,0.05659922720261261
6117.7731023549,0.06569132561037518
6127.721304145198,0.07326370489830686
6137.008489029604,0.07917062891888668
6146.29567391401,0.08401931954651765
6155.582858798416,0.08791972502355253
6164.870043682823,0.09096980105843562
6174.15722856723,0.09326521298424426
6183.444413451636,0.09489007848218195
6192.731598336042,0.09595858078526712
6202.018783220448,0.09650967350635568
6211.305968104854,0.09660860381066488
6220.5931529892605,0.09636189249937568
6229.880337873667,0.09577614501563418
6239.167522758074,0.09491858921212841
6248.454707642481,0.09383563264370934
6257.741892526887,0.09255281466519592
6267.029077411293,0.09110951981807003
6276.316262295699,0.08953311768291312
6285.603447180105,0.08785150879396066
6294.890632064511,0.0860671797037802
6313.465001833324,0.08232596511613247
6350.613741370949,0.07445669593490184
6424.911220446199,0.058705558614788954
6434.198405330606,0.05686724940159851
6443.485590215012,0.055011463517456526
6462.059959983824,0.0513493926043187
6499.208699521449,0.0444732323818457
6508.495884405855,0.04291268338764396
6517.783069290261,0.041289938361177274
6536.357439059074,0.03807621381220564
6573.506178596699,0.03214565489756977
6582.793363481105,0.030783746307971774
6592.080548365511,0.029434237047185494
6610.654918134324,0.02665654880093104
6647.80365767195,0.02157877346401122
6722.1011367472,0.012533443907092351
6731.205621052246,0.011528989473044253
6740.310105357292,0.010580592556607857
6758.519073967383,0.008584729458395168
6794.937011187565,0.004921514433780444
6804.041495492611,0.0040444172245194115
6813.145979797657,0.0032110313703134774
6831.3549484077475,0.0015261027449842215
6867.77288562793,-0.0015842781113580597
6876.877369932976,-0.002380186036950234
6885.981854238022,-0.003142915722320151
6904.1908228481125,-0.0045692048360887715
6940.608760068295,-0.007307928302984733
7013.444634508659,-0.012136708869210481
7022.549118813704,-0.012718768827953628
7031.65360311875,-0.013278516610645899
7049.862571728841,-0.014332588570885797
7086.280508949023,-0.016350048773421933
7095.384993254069,-0.016821438114684742
7104.489477559115,-0.0172742967971413
7122.698446169205,-0.018197059382695557
7159.116383389388,-0.019875000727157224
7168.220867694434,-0.020300005553352325
7177.32535199948,-0.020709558243457125
7195.53432060957,-0.021483787543094997
7231.952257829753,-0.022897665229747795
7241.056742134799,-0.023249204254066975
7250.1612264398445,-0.02358772249087107
7268.370195049935,-0.02422713620703444
7304.788132270118,-0.02540849559836556
7314.666548648864,-0.02571861279175501
7324.54496502761,-0.02601578773853912
7344.301797785102,-0.02657303232377517
7354.180214163849,-0.026833989852556823
7364.058630542595,-0.027095463681087326
7383.815463300087,-0.027608575487868336
7393.693879678833,-0.02784819863142349
7403.572296057579,-0.028077045681477206
7423.329128815071,-0.02850398910315841
7433.207545193818,-0.028714292511038027
7443.085961572564,-0.028920538339000414
7462.842794330056,-0.02930322897446303
7472.721210708802,-0.02948035825666021
7482.599627087548,-0.02964847279498745
7502.35645984504,-0.029969135038434864
7512.234876223787,-0.030123606669274997
7522.113292602533,-0.030269263985199833
7541.870125360025,-0.03053534662550318
7551.748541738771,-0.03065638138575453
7561.626958117517,-0.03076981965108277
7571.505374496262,-0.030884118387542302
7581.383790875009,-0.0309905292888005
7591.262207253756,-0.031089147881000097
7601.140623632502,-0.031180240657058954
7620.897456389994,-0.03134091501713153
7630.77587276874,-0.0314088517422687
7640.6542891474855,-0.031479003705281214
7650.532705526231,-0.031541805545078405
7660.411121904978,-0.031597485800767725
7670.289538283725,-0.03164627266072258
7680.167954662471,-0.03168839362632721
7690.046371041217,-0.03172407518563556
7699.924787419963,-0.03175354249704368
7709.803203798709,-0.03177701908304558
7719.6816201774545,-0.031794726534110904
7729.5600365562,-0.031808555461483555
7739.438452934947,-0.03181786516441267
7749.316869313694,-0.0318208879057322
7759.19528569244,-0.03181781424725064
7769.073702071186,-0.031808833259653224
7778.952118449932,-0.031794132285811974
7788.830534828678,-0.03177389671218598
7798.7089512074235,-0.031748309748320394
7808.587367586169,-0.031717552214434584
7818.465783964916,-0.0316818023370724
7828.344200343663,-0.031641419341384626
7838.222616722409,-0.0315955419627575
7848.101033101155,-0.031544226601624814
7857.979449479901,-0.03148763054965531
7867.857865858647,-0.03142590901311105
7877.7362822373925,-0.03135921494974269
7887.614698616138,-0.031287698912233694
7897.493114994884,-0.031211508898161856
7907.37153137363,-0.031130790206434698
7917.249947752376,-0.031045409964456955
7937.006780509869,-0.030858091816867696
7946.224179982724,-0.030764139329286455
7955.441579455579,-0.030666157997169628
7973.876378401288,-0.030458518958784445
7983.093777874143,-0.030349061668372056
7992.311177346997,-0.03023597622145588
8010.7459762927065,-0.02999929965556154
8019.963375765561,-0.02987325356523598
8029.180775238416,-0.02974345014793587
8047.615574184126,-0.029472835612434124
8084.485172075545,-0.02888993956128508
8093.7025715484,-0.02873600613620566
8102.919971021254,-0.028578942898961346
8121.354769966964,-0.02825030494986769
8158.224367858384,-0.027551931977067366
8231.963563641222,-0.02600131080750985
8241.180963114079,-0.025792631566276147
8250.398362586933,-0.025581154202331334
8268.833161532642,-0.025150024167101145
8305.70275942406,-0.02425555978813363
8379.441955206898,-0.02231715207901578
8526.920346772575,-0.017966846392585507
8536.911678319131,-0.017651650219294532
8546.903009865686,-0.017334245744283074
8566.885672958797,-0.016692965030547853
8606.850999145017,-0.015374531262612328
8686.78165151746,-0.012642823740199004
8846.642956262345,-0.006842481370656963
9166.365565752114,0.005482449268623522
9176.174196719308,0.005863993353490993
9185.982827686505,0.006245603991613018
9205.600089620893,0.007008840477802865
9244.834613489671,0.008533989579841639
9323.303661227228,0.011528574564383547
9480.241756702342,0.017354452037968697
9490.050387669537,0.017699688565715535
9499.859018636733,0.018041265524349207
9519.476280571122,0.018721325255821365
9558.7108044399,0.020066631443756096
9637.179852177456,0.02267539003221983
9646.98848314465,0.022991576878117936
9656.797114111847,0.023305138594006174
9676.414376046236,0.023923489260590274
9715.648899915013,0.025094217813322967
9794.11794765257,0.027317785891324466
9803.265561713873,0.027563835914603204
9812.413175775178,0.02780662477653764
9830.708403897785,0.02828179836551935
9867.298860142997,0.029183883580456375
9876.4464742043,0.029396150627266873
9885.594088265603,0.029605821524466128
9903.88931638821,0.030016630321048603
9940.479772633424,0.030798647758561074
9949.627386694727,0.03098471250972734
9958.775000756032,0.03116657743129823
9977.070228878638,0.03151683033933936
9986.217842939941,0.03168477125084016
9995.365457001244,0.03184761859494143
10013.66068512385,0.03215710623781307
10022.808299185153,0.03230327720375974
10031.955913246456,0.032443416423185115
10050.251141369063,0.03270931976480994
10059.398755430366,0.032839458368063894
10068.546369491669,0.03296518576337275
10086.841597614277,0.033202201066539094
10095.98921167558,0.033312875279688674
10105.136825736885,0.03341791154262435
10114.284439798188,0.033516993727071814
10123.432053859491,0.033609802626825155
10132.579667920794,0.03369601633357275
10141.727281982097,0.0337753106278074
10150.8748960434,0.03384735938480753
10160.022510104704,0.03391183499563157
10169.170124166007,0.033968408803014515
10178.31773822731,0.034016751552011955
10187.465352288613,0.03405653385517745
10196.612966349916,0.034078443659981535
10205.760580411219,0.03412462531092918
10214.908194472522,0.03416435573180839
10224.055808533827,0.034197189243961874
10233.20342259513,0.03422267737667043
10242.351036656433,0.03424036946582192
10251.498650717738,0.03424981327752096
10260.646264779041,0.03425055565662053
10269.793878840344,0.0342421432000527
10278.941492901648,0.0342241229547361
10288.08910696295,0.034196043139725935
10297.236721024254,0.03415745389216241
10306.384335085557,0.03410790803645797
10315.53194914686,0.034046961876039235
10324.679563208163,0.03397417600684575
10333.827177269466,0.03388911615165176
10342.97479133077,0.033791354014157664
10352.122405392072,0.033723222335535284
10361.270019453375,0.033652579581119266
10370.41763351468,0.03357087206928587
10379.565247575983,0.03347747229365123
10389.486793710988,0.03336222886808348
10399.408339845992,0.033231712217832964
10409.329885980995,0.03308514601721704
10419.251432115998,0.03292176591600056
10429.172978251001,0.0327408214673413
10439.094524386006,0.03254157811017086
10449.016070521011,0.03232331920198413
10458.937616656014,0.032085348097472335
10468.859162791017,0.031849532784010745
10478.780708926022,0.031658117046301774
10488.702255061027,0.031447709072714776
10498.62380119603,0.03121726124022781
10508.545347331034,0.030965749923952554
10518.466893466037,0.030692178432903425
10538.309985736045,0.030075021073327025
10548.23153187105,0.029729604133468014
10558.153078006053,0.029358471302917716
10577.99617027606,0.028535843608242843
10587.917716411062,0.028199771879023484
10597.839262546067,0.027848120810859342
10617.682354816076,0.0270566895123131
10627.603900951079,0.026614519625006532
10637.525447086084,0.026139894181335267
10657.368539356092,0.025089245259070452
10697.054723896106,0.022932217256387874
10706.976270031111,0.02237133458759705
10716.897816166114,0.021767977803058832
10736.74090843612,0.020429336749937906
10776.427092976137,0.017462210520791877
10786.34863911114,0.016753405693896866
10796.270185246145,0.01598792307444157
10816.113277516153,0.014282794745203713
10855.799462056168,0.010513761327427127
10865.721008191173,0.009590887563543045
10875.642554326176,0.008592535720298635
10895.485646596182,0.0063679990187377675
10935.171831136198,0.001627449797915216
10945.093377271201,0.0004333675632467726
10955.014923406206,-0.0008608936517572816
10974.858015676215,-0.0037447522004223355
11014.544200216229,-0.009683599586745001
11023.804729445343,-0.011175943319022587
11033.065258674455,-0.012776686164947607
11051.586317132678,-0.016286941332799773
11060.84684636179,-0.017872643510650245
11070.107375590904,-0.019447602189621195
11088.62843404913,-0.02301476359366441
11097.888963278241,-0.024992953271220794
11107.149492507355,-0.027089870099260567
11125.67055096558,-0.03097696681145818
11162.71266788203,-0.03993155816517756
11171.973197111143,-0.042101960302071625
11181.233726340255,-0.044356710942978654
11199.754784798479,-0.04938310836095095
11236.79690171493,-0.05987974587832953
11310.88113554783,-0.08344231309750053
11320.141664776944,-0.08629525754399639
11329.402194006056,-0.08916099617802635
11347.92325246428,-0.0949611644361041
11357.183781693391,-0.09772825930942207
11366.444310922505,-0.10027229817842179
11375.704840151619,-0.10268909411650012
11384.96536938073,-0.10488708291090725
11394.225898609842,-0.10681998460435016
11403.486427838956,-0.10841559767804979
11412.74695706807,-0.10961978257239588
11422.007486297181,-0.11034402337026436
11431.268015526293,-0.11050359621505688
11440.528544755405,-0.11000509639407727
11449.789073984517,-0.10873040212878227
11459.04960321363,-0.10658662631952304
11468.310132442744,-0.10340848393135874
11477.570661671856,-0.09908196546386484
11486.831190900968,-0.09350493012100948
11496.09172013008,-0.08651824941203495
11505.352249359192,-0.0780233615009403
11514.612778588305,-0.06789691627887665
11523.87330781742,-0.05604080281298916
11533.133837046531,-0.04246441390068937
11542.394366275643,-0.027165637573910287
11551.654895504756,-0.010419072222478107
11570.175953962982,0.02712158749545989
11579.436483192094,0.04725287298559941
11588.697012421206,0.06765765633955725
11607.218070879431,0.10722111376819518
11617.252532182243,0.12670860836542136
11627.286993485057,0.14395200476915904
11637.32145478787,0.15838574698170424
11647.355916090684,0.16954175483266493
11657.390377393498,0.17720682143365807
11667.42483869631,0.18133355974765242
11677.459299999122,0.18203300475065043
11687.493761301936,0.17956391165526098
11697.52822260475,0.1743330934368618
11707.562683907561,0.16676869671408118
11717.597145210373,0.15731840751073306
11727.631606513187,0.14655253675087634
11737.666067816,0.1348724358401729
11747.700529118814,0.12252416195743229
11767.76945172444,0.09764627872622907
11777.803913027252,0.08540601225212194
11787.838374330066,0.07367284912815476
11797.87283563288,0.06242639282589127
11807.907296935693,0.05177180340389004
11817.941758238507,0.04179109173673616
11827.976219541319,0.03246951773982165
11848.045142146944,0.015859685330925924
11858.079603449758,0.008441935728790137
11868.11406475257,0.0017287976352938633
11878.148526055382,-0.004477217765199035
11888.182987358196,-0.010090325759231092
11898.21744866101,-0.015233801267057936
11908.251909963823,-0.01989384372082531
11918.286371266637,-0.02410393375670837
11928.320832569449,-0.027950904426049604
11938.35529387226,-0.0313639962656466
11948.389755175074,-0.03452071254711518
11958.424216477888,-0.037260339875852914
11968.458677780702,-0.03983353030339786
11978.493139083515,-0.042007981739422065
11988.527600386327,-0.04410238310300088
11998.56206168914,-0.04586085432621108
12008.596522991953,-0.0474172422647921
12018.630984294767,-0.048874774581468695
12028.665445597579,-0.050032817163707985
12038.69990690039,-0.05115813302495445
12048.734368203204,-0.0520950311552496
12058.768829506018,-0.05284508568234106
12068.803290808832,-0.053584088793902244
12078.837752111645,-0.054129207268040234
12088.872213414457,-0.05460641439929881
12098.90667471727,-0.05500294843983092
12108.941136020083,-0.05525599570026678
12118.975597322897,-0.05550990604588351
12129.01005862571,-0.05564931355870426
12139.044519928524,-0.05570979886877445
12149.078981231336,-0.055757356919174
12159.113442534148,-0.05571329337653657
12169.147903836962,-0.05559554975789005
12179.182365139775,-0.055489686791452254
12189.216826442587,-0.05531248433213532
12199.2512877454,-0.055080290700386746
12209.285749048213,-0.05483151209681571
12219.320210351027,-0.05454398885821758
12229.35467165384,-0.05421670281530593
12249.423594259466,-0.05349089153662388
12259.275354982918,-0.05309386180722969
12269.127115706371,-0.05267896476048749
12288.830637153274,-0.05178198748744649
12328.237680047085,-0.04979810666788579
12338.089440770538,-0.049269248308558965
12347.94120149399,-0.048719731930864554
12367.644722940895,-0.04762300996771653
12407.051765834703,-0.04527397633284783
12416.903526558155,-0.044679495525809645
12426.755287281609,-0.0440542074694691
12446.458808728512,-0.04281876390110867
12485.865851622322,-0.04029946791424828
12564.679937409941,-0.03516113077365439
12574.531698133393,-0.03450219283027771
12584.383458856846,-0.033854634724311154
12604.08698030375,-0.03257445747509292
12643.49402319756,-0.02997624489670579
12722.308108985178,-0.02478810340896942
12879.936280560416,-0.014837805403365037
12889.127024377976,-0.01428285452717497
12898.317768195539,-0.013707076398491128
12916.69925583066,-0.012579023038192551
12953.462231100904,-0.010409892154405138
13026.988181641393,-0.006132294929226719
13036.178925458953,-0.005604648912689489
13045.369669276515,-0.005084081635449912
13063.751156911636,-0.004064394024966403
13100.514132181881,-0.00204706336076983
13174.04008272237,0.0018355845083729903
13183.23082653993,0.0023099648014138848
13192.421570357492,0.00277810262661683
13210.803057992613,0.003695730482512447
13247.566033262858,0.0054902332239137284
13321.091983803346,0.008937806700533192
13330.282727620906,0.00934783337367006
13339.473471438469,0.009767417097897656
13357.85495907359,0.010589940226952279
13394.617934343834,0.012169469344572607
13468.143884884323,0.015152471815795506
13478.108560775585,0.015536799115881529
13488.073236666845,0.015915173693149796
13508.00258844937,0.016654356851453965
13547.861292014415,0.01810459662955788
13557.825967905675,0.018453818712147078
13567.790643796938,0.018797256285032628
13587.71999557946,0.01946703623605009
13627.578699144507,0.020758742229262803
13637.54337503577,0.02107111128396369
13647.50805092703,0.021377814706421968
13667.437402709555,0.021974450235491765
13707.2961062746,0.02310815458605625
13787.013513404692,0.025147561614585315
13796.978189295955,0.025378740075893465
13806.942865187215,0.02560885570481576
13826.87221696974,0.026052514335017804
13866.730920534785,0.026874651781692648
13876.695596426045,0.027066841454834383
13886.660272317307,0.027253773932081934
13906.58962409983,0.027612027670716334
13946.448327664877,0.028272319278655422
13956.41300355614,0.028425061822552347
13966.3776794474,0.028572452942643954
13986.307031229924,0.028851297626506428
13996.271707121185,0.02898280857076243
14006.236383012447,0.02910908271948179
14026.16573479497,0.02934602968423132
14036.13041068623,0.029456755418314544
14046.095086577492,0.02956235007852838
14066.024438360015,0.02975892679588382
14075.989114251277,0.02984967103824729
14085.95379014254,0.029935120309319364
14105.883141925062,0.03009020913433185
14115.186800910433,0.030155424541078384
14124.490459895802,0.03021608577005376
14133.794118881173,0.030272205995518983
14143.097777866544,0.030323797788557857
14152.401436851913,0.030370873096193553
14161.705095837284,0.030413443221992083
14171.008754822655,0.0304515188081592
14180.312413808024,0.030485109819131904
14189.616072793393,0.030514225526669277
14198.919731778764,0.030538755623928757
14208.223390764135,0.03055872759632112
14217.527049749504,0.03057414416838712
14226.830708734875,0.03058501189538795
14236.134367720246,0.030591336715101988
14245.438026705615,0.03059312394172612
14254.741685690986,0.030590378261208865
14264.045344676357,0.03058310372801619
14273.349003661726,0.030571303763326306
14282.652662647097,0.030554981154653126
14291.956321632468,0.03053413805689406
14301.259980617837,0.03050877599480034
14310.563639603208,0.030478895866865023
14319.867298588579,0.03044449795062491
14329.170957573948,0.030405271717631376
14338.474616559317,0.03036182652077077
14347.778275544688,0.030313870566189012
14357.081934530059,0.0302614016819251
14366.385593515428,0.03020441711070989
14375.689252500799,0.03014291352368804
14384.99291148617,0.03007688703551653
14403.60022945691,0.02993124713206134
14412.90388844228,0.02985162331861897
14422.20754742765,0.029767455847390913
14440.814865398392,0.029585463918878632
14450.11852438376,0.02948762538587952
14459.422183369132,0.029385215093868364
14478.029501339872,0.029167837706158065
14487.33316032524,0.029052780207313125
14496.636819310612,0.028933224466662563
14515.244137281352,0.028680571871333417
14552.458773222834,0.02812076051020783
14561.762432208205,0.027969378287042296
14571.066091193574,0.02781339831253146
14589.673409164316,0.0274875924889193
14626.888045105796,0.026789201164987706
14636.191704091165,0.026603936950759858
14645.495363076536,0.026414142279899466
14664.102681047276,0.026020886106849356
14701.317316988758,0.02517919034155762
14710.438275394768,0.02496157107508921
14719.559233800777,0.02473945996622815
14737.801150612795,0.02427644520912772
14774.284984236834,0.0233355524359248
14847.25265148491,0.021244948109616343
14856.373609890921,0.020963577967068728
14865.49456829693,0.020677685007244092
14883.736485108948,0.020092263395809815
14920.220318732987,0.018866490923827913
14993.187985981063,0.016294660520877705
15002.308944387074,0.01595802526382826
15011.429902793083,0.015616887177027413
15029.6718196051,0.014921003632302834
15066.15565322914,0.013474264633316923
15139.123320477216,0.01035911151662336
15285.058654973369,0.003687367500508361
15294.953545453078,0.0031931357527446736
15304.848435932789,0.002693497676638599
15324.63821689221,0.0016782682140752542
15364.21777881105,-0.00035767789666569724
15443.376902648732,-0.004409995836895707
15601.695150324093,-0.013244478222662885
15611.590040803803,-0.013802744312070316
15621.484931283512,-0.014367096742898147
15641.274712242932,-0.015512919651237075
15680.854274161773,-0.017863647785832812
15760.013397999453,-0.02242561773830693
15918.331645674814,-0.031610452941112935
15927.565519248634,-0.03213922935366066
15936.799392822451,-0.03266833679510377
15955.267139970088,-0.03372340374594013
15992.202634265364,-0.03569654464544747
16001.436507839182,-0.036182078906718686
16010.670381413001,-0.03666924236745825
16029.13812856064,-0.03764254713249008
16066.073622855914,-0.03954130619455812
16075.307496429734,-0.039996469774794846
16084.541370003551,-0.04041998763447621
16103.009117151189,-0.04127146172333133
16139.944611446464,-0.042914898873851866
16149.178485020282,-0.04329956935980337
16158.412358594102,-0.043668891478491
16176.88010574174,-0.044375607557289025
16186.11397931556,-0.04472117316735624
16195.347852889377,-0.045056387036560105
16213.815600037015,-0.04568216190683049
16223.049473610834,-0.04596585346791301
16232.283347184652,-0.04622547481277926
16241.51722075847,-0.04645756795973749
16250.751094332289,-0.04667038513956313
16259.984967906108,-0.04691157419276921
16269.218841479928,-0.04713264896408104
16278.452715053747,-0.04732877699301333
16287.686588627565,-0.04749512980186729
16296.920462201382,-0.04762690007223008
16306.154335775202,-0.047719320247363806
16315.388209349021,-0.047767682486298646
16324.62208292284,-0.04780404900447955
16333.85595649666,-0.047893416403525346
16343.089830070478,-0.04794194523967389
16352.323703644295,-0.0479430553584831
16361.557577218115,-0.04789027524045001
16370.791450791934,-0.04777727297373156
16380.025324365752,-0.04759788936885409
16389.25919793957,-0.0473461729645547
16398.49307151339,-0.04717833879125229
16407.726945087208,-0.0470314177722512
16416.960818661028,-0.04680899900799348
16426.194692234847,-0.04650237041724633
16435.428565808666,-0.04610316645630137
16444.662439382486,-0.04560342408119633
16453.896312956305,-0.04499564146937875
16463.13018653012,-0.04436653788523913
16472.36406010394,-0.0439116111548315
16481.59793367776,-0.043333365537855384
16490.831807251576,-0.042621013783909305
16500.065680825395,-0.04176454743500515
16509.299554399215,-0.04075483005792895
16519.307360046732,-0.039419182068209595
16529.315165694254,-0.03851510041674393
16539.322971341775,-0.037390029319908105
16549.330776989293,-0.03602853514460477
16559.33858263681,-0.03441727432186802
16569.34638828433,-0.032545208657221186
16589.36199957937,-0.028914830524271466
16599.36980522689,-0.026967419070060346
16609.37761087441,-0.024668445245241633
16619.38541652193,-0.022008464897316164
16629.39322216945,-0.01898232838431104
16639.401027816966,-0.016023536130402923
16649.408833464484,-0.0133021442103778
16659.416639112,-0.010086877883578094
16669.424444759523,-0.006375559682565167
16679.432250407044,-0.0021731905181048977
16689.440056054562,0.0025077551109674787
16699.44786170208,0.006802895294255186
16709.455667349597,0.011256416373544409
16719.463472997115,0.016362746245695434
16729.471278644636,0.022092811678385085
16739.479084292157,0.028406167045201755
16749.486889939675,0.049914130257776496
16759.494695587193,0.04144462328461919
16769.502501234714,0.04865437723455021
16779.510306882235,0.05623067297808626
16789.518112529753,0.06427281995207794
16799.52591817727,0.07264425035405044
16809.533723824792,0.08139150868166756
16829.54933511983,0.0997121222775286
16839.55714076735,0.10913842209290911
16849.56494641487,0.11856091815403713
16859.57275206239,0.12780074381252415
16869.58055770991,0.13673768047248108
16879.588363357427,0.14506814846051524
16889.596169004948,0.15251125104485433
16899.60397465247,0.15874775584950138
16909.611780299987,0.16341859292540734
16919.619585947505,0.1661457783068619
16929.627391595026,0.16656157441062638
16939.635197242547,0.1642985134833514
16949.643002890065,0.15898454639757054
16959.650808537583,0.15054410942359142
16969.6586141851,0.13884556411919785
16979.666419832618,0.12397681517224743
16989.67422548014,0.10619599546773426
16999.68203112766,0.08592772317308672
17009.68983677518,0.06374919904959579
17029.705448070214,0.016574250771469096
17039.71325371773,-0.006870358170938701
17049.721059365253,-0.02934038294951273
17059.728865012774,-0.05027478481551383
17069.73667066029,-0.0692179753487299
17079.74447630781,-0.08563615991978378
17089.75228195533,-0.09955850487020716
17099.760087602852,-0.11099037910313721
17109.76789325037,-0.12003711639533887
17119.775698897887,-0.12671490667920185
17129.78350454541,-0.13126813879072355
17139.79131019293,-0.1339241797021708
17149.799115840447,-0.1349735311337236
17159.624220908605,-0.13465554717652495
17169.449325976762,-0.1332195782735639
17179.27443104492,-0.13086317517320975
17189.09953611308,-0.12776091856883617
17198.924641181242,-0.12407306684980458
17208.7497462494,-0.11993772494047783
17228.399956385714,-0.11077303301101354
17238.22506145387,-0.10591985175950874
17248.050166522033,-0.1009641890990218
17267.70037665835,-0.0910374361363683
17307.000796930985,-0.07196438445116517
17316.825901999146,-0.06742884436820086
17326.651007067303,-0.06306845191666316
17346.301217203618,-0.054736064229021594
17356.126322271775,-0.050771547271563765
17365.951427339936,-0.04708657686107083
17385.601637476255,-0.03981697632152839
17395.426742544412,-0.03644591321839702
17405.25184761257,-0.03311878807445342
17424.90205774889,-0.027011672528162868
17464.20247802152,-0.016164272617930138
17474.02758308968,-0.013731684023831542
17483.852688157836,-0.011329028603116346
17503.502898294155,-0.006952961099307705
17513.328003362316,-0.00480937579910274
17523.153108430473,-0.0028631001717353693
17542.80331856679,0.0008724846525535179
17552.628423634946,0.002677172202343644
17562.453528703107,0.004315453846290725
17582.103738839425,0.007516496774015832
17621.40415911206,0.01314205385494992
17631.22926418022,0.014398092093813968
17641.054369248377,0.015537023956358111
17660.704579384692,0.017906093525059456
17670.52968445285,0.01895574109383992
17680.35478952101,0.01993127467773509
17700.00499965733,0.02193684914921453
17709.830104725486,0.022812643809553307
17719.655209793644,0.023668483446346113
17739.305419929962,0.025338628703131236
17749.130524998123,0.026067573872720077
17758.95563006628,0.02679560165625154
17778.605840202596,0.028218161298939434
17787.76992836486,0.028800495965259285
17796.934016527128,0.029334477016410267
17806.098104689394,0.029884219267282502
17815.262192851664,0.0304434622029262
17824.426281013933,0.030959251856952037
17833.5903691762,0.03143361868885924
17851.918545500732,0.03228483166246945
17861.082633662998,0.032733860566347764
17870.246721825268,0.03314697135100356
17888.574898149804,0.033872800476620536
17897.73898631207,0.034189373807202474
17906.903074474336,0.034533544219814895
17916.067162636602,0.03485587652407178
17925.23125079887,0.035149930903698084
17934.39533896114,0.03541737345152515
17943.559427123408,0.03565991173628524
17952.723515285674,0.035904973053290386
17961.88760344794,0.03614678234589609
17971.051691610206,0.0363649669807852
17980.215779772476,0.03656098444194095
17989.379867934746,0.03673631730706565
17998.54395609701,0.036899928853929384
18007.708044259278,0.03706997592941695
18016.872132421544,0.03722014896065914
18026.03622058381,0.03735171899317929
18035.20030874608,0.03746597079974464
18044.36439690835,0.03756419946660504
18053.528485070616,0.03766743363815957
18062.692573232882,0.037756413634887014
18071.856661395148,0.03782967383416028
18081.020749557414,0.03788832666440909
18090.18483771968,0.03793348776039685
18099.348925881946,0.03796993489125096
18108.513014044216,0.03800696835250927
18117.677102206486,0.038030071681135424
18126.841190368752,0.03804018016230979
18136.005278531018,0.0380382288017841
18145.169366693284,0.0380251503298481
18154.33345485555,0.03800187329510011
18163.49754301782,0.037970224469992944
18172.66163118009,0.037937269812429085
18181.825719342356,0.037893075180386225
18190.989807504622,0.03783840993124327
18200.15389566689,0.03777403880013871
18209.317983829154,0.0377007204733374
18218.482071991424,0.03761920622904341
18227.646160153694,0.03753023864575348
18236.81024831596,0.03743538924942111
18245.974336478226,0.03733245648686552
18255.138424640492,0.03722100174589275
18264.30251280276,0.0371016510588312
18273.46660096503,0.03697502249195758
18291.794777289564,0.03670235838283095
18300.95886545183,0.036557008142850525
18310.122953614096,0.03640263269920082
18328.451129938632,0.03607343226401229
18365.1074825877,0.03534728584375166
18375.04550282367,0.03513245852113612
18384.983523059636,0.03490912203504702
18404.859563531572,0.03444437770548202
18444.611644475444,0.03344861569289392
18454.549664711412,0.033180741679962114
18464.48768494738,0.03290797204111417
18484.363725419316,0.03234942309205238
18524.115806363185,0.0311685245324995
18534.05382659915,0.030858477353390347
18543.991846835117,0.030544905657247313
18563.867887307053,0.02990848811273673
18603.619968250925,0.028569272793055968
18683.12413013867,0.025709867018400633
18693.062150374637,0.02532995900450654
18703.000170610605,0.024947736475423407
18722.87621108254,0.024177153572211913
18762.628292026413,0.022616580176369958
18842.132453914153,0.01933477909067082
19001.140777689638,0.012397028047091845
19010.417781019714,0.011979256794535622
19019.69478434979,0.011561357064696024
19038.248791009944,0.010725411742927514
19075.35680433025,0.009050235045866334
19149.57283097086,0.005657223326454453
19298.004884252085,-0.0011166281344683147
19307.28188758216,-0.0015378717955367273
19316.558890912238,-0.001958067524655
19335.11289757239,-0.0027951729917285763
19372.220910892698,-0.004455296437900943
19446.436937533308,-0.007722183234570976
19594.86899081453,-0.0139610140968574
19603.963293565248,-0.014326895543284087
19613.057596315964,-0.014690678247772163
19631.246201817394,-0.015411799843894356
19667.623412820256,-0.016827196713542637
19740.377834825984,-0.0195368831306236
19749.472137576697,-0.019862936837245604
19758.566440327413,-0.020186332214949032
19776.755045828846,-0.02082495812506365
19813.132256831712,-0.022068150761149888
19885.886678837436,-0.024398806779903505
19894.980981588153,-0.02467415805240656
19904.07528433887,-0.024946246519778816
19922.2638898403,-0.025480378723668498
19958.64110084316,-0.026506572911862637
19967.735403593877,-0.02675394278636988
19976.829706344593,-0.02699749246927209
19995.018311846026,-0.02747282058512679
20031.39552284889,-0.02836842643155325
20040.4898255996,-0.02858220560084366
20049.584128350318,-0.02879204025771221
20067.77273385175,-0.02919952501474611
20104.149944854616,-0.029963185122155664
20113.244247605333,-0.030142852277279954
20122.33855035605,-0.030317821416321784
20140.52715585748,-0.030653254053715082
20176.90436686034,-0.031264462628819975
20186.77260168476,-0.031417480059994986
20196.640836509174,-0.03156488774832503
20216.377306158007,-0.03184225869622791
20226.245540982425,-0.03197190709045344
20236.11377580684,-0.03209531631629023
20255.850245455673,-0.03232275894608909
20265.71848028009,-0.0324264575591524
20275.586715104506,-0.03252324778845883
20285.45494992892,-0.032612957443942985
20295.32318475334,-0.03269339234648265
20305.191419577754,-0.032773014379192576
20315.05965440217,-0.03284652552758638
20324.927889226587,-0.032913723919606494
20334.796124051,-0.032974404370277856
20344.664358875416,-0.03302835862857369
20354.532593699834,-0.033075375634724985
20364.40082852425,-0.033115241788024816
20374.269063348664,-0.033147741225154556
20384.137298173082,-0.03317265610903779
20394.005532997497,-0.03318976692820685
20403.87376782191,-0.03319885280663846
20413.74200264633,-0.03319969182399464
20423.610237470748,-0.03319206134617124
20433.478472295163,-0.03317573836603442
20443.346707119577,-0.0331504998541895
20453.214941943996,-0.03311612311960204
20463.083176768414,-0.033066367271457495
20472.95141159283,-0.03303098023792235
20482.819646417243,-0.032987912860722314
20492.68788124166,-0.03293686928405222
20502.55611606608,-0.03287755194465554
20512.424350890495,-0.03280966204450281
20522.29258571491,-0.03273290003895485
20532.160820539328,-0.03264696614031236
20542.029055363746,-0.03255156083659473
20551.89729018816,-0.03244638542533894
20561.765525012575,-0.032331142562148384
20571.633759836994,-0.03220553682365216
20581.501994661412,-0.03206927528448055
20591.370229485827,-0.03192206810779043
20611.10669913466,-0.03159367657073201
20620.974933959074,-0.031411933472484624
20630.84316878349,-0.031218128527272394
20650.579638432322,-0.030854757816305152
20660.447873256737,-0.030669374022430404
20670.316108081155,-0.030472999785022787
20690.052577729984,-0.030045605483291854
20699.920812554403,-0.02981376167500801
20709.789047378817,-0.02956928178039151
20729.52551702765,-0.02904084582604936
20739.39375185207,-0.028756128831277206
20749.261986676484,-0.02845725588141059
20768.998456325317,-0.027815643315353737
20808.471395622983,-0.02640513306603325
20817.67861354151,-0.026097970365249263
20826.885831460033,-0.0257775887357425
20845.300267297083,-0.025095407505191444
20854.50748521561,-0.024732762391369078
20863.714703134134,-0.024355209551348456
20882.129138971184,-0.02355386826630356
20891.33635688971,-0.02312937004481805
20900.543574808235,-0.022688546879142384
20918.958010645285,-0.02175673576868898
20955.786882319382,-0.019807824926507386
20964.994100237906,-0.019355240934421283
20974.201318156433,-0.018883719110683088
20992.61575399348,-0.017881909593696718
21029.44462566758,-0.015631544434381153
21038.651843586107,-0.015015565415459429
21047.85906150463,-0.01437771958133616
21066.27349734168,-0.013035768448900979
21103.10236901578,-0.01046100977372715
21112.30958693431,-0.009812128731888962
21121.516804852832,-0.009135837806740807
21139.931240689883,-0.007699920434631698
21176.760112363983,-0.004491281718685083
21185.96733028251,-0.003619178359055059
21195.174548201034,-0.0027508630660718954
21213.588984038084,-0.0012519336074063546
21250.41785571218,0.0021858050403093833
21259.625073630705,0.003136048118987928
21268.83229154923,0.004121797891589068
21287.24672738628,0.006197071451529989
21324.07559906038,0.010104745505419083
21397.73334240858,0.01914860558874047
21407.714492400806,0.0203526957439421
21417.69564239303,0.02162689809859932
21437.657942377482,0.024371845022460415
21477.582542346383,0.030227891966330467
21557.43174228419,0.0425692879347079
21567.412892276414,0.04419243695835334
21577.394042268643,0.04589129827290697
21597.356342253093,0.04946112110748409
21637.280942221994,0.056276642159145164
21647.26209221422,0.058097995558696644
21657.243242206445,0.05994576323702571
21677.205542190895,0.06335059859732883
21717.130142159796,0.07039951903876718
21727.11129215202,0.07197155516730612
21737.092442144247,0.07357938340361123
21747.073592136472,0.07517383258094301
21757.054742128697,0.07670503575757193
21767.035892120923,0.07812288468692519
21777.017042113148,0.07940743245612594
21786.998192105373,0.08065421823107166
21796.9793420976,0.08179585405705311
21806.960492089824,0.08276029658179636
21816.94164208205,0.08347685986428116
21826.922792074274,0.0838771455764129
21836.9039420665,0.08429773831188052
21846.885092058725,0.08442904256490694
21856.86624205095,0.08416045901756666
21866.84739204318,0.08340394884735183
21876.828542035404,0.08236613212800246
21886.80969202763,0.080813117805604
21896.79084201986,0.07873179274096609
21906.771992012084,0.0760311846662143
21916.75314200431,0.07264027937183208
21926.734291996534,0.06847453775955906
21936.71544198876,0.06344601758082082
21946.696591980985,0.05746612895197465
21956.67774197321,0.05043285584037839
21966.658891965435,0.04225170181351271
21976.64004195766,0.0329360528947983
21986.621191949886,0.022152833192792168
21996.60234194211,0.010230401938186806
22006.583491934336,-0.0032767574022330437
22016.56464192656,-0.017903567733181705
22036.52694191101,-0.05098850041602177
22045.847074997346,-0.06771461422891063
22055.16720808368,-0.08490327605963748
22064.487341170014,-0.10225509737947473
22073.807474256348,-0.11933831662783814
22083.12760734268,-0.1356999803147094
22092.447740429016,-0.15085077374281478
22101.76787351535,-0.16415970959782797
22111.088006601683,-0.17539864969811653
22120.408139688017,-0.1838664664598157
22129.72827277435,-0.18933110561548988
22139.048405860685,-0.19156806890149114
22148.36853894702,-0.19048611882045818
22157.688672033353,-0.1861989497924878
22167.008805119687,-0.17887758996291792
22176.328938206025,-0.168843815839968
22185.64907129236,-0.15669293894357297
22194.969204378693,-0.1426225704724902
22204.28933746503,-0.12736610861134035
22222.929603637698,-0.09484073206210904
22232.249736724032,-0.07863036183655275
22241.569869810366,-0.06265456586207105
22260.210135983034,-0.03277870054510762
22269.530269069368,-0.01913389378326683
22278.850402155702,-0.006555187743239967
22288.170535242036,0.004903623057580339
22297.49066832837,0.015402325964181299
22306.810801414704,0.02479077056983065
22316.130934501038,0.03319677073786423
22325.45106758737,0.04064573468891064
22334.771200673706,0.047180833261314156
22344.09133376004,0.052957333664532834
22353.411466846374,0.05791509121566477
22362.731599932707,0.06221706794582675
22372.05173301904,0.06587258734226546
22381.371866105375,0.06893627064753868
22390.69199919171,0.07153326943493024
22400.012132278043,0.0735967089909272
22409.332265364377,0.07533946414254505
22418.65239845071,0.07662030143972111
22427.972531537045,0.07765636302515708
22437.29266462338,0.07832130887543647
22446.612797709713,0.07879700277053003
22455.932930796047,0.078978212214044
22465.25306388238,0.07901127442433108
22474.57319696872,0.07881520164422681
22483.893330055053,0.0785010854981757
22493.213463141386,0.07801281629315082
22502.533596227724,0.07742819038805082
22511.853729314058,0.07670231601091396
22521.173862400392,0.07592771336841081
22530.493995486726,0.07503911872777957
22539.81412857306,0.07407582184471506
22558.454394745728,0.0720030617691648
22567.77452783206,0.07086982091196262
22577.094660918396,0.0697108075707364
22595.734927091064,0.06732722951013148
22633.0154594364,0.06224545071298536
22642.152891943373,0.06097167765862169
22651.290324450347,0.05973475702684353
22669.565189464294,0.05712616619913527
22706.11491949219,0.05200786456675749
22779.214379547975,0.042085537799253295
22788.35181205495,0.04085994805463267
22797.48924456192,0.03963440663086572
22815.764109575866,0.03732078120731786
22852.31383960376,0.03271443649620544
22925.41329965955,0.02409036393393878
22934.550732166525,0.023102267650740648
22943.6881646735,0.02207258063975613
22961.963029687446,0.020060782107305563
22998.51275971534,0.01621695570157339
23071.612219771127,0.009068432425357244
23080.7496522781,0.008206287013829167
23089.88708478507,0.007370722556248481
23108.161949799018,0.005780345430764604
23144.711679826913,0.00258307694593983
23217.811139882702,-0.003238496200073257
23227.722504463374,-0.0039637204444003815
23237.63386904405,-0.004665468555613322
23257.456598205397,-0.006139501829587061
23297.102056528092,-0.008844881723407881
23307.013421108764,-0.009511581814606058
23316.92478568944,-0.010175160280605965
23336.747514850787,-0.011445908648314216
23376.392973173486,-0.013839908545672675
23386.30433775416,-0.01442389690712929
23396.215702334834,-0.01499125098298984
23416.038431496185,-0.01607738666496232
23455.68388981888,-0.018183968688495745
23534.97480646427,-0.021920273434793646
23544.886171044942,-0.02234152394325846
23554.797535625617,-0.022750307166592133
23574.620264786965,-0.023538170350215108
23614.26572310966,-0.025071443390531925
23624.177087690332,-0.02542543747364809
23634.088452271008,-0.02576827178162789
23653.911181432355,-0.026421664682357463
23693.556639755054,-0.027667385848077153
23703.46800433573,-0.02795530915221746
23713.3793689164,-0.02823309015892273
23733.202098077752,-0.028759256713080793
23743.113462658424,-0.029008166225730492
23753.0248272391,-0.02925475897438733
23772.847556400448,-0.029730246022425254
23782.75892098112,-0.029953563328227475
23792.670285561795,-0.030167552848601335
23812.493014723143,-0.03056842867238275
23822.404379303814,-0.030755757959970317
23832.31574388449,-0.030934644492699732
23852.138473045838,-0.031279848997356474
23861.38882072062,-0.031429846182067435
23870.639168395403,-0.03157228949016284
23889.139863744967,-0.031835122854009835
23898.390211419748,-0.0319558167587565
23907.640559094532,-0.03206956397934841
23926.141254444097,-0.032278170399470105
23935.391602118878,-0.03237528587691267
23944.641949793662,-0.03246526608826541
23953.892297468446,-0.03254824055588422
23963.142645143227,-0.032624338164743936
23972.39299281801,-0.032693686967618034
23981.643340492796,-0.03275641399603412
23990.893688167576,-0.03281264507706011
24000.14403584236,-0.03286250465595878
24009.394383517145,-0.03290611562474247
24018.644731191926,-0.03294477923492496
24027.89507886671,-0.03297699102220622
24037.145426541494,-0.03300266303028793
24046.395774216275,-0.03302190358142486
24055.64612189106,-0.033034819690184125
24064.896469565843,-0.03304151692809034
24074.146817240624,-0.033042099293391435
24083.397164915405,-0.03303666908595382
24092.64751259019,-0.03302532678728974
24101.897860264973,-0.03300821146079665
24111.148207939754,-0.03298521145744335
24120.398555614534,-0.032955968826111716
24129.64890328932,-0.032920573089027426
24138.899250964103,-0.032879112388919184
24148.149598638884,-0.0328316733968964
24157.399946313664,-0.03277834122467849
24166.65029398845,-0.03271919934117113
24175.900641663233,-0.03265432949338252
24185.150989338013,-0.032583811631667174
24194.401337012794,-0.03250772383928123
24203.65168468758,-0.03242614226623125
24222.152380037143,-0.032246792344876006
24231.402727711924,-0.03214846595884718
24240.65307538671,-0.03204351799521737
24259.153770736273,-0.03181678599614142
24268.404118411057,-0.03169513434341337
24277.65446608584,-0.03156804457936046
24296.155161435407,-0.03129779803205045
24305.40550911019,-0.031154760771233525
24314.65585678497,-0.03100652438995747
24333.15655213454,-0.03069467457270228
24370.15794283367,-0.03000771897870735
24379.40829050845,-0.029822050575477044
24388.658638183235,-0.029631315523827032
24407.1593335328,-0.02923483151694152
24444.16072423193,-0.028383033801158995
24454.185003980412,-0.028139031113623852
24464.209283728895,-0.027889477745933144
24484.257843225863,-0.027373900577663847
24524.354962219797,-0.026271804361315577
24604.54920020766,-0.023813063238033675
24614.573479956147,-0.023482510431162625
24624.59775970463,-0.023145947332247264
24644.646319201594,-0.02246086457002705
24684.743438195525,-0.021031809599706946
24764.937676183392,-0.017947885066985067
24774.961955931874,-0.01754437970594647
24784.986235680357,-0.017136404231912948
24805.034795177326,-0.01630712912590166
24845.13191417126,-0.014595945361031232
24925.326152159123,-0.010998930968059498
25085.714628134854,-0.0031984408539928533
25095.556207303976,-0.0026993097572985845
25105.3977864731,-0.0021969314634438554
25125.080944811343,-0.0011826310382243186
25164.447261487832,0.0008824507296628275
25243.179894840814,0.005095091458070385
25400.645161546774,0.013605107683941112
25410.486740715896,0.014151143116834682
25420.32831988502,0.014697769667058862
25440.011478223263,0.01579733259092992
25479.377794899752,0.01783409362553489
25558.110428252734,0.02198608864610608
25715.575694958694,0.029874064183183113
25724.756257221925,0.03030562854268891
25733.936819485156,0.0307350340367137
25752.297944011618,0.031585302029947034
25789.02019306454,0.03323625049810762
25798.200755327773,0.033635260126962364
25807.381317591004,0.034034369307395916
25825.742442117466,0.034759019118181425
25862.464691170393,0.03618651127696844
25871.645253433628,0.0365342222620605
25880.82581569686,0.03687658711423486
25899.18694022332,0.037541738182627044
25908.36750248655,0.03786270458494579
25917.548064749782,0.038174688145164226
25935.909189276244,0.0387678811346301
25945.089751539475,0.039047144116090934
25954.270313802706,0.03931353511453682
25972.63143832917,0.03982196180954267
25981.8120005924,0.04006963723240173
25990.99256285563,0.04030992174575283
26009.353687382092,0.04076275908959255
26018.534249645323,0.04097247768980227
26027.714811908554,0.0411691425474648
26036.895374171785,0.04135129480402632
26046.075936435016,0.04151746466512522
26055.256498698247,0.041666174911001094
26064.437060961478,0.041795944603056474
26073.61762322471,0.04190529298258338
26082.79818548794,0.04199109316443374
26091.97874775117,0.04211587005242244
26101.159310014402,0.0422266805385664
26110.339872277633,0.04232137680020536
26119.520434540864,0.04239780076443258
26128.700996804095,0.04245378957776561
26137.881559067326,0.04248718145064428
26147.062121330557,0.042495821871244795
26156.24268359379,0.04247757017957467
26165.423245857026,0.042430306489139036
26174.603808120257,0.04235193893965968
26183.784370383488,0.04224041126040774
26192.96493264672,0.04209371061972855
26202.14549490995,0.042029507604802646
26211.32605717318,0.041948997389026514
26220.50661943641,0.04183694162394364
26229.687181699643,0.04169022129398028
26238.867743962874,0.041505769443205776
26248.048306226105,0.04128058301128835
26257.228868489336,0.04101173527403427
26266.409430752567,0.040696388834886105
26275.589993015798,0.04033180910432271
26284.77055527903,0.0399034877129638
26293.95111754226,0.03964134990791557
26303.13167980549,0.039329419141275114
26313.086174142423,0.03893004943104013
26323.040668479356,0.0384620457654604
26332.99516281629,0.03792048932132676
26342.949657153218,0.03730073060333813
26352.904151490147,0.036598422968115406
26362.85864582708,0.035809557009472005
26382.767634500946,0.034421090157549086
26392.72212883788,0.03369354014969113
26402.676623174808,0.03286058512391315
26412.631117511737,0.03191656029479009
26422.58561184867,0.03085639031249939
26432.540106185603,0.029675644342927833
26442.494600522536,0.028440156582464536
26452.44909485947,0.02745912096259464
26462.403589196398,0.026330435816264295
26472.358083533327,0.025047688834409648
26482.31257787026,0.02360550920867006
26492.267072207193,0.02199965174309599
26502.221566544125,0.020227079193330586
26512.17606088106,0.0185571137356658
26522.130555217987,0.017023443350248788
26532.085049554917,0.015274933542304622
26542.03954389185,0.013307705209806057
26551.994038228782,0.011119824537694313
26561.948532565715,0.00871141714325472
26571.903026902648,0.006478901443171786
26581.857521239577,0.0043089237618945606
26591.812015576506,0.0018477716420981505
26601.76650991344,-0.0009022541486392172
26611.721004250372,-0.003935601955856398
26621.675498587305,-0.007243348772669758
26631.629992924238,-0.010075214818240086
26641.58448726117,-0.01311185766232522
26651.538981598103,-0.016526704615947144
26661.493475935033,-0.020303114524440433
26671.447970271962,-0.02441924416353808
26681.402464608895,-0.02876159562703448
26691.356958945828,-0.03246581622842493
26701.31145328276,-0.03665271753085559
26711.265947619693,-0.041283955427912786
26721.220441956622,-0.04631349514960654
26741.129430630484,-0.05681141369639964
26780.947407978212,-0.07984552695792477
26790.90190231514,-0.08579599474818536
26800.856396652074,-0.09203379444354623
26820.76538532594,-0.10472260041063192
26830.719879662873,-0.11101253702410198
26840.674373999802,-0.11716576340923665
26850.62886833673,-0.12305998601234192
26860.583362673664,-0.12858708619697554
26870.537857010597,-0.13356445934753186
26880.49235134753,-0.137841083715544
26890.446845684462,-0.14119381348640078
26900.40134002139,-0.1433880755968698
26910.35583435832,-0.14417867119448918
26920.310328695254,-0.14328984167401504
26930.264823032187,-0.14046093294541212
26940.21931736912,-0.13543607632622495
26949.51279480016,-0.12839907739731862
26958.806272231202,-0.11912804791313027
26968.099749662244,-0.10746124194892427
26977.393227093282,-0.09336535780248598
26986.68670452432,-0.07694566464579661
26995.98018195536,-0.05833306201681521
27005.273659386403,-0.03804719806103378
27014.567136817444,-0.01644386551846616
27023.860614248486,0.006134448680123004
27033.154091679524,0.028888170880539892
27042.44756911056,0.05119989252446893
27051.741046541603,0.07247699066475789
27061.034523972645,0.09217231021738191
27070.328001403686,0.10984033702464022
27079.621478834728,0.1251690439942676
27088.914956265766,0.13767893757295796
27098.208433696804,0.14752015887092051
27107.501911127845,0.1546729955682005
27116.795388558887,0.159256432905203
27126.08886598993,0.1614443749600847
27135.38234342097,0.16144743952067414
27144.675820852008,0.15960219648880533
27153.969298283046,0.15617968180408873
27163.262775714087,0.15146093650178696
27172.55625314513,0.14572557417251925
27181.84973057617,0.13918155547778066
27200.43668543825,0.12456054898104664
27237.610595162412,0.09335331359791971
27246.904072593454,0.08572812972810208
27256.197550024495,0.07836625623745305
27274.784504886575,0.06425640355514788
27284.077982317613,0.05762963875281621
27293.371459748654,0.05126242830731383
27311.958414610737,0.03945430215347928
27321.25189204178,0.034107623123220354
27330.545369472817,0.02881750108779256
27339.838846903855,0.024004956922104054
27349.132324334896,0.019296549653247203
27358.425801765938,0.014961997541465058
27367.71927919698,0.010820959447868622
27386.30623405906,0.0033604248571002526
27395.599711490097,-0.0002229094737502546
27404.893188921138,-0.003473341695774103
27414.18666635218,-0.006439715811009175
27423.48014378322,-0.009426794519931746
27432.773621214263,-0.012086244793394145
27442.0670986453,-0.014616747799723134
27460.65405350738,-0.019228661072215235
27469.94753093842,-0.021387026623916706
27479.241008369463,-0.023380523750248225
27488.534485800505,-0.025144706842866987
27497.827963231543,-0.026970562588777634
27507.12144066258,-0.028584361382568625
27516.414918093622,-0.030077540118023303
27535.001872955705,-0.032851765963025276
27544.112649807386,-0.03403545339742292
27553.223426659064,-0.03527010379847703
27562.33420351074,-0.036360070135365095
27571.444980362423,-0.03731335878145321
27580.555757214104,-0.03813883066197227
27589.666534065782,-0.039063261201508485
27598.77731091746,-0.03992246690044371
27607.88808776914,-0.04067282436458785
27616.998864620822,-0.04132191148677225
27626.1096414725,-0.04187781348815104
27635.220418324177,-0.04253310850205205
27644.33119517586,-0.0431037728063057
27653.44197202754,-0.04359320534597144
27662.55274887922,-0.04400819200337949
27671.663525730903,-0.04437814021212785
27680.77430258258,-0.04479161218629388
27689.885079434258,-0.04513918944758089
27698.99585628594,-0.04542657208005977
27708.10663313762,-0.0456596427111195
27717.2174099893,-0.04587574880913577
27726.328186840983,-0.04609827816276713
27735.43896369266,-0.04627162204168067
27744.54974054434,-0.046400691861991035
27753.66051739602,-0.046490487325309214
27762.7712942477,-0.04657590589621141
27771.88207109938,-0.046648237280977584
27780.992847951056,-0.046684123107310405
27790.103624802738,-0.046687728059895114
27799.21440165442,-0.046663246811351346
27808.325178506097,-0.04663706846605667
27817.435955357774,-0.04659009881202436
27826.546732209456,-0.04651636759864607
27835.657509061137,-0.0464193690217711
27844.768285912814,-0.04630259200255261
27853.879062764492,-0.04617995235393029
27862.989839616173,-0.04603927442645705
27872.100616467855,-0.04587814178635017
27881.211393319532,-0.04569941154249742
27899.43294702289,-0.04530046638150946
27908.543723874573,-0.04508342923217579
27917.65450072625,-0.04485014534943936
27935.87605442961,-0.044343899966403096
27944.98683128129,-0.04407546455094577
27954.09760813297,-0.0437991904508683
27972.31916183633,-0.04319817904368631
27981.42993868801,-0.04288270788745853
27990.54071553969,-0.04255968614133931
28008.762269243052,-0.04189580818866688
28045.20537664977,-0.04043139194955824
28118.091591463206,-0.03718528904330369
28127.976300388586,-0.036704019988508356
28137.861009313965,-0.036219633103914295
28157.630427164728,-0.035246155316229606
28197.16926286625,-0.03322129011016751
28276.24693426929,-0.028957468629709347
28434.402277075373,-0.019881537493028678
28444.286986000752,-0.019305919433120506
28454.17169492613,-0.018733483523990388
28473.941112776894,-0.01756318703084789
28513.479948478416,-0.015211151026142901
28592.557619881456,-0.010532587828057475
28750.71296268754,-0.0013500580080154979
28759.936654707028,-0.000829990154304956
28769.160346726516,-0.000313325022746622
28787.607730765496,0.0007135870122726958
28824.502498843452,0.002779053603274035
28898.292034999362,0.006741255120529841
28907.51572701885,0.007232476012790401
28916.739419038342,0.007719902159695869
28935.18680307732,0.008683266698456135
28972.08157115527,0.010563510749793616
29045.871107311184,0.014163229721729896
29055.094799330673,0.014599304744532518
29064.31849135016,0.01503117534226053
29082.76587538914,0.015882256331179474
29119.660643467098,0.0175335214477604
29193.450179623007,0.020656640567516676
29202.673871642495,0.021027209717396952
29211.897563661987,0.021393175066935263
29230.344947700964,0.02211123271992213
29267.239715778916,0.023495513588827396
29341.02925193483,0.026035400119269803
29351.325660307022,0.026364328599761757
29361.622068679215,0.02668689866896882
29382.214885423597,0.027313608114632168
29423.400518912364,0.028487118708059034
29433.696927284556,0.02876383801255806
29443.99333565675,0.029033784961696518
29464.58615240113,0.02955312700155854
29505.771785889898,0.03050700495251275
29516.06819426209,0.03072741600869186
29526.364602634283,0.03094071109979985
29546.957419378665,0.031345653351545155
29557.253827750857,0.03153714398098457
29567.550236123046,0.03172120562489296
29588.143052867432,0.0320667007720832
29598.439461239625,0.032227957486286804
29608.735869611817,0.03238167678190075
29629.3286863562,0.03266424205930721
29639.62509472839,0.03279428858756202
29649.92150310058,0.03291671011871102
29670.514319844966,0.033138256700416216
29680.81072821716,0.03323716356079546
29691.10713658935,0.033328009270279
29701.40354496154,0.03341067781401976
29711.699953333733,0.03348505064523381
29721.996361705926,0.03355100683058374
29732.292770078115,0.03360842320475482
29742.589178450307,0.03365717453421711
29752.8855868225,0.03369713369015112
29763.181995194693,0.03372817183050713
29773.478403566885,0.03375015859115421
29783.774811939074,0.03376299046036316
29794.071220311267,0.03377101078560979
29804.36762868346,0.033770759265164034
29814.66403705565,0.033762080148795316
29824.96044542784,0.03374481476943954
29835.256853800034,0.0337188018046216
29845.553262172227,0.03368387754942968
29855.84967054442,0.033639876201003116
29866.14607891661,0.033586630154470304
29876.4424872888,0.03352397031025879
29886.738895660994,0.03345172639266522
29897.035304033183,0.033369727279569446
29907.331712405376,0.03327780134312614
29917.62812077757,0.033175776801262005
29927.92452914976,0.033063482079769745
29938.220937521954,0.03294074618475593
29958.813754266335,0.032663272105186776
29969.110162638528,0.03252655579490421
29979.406571010717,0.03237646596964968
29989.70297938291,0.03221653865669141
29999.999387755102,0.03204654635271087
