0.0006122448979591836,-0.19329967357674072
9.201537616788803,-0.19171178819135148
18.40246298867965,-0.18701797305089335
27.60338836057049,-0.17943398149916073
36.80431373246134,-0.16927462139120197
46.005239104352185,-0.15694931147691396
55.206164476243025,-0.1429254846347841
73.60801522002471,-0.11168956441818917
82.80894059191556,-0.09539996365585407
92.00986596380639,-0.07916078827912987
101.21079133569724,-0.0632754932788444
110.41171670758808,-0.048013679921235126
119.61264207947893,-0.0335631687211641
128.81356745136978,-0.020081946392557434
138.01449282326064,-0.0076229851573715035
147.21541819515147,0.0037948529637283346
156.4163435670423,0.014176000181281387
165.61726893893317,0.02347621758683216
174.81819431082403,0.03180793919149767
184.01911968271486,0.039199755949656134
193.2200450546057,0.0456976763079571
202.42097042649652,0.05139643069825782
211.62189579838736,0.0563420470993694
220.82282117027822,0.06059248090381335
230.02374654216908,0.06419213498639346
239.2246719140599,0.06730106412224393
248.42559728595074,0.06983445729838725
257.6265226578416,0.0719618182501563
266.8274480297324,0.07365298724311237
276.0283734016233,0.07498719285226368
285.22929877351413,0.07601017941410382
294.43022414540496,0.0767149518938199
303.6311495172958,0.0772098273393144
312.83207488918663,0.07742356159651252
322.0330002610775,0.07750144428309508
331.23392563296835,0.07735303397374321
340.4348510048592,0.07708637158740551
349.6357763767501,0.07666006791681876
358.8367017486409,0.0761257218760429
368.03762712053174,0.07548243971338423
377.23855249242257,0.07475184855498157
386.4394778643134,0.07393241432514286
404.84132860809507,0.07211329113231939
414.0422539799859,0.07112339141103906
423.24317935187673,0.070086229642908
441.64503009565846,0.06790752693528107
450.8459554675493,0.06678817223382168
460.0468808394402,0.06562456787344251
478.44873158322184,0.06327405762237764
515.2524330707852,0.05847717209218467
588.859836045912,0.048847186160440086
598.8346934915032,0.04755956473984854
608.8095509370946,0.04632929904098492
628.7592658282774,0.04382657080048396
668.6586956106428,0.03899640212706911
748.4575551753737,0.02997325209339418
758.4324126209651,0.028891791940360435
768.4072700665565,0.02785947771370805
788.3569849577392,0.025787417191730166
828.2564147401047,0.021814380376155434
908.0552743048356,0.014504749470398377
918.030131750427,0.01361038535818072
928.0049891960184,0.012749453355508682
947.9547040872011,0.011131779996949368
987.8541338695666,0.007907005004022603
997.828991315158,0.007161953128229337
1007.8038487607492,0.006370470372511729
1027.753563651932,0.004870218729822637
1067.6529934342975,0.002009507972396846
1077.627850879889,0.0013287866856350958
1087.6027083254803,0.0006734058939456018
1107.5524232166629,-0.0006856706482536792
1147.4518529990282,-0.0032244529397237737
1227.2507125637592,-0.007872409123858006
1236.5645531034593,-0.008378951108615942
1245.8783936431591,-0.008897557531107762
1264.5060747225593,-0.009890624260184515
1301.7614368813597,-0.011733685324335308
1311.0752774210598,-0.012201386278837998
1320.38911796076,-0.01265604210177381
1339.0167990401599,-0.013526808376880391
1376.27216119896,-0.015172272046335727
1385.5860017386601,-0.015580189872605621
1394.8998422783602,-0.01597665766016164
1413.5275233577602,-0.01673594860767651
1450.7828855165603,-0.018191297992498932
1525.2936098341609,-0.020816582005801117
1534.607450373861,-0.021119268142276323
1543.9212909135608,-0.021413100247762974
1562.548971992961,-0.02197495013677396
1599.8043341517614,-0.02307049057677938
1609.1181746914615,-0.02332628944108763
1618.4320152311616,-0.0235742634813562
1637.0596963105615,-0.024052013125322395
1674.3150584693617,-0.02497266468988883
1683.6288990090618,-0.025184648635595656
1692.942739548762,-0.02538968387300267
1711.5704206281619,-0.025792273463543323
1720.884261167862,-0.025989403461874838
1730.1981017075618,-0.026179733437221072
1748.825782786962,-0.02654057641546019
1758.139623326662,-0.026711386996473775
1767.4534638663622,-0.026875992250031188
1786.0811449457624,-0.027201569466062264
1823.3365071045625,-0.027794909684085496
1832.467647064902,-0.027925789014903963
1841.598787025241,-0.028051195882986744
1859.86106694592,-0.028286101982667046
1868.9922069062593,-0.028398197229319192
1878.1233468665987,-0.028511931135751515
1896.3856267872775,-0.028723049863014306
1905.5167667476169,-0.028820648603724474
1914.6479067079563,-0.028913084001186418
1932.9101866286348,-0.029082898933579134
1942.0413265889742,-0.029160496334488428
1951.1724665493134,-0.0292333658751572
1969.4347464699922,-0.029368290444501052
1978.5658864303316,-0.029433035903700985
1987.697026390671,-0.029492899375204884
1996.8281663510104,-0.029547974443069884
2005.9593063113498,-0.0295983547831156
2015.0904462716892,-0.02964413406282265
2024.2215862320286,-0.029685405843347848
2033.3527261923678,-0.02972226348368784
2042.4838661527072,-0.02975480004701425
2051.6150061130465,-0.029783108209203067
2060.7461460733857,-0.029807280169574596
2069.877286033725,-0.029829873724306073
2079.0084259940645,-0.029848882126963943
2088.139565954404,-0.02986351524912136
2097.2707059147433,-0.029873854212731282
2106.4018458750825,-0.029879979806792453
2115.532985835422,-0.02988197241316446
2124.6641257957617,-0.02987991193424406
2133.795265756101,-0.029873877722514312
2142.92640571644,-0.029863948511976334
2152.0575456767792,-0.029850202351469207
2161.1886856371184,-0.029832716539882304
2170.319825597458,-0.029813017451964723
2179.4509655577976,-0.029789293821343425
2188.582105518137,-0.02976162623913174
2197.713245478476,-0.029730084337814117
2206.8443854388156,-0.02969473716024127
2215.9755253991552,-0.02965565310596038
2225.1066653594944,-0.0296128998791611
2234.2378053198336,-0.02956654443823961
2243.368945280173,-0.029516652946979582
2261.631225200852,-0.029406616185961017
2270.762365161191,-0.029346632358261984
2279.893505121531,-0.029283017179554085
2298.1557850422096,-0.029145132052998936
2307.2869250025487,-0.02907097998804877
2316.418064962888,-0.028993432261811024
2334.6803448835667,-0.028828377045469557
2343.8114848439063,-0.028740981045424215
2352.9426248042455,-0.028650412299231685
2371.204904724924,-0.028458982082273394
2407.7294645662814,-0.028036625548981058
2417.6345366003216,-0.027913417301383803
2427.5396086343612,-0.027786626969918612
2447.349752702441,-0.027522537957539086
2486.9700408386007,-0.026949402174808186
2496.875112872641,-0.026797200135088607
2506.7801849066805,-0.026641611674464653
2526.5903289747603,-0.026320483180738694
2566.2106171109194,-0.025638773095038196
2576.115689144959,-0.02545909867165746
2586.0207611789992,-0.025276204058393592
2605.8309052470786,-0.02490093837288442
2645.451193383238,-0.024113736881291817
2724.6917696555574,-0.022395522351120287
2734.5968416895976,-0.022167022346414888
2744.5019137236372,-0.02193578208040196
2764.312057791717,-0.021465220678449207
2803.9323459278767,-0.020492711850880516
2883.1729222001954,-0.018422743829941156
3041.6540747448335,-0.013837789547598806
3050.8981298729823,-0.013554061868812209
3060.1421850011307,-0.01326865825712446
3078.630295257428,-0.012692896894325997
3115.606515770022,-0.011522070856826563
3189.55895679521,-0.009113739851228462
3337.4638388455874,-0.004066033692031337
3633.2736029463413,0.0065576696989657
3643.29159014819,0.006921279061558034
3653.3095773500395,0.007285331622817912
3673.3455517537377,0.0080145909466965
3713.417500561134,0.00947637106705664
3793.5613981759266,0.012332253644616072
3953.849193405512,0.01792244013407384
3963.8671806073608,0.018256101359843135
3973.88516780921,0.018589370259100468
3993.9211422129083,0.01925435926002157
4033.9930910203043,0.02057528112408603
4114.136988635097,0.023134817359594793
4124.154975836946,0.023434430245649236
4134.1729630387945,0.023733204608569616
4154.208937442493,0.024327657343259472
4194.28088624989,0.025499767794871273
4274.4247838646825,0.027722985462495915
4284.260070487171,0.02797315295068565
4294.09535710966,0.02822174188384434
4313.765930354636,0.02871329500555942
4353.10707684459,0.02966728145425329
4362.942363467078,0.029898253027995654
4372.777650089567,0.030125688873414866
4392.448223334543,0.030568854171147
4431.789369824497,0.031391066482341225
4441.624656446986,0.0315840234622969
4451.459943069474,0.031773863908002686
4471.130516314451,0.03214279152242594
4480.965802936938,0.032321157883265825
4490.801089559427,0.032494966850006565
4510.471662804404,0.03282739593238957
4520.306949426893,0.032985242842544185
4530.142236049381,0.033136986888494896
4549.812809294357,0.03342147238833376
4559.648095916846,0.03355721854381238
4569.483382539334,0.03368856995385017
4589.153955784311,0.033936098765782075
4598.989242406798,0.03405126247911847
4608.824529029287,0.03416000539087031
4618.659815651776,0.03426180488916343
4628.495102274264,0.034356133370165715
4638.330388896753,0.03444245902528398
4648.165675519241,0.03452024666476099
4658.000962141728,0.034588958577478145
4667.836248764217,0.034648055426608745
4677.671535386706,0.03471565117215986
4687.506822009194,0.03477551749906766
4697.342108631683,0.03482786262264488
4707.177395254171,0.03487198659915735
4717.0126818766585,0.03490718543523156
4726.847968499147,0.034932752267851516
4736.683255121636,0.03494797860074087
4746.518541744124,0.03495215559663521
4756.353828366613,0.03494457542464387
4766.189114989102,0.03492453266157604
4776.02440161159,0.034899416535250416
4785.859688234078,0.03488868305075027
4795.694974856566,0.03486741412525541
4805.530261479054,0.03483467481679442
4815.365548101543,0.034789531860701495
4825.200834724032,0.03473105554952094
4835.03612134652,0.034658321698666034
4844.871407969009,0.034570413695642975
4854.706694591498,0.034466424630030384
4864.541981213985,0.03434545950076741
4874.377267836473,0.0341919068038795
4884.212554458962,0.0340995581470485
4894.04784108145,0.03399210167680324
4903.883127703939,0.033868282602225214
4913.057397420536,0.03373694148132969
4922.231667137134,0.03358928949216379
4931.405936853731,0.03342434777970117
4940.580206570327,0.03324115487629827
4949.754476286924,0.03303876910325851
4958.928746003521,0.032816271046064605
4968.1030157201185,0.03257276609691209
4977.277285436716,0.0323182013556702
4986.451555153313,0.032124924848951714
4995.62582486991,0.03191106903230348
5004.800094586506,0.031675345214699696
5013.974364303103,0.0314164965842661
5023.148634019701,0.031133301753581644
5032.322903736298,0.030824578424894316
5050.671443169492,0.030126035259715685
5059.845712886088,0.029734080680712188
5069.019982602686,0.029405702094580908
5078.194252319283,0.0290853587598429
5087.36852203588,0.028734242357727105
5096.542791752478,0.02835083801277841
5105.717061469074,0.027933700008503315
5124.065600902268,0.0269928197773023
5133.239870618865,0.026466583058148592
5142.414140335462,0.025901635424954564
5151.58841005206,0.025460417246421806
5160.762679768656,0.024988380112040375
5197.459758635045,0.022645461554107904
5206.634028351642,0.021938902948709347
5215.808298068239,0.02125287435475371
5224.982567784837,0.020659995505478035
5234.156837501433,0.020008701821284697
5243.3311072180295,0.019297271793747444
5252.505376934627,0.018524192113471796
5270.8539163678215,0.016788143594837324
5280.028186084419,0.015814091229119163
5289.202455801016,0.01508323206146163
5298.3767255176135,0.014273418349169616
5307.55099523421,0.013383028407299487
5316.725264950806,0.0124107769403409
5325.899534667404,0.011355732321523565
5344.248074100598,0.0089954053851139
5353.422343817196,0.008000563243352299
5362.596613533793,0.006953545372432517
5380.945152966987,0.004539282930208364
5390.119422683583,0.0031720637368649086
5399.293692400181,0.0016990925937382592
5417.642231833375,-0.0008838730274252568
5426.816501549973,-0.0023071185772982096
5435.990771266569,-0.0038656737946704024
5454.339310699763,-0.007378536813636545
5491.036389566151,-0.014340841361835638
5500.9845913564495,-0.01665874220178302
5510.932793146747,-0.018683694400783202
5530.829196727342,-0.023275482369013892
5540.777398517639,-0.025911826008691633
5550.7256003079365,-0.028572946688520753
5560.673802098234,-0.031001935401442422
5570.622003888531,-0.03371976369871725
5580.570205678829,-0.036704276057651676
5590.518407469126,-0.03993018166359966
5610.414811049722,-0.04590992160631836
5650.207618210912,-0.06003061198539816
5660.15582000121,-0.06375685105517473
5670.104021791507,-0.06778073927423175
5690.000425372103,-0.07602341751709951
5729.793232533293,-0.09332757479160998
5739.7414343235905,-0.09776487912844149
5749.689636113888,-0.10214789785205917
5759.637837904185,-0.10646622785162942
5769.586039694484,-0.11066330745536739
5779.534241484782,-0.11466886986644548
5789.482443275079,-0.11839422350281735
5799.430645065377,-0.12174527308566939
5809.378846855674,-0.12461140030218334
5819.327048645971,-0.12685495633548644
5829.275250436269,-0.12832441134142503
5839.223452226566,-0.12885490134386757
5849.1716540168645,-0.12822736509447008
5859.119855807163,-0.12625157544171212
5869.06805759746,-0.12269966941264393
5879.016259387758,-0.11734855310614684
5888.964461178055,-0.1099938765194868
5898.912662968352,-0.10045680488370096
5908.86086475865,-0.08858295735861207
5918.809066548947,-0.07432105574237077
5928.7572683392455,-0.05769746192119573
5938.705470129544,-0.038859578017210336
5948.653671919841,-0.01807231033314797
5968.550075500436,0.027480404891353945
5978.498277290733,0.05096910777349319
5988.446479081031,0.07397468791289631
5998.394680871328,0.0957222030195116
6008.342882661626,0.1155500213996502
6018.291084451925,0.13286226295018982
6028.239286242222,0.14721669802799986
6038.1874880325195,0.15834879550497943
6048.135689822817,0.16616971482185114
6058.083891613114,0.17075544409552418
6068.032093403412,0.1723174916863909
6077.980295193709,0.17116338437203835
6087.928496984007,0.16766542488623914
6097.876698774306,0.16224821000005926
6107.824900564603,0.15527935525227765
6117.7731023549,0.14711528372851285
6127.721304145198,0.13813719793603751
6137.008489029604,0.1293073463186872
6146.29567391401,0.12016955397701964
6164.870043682823,0.10178816935704293
6174.15722856723,0.09276192522958675
6183.444413451636,0.0839739406396329
6202.018783220448,0.06732898739396898
6211.305968104854,0.05952231650573446
6220.5931529892605,0.05214916973061601
6229.880337873667,0.045087103325673526
6239.167522758074,0.03853392933082776
6248.454707642481,0.03221024609567941
6257.741892526887,0.026411164049689146
6276.316262295699,0.015724486126660848
6285.603447180105,0.010863215950441131
6294.890632064511,0.006376001659010769
6304.177816948917,0.002141226974446478
6313.465001833324,-0.0017482262354985081
6322.752186717731,-0.005448358403520079
6332.039371602137,-0.008805821767920975
6350.613741370949,-0.014919949290546151
6359.900926255355,-0.017725038897241127
6369.1881111397615,-0.020205051115646615
6378.475296024168,-0.022640349825438756
6387.762480908574,-0.024763232761958638
6397.04966579298,-0.02687297736670832
6406.336850677386,-0.028683456527471358
6424.911220446199,-0.03206693142839548
6434.198405330606,-0.033604362150009455
6443.485590215012,-0.0350610166070233
6452.772775099418,-0.03629837623757884
6462.059959983824,-0.0373277528019383
6471.34714486823,-0.03849831871059332
6480.634329752636,-0.03956285820505637
6489.9215146370425,-0.04045769437010343
6499.208699521449,-0.04119364232699413
6508.495884405855,-0.041981192403248616
6517.783069290261,-0.042737877298294466
6527.070254174667,-0.04336338782606559
6536.357439059074,-0.04386757614064904
6545.644623943481,-0.04436947652333637
6554.931808827887,-0.04488274831791168
6564.218993712293,-0.045294646653758985
6573.506178596699,-0.045613904483681515
6582.793363481105,-0.045901604186075765
6592.080548365511,-0.046221174077521444
6601.367733249917,-0.04646240335344465
6610.654918134324,-0.04663290680565897
6619.942103018731,-0.04675857525388048
6629.229287903137,-0.046922991167821386
6638.5164727875435,-0.0470268911301574
6647.80365767195,-0.04707684857427716
6657.090842556356,-0.04707960884216066
6666.378027440762,-0.047118233621780456
6675.665212325168,-0.04711091627987976
6684.952397209575,-0.04706254914320712
6694.239582093982,-0.04697886844647873
6703.526766978388,-0.04690739920381132
6712.813951862794,-0.04680947513328861
6722.1011367472,-0.0466804412625489
6731.205621052246,-0.046528442019484834
6740.310105357292,-0.04637510151974082
6749.414589662338,-0.0462076059490579
6758.519073967383,-0.04601737054335879
6767.6235582724275,-0.045808283471269876
6776.728042577473,-0.045590546815138466
6794.937011187565,-0.04512116552131035
6804.041495492611,-0.0448639287000166
6813.145979797657,-0.04459616576411838
6831.3549484077475,-0.044034832997838495
6867.77288562793,-0.042792651554792095
6876.877369932976,-0.04245887189348972
6885.981854238022,-0.04211826755079892
6904.1908228481125,-0.041425537359389884
6940.608760068295,-0.039941134524435276
7013.444634508659,-0.036736316657773785
7022.549118813704,-0.03631558654149306
7031.65360311875,-0.03589611472302926
7049.862571728841,-0.03504677146221154
7086.280508949023,-0.03330690558156697
7159.116383389388,-0.029705042435156214
7304.788132270118,-0.02231061467539994
7314.666548648864,-0.0218113075951753
7324.54496502761,-0.02131761984205579
7344.301797785102,-0.020300647402852846
7383.815463300087,-0.018288155108717754
7462.842794330056,-0.014302494306201789
7620.897456389994,-0.006532625124062832
7630.77587276874,-0.0060588991160921675
7640.6542891474855,-0.005589912224576797
7660.411121904978,-0.004666449451827559
7699.924787419963,-0.002830745439789813
7778.952118449932,0.0007316209505430779
7937.006780509869,0.007397843791016437
7946.224179982724,0.007759720849683573
7955.441579455579,0.008117806801286199
7973.876378401288,0.008847900769284983
8010.7459762927065,0.010260908327424944
8084.485172075545,0.012947779058987224
8093.7025715484,0.013271505284529493
8102.919971021254,0.013591535066092683
8121.354769966964,0.014220575993585907
8158.224367858384,0.015451647343794127
8231.963563641222,0.01776146790321304
8241.180963114079,0.01804102786576141
8250.398362586933,0.01831687510946529
8268.833161532642,0.018857481034645792
8305.70275942406,0.019894745779872464
8314.920158896915,0.02014500239128778
8324.13755836977,0.020391671544882715
8342.57235731548,0.02087432615638617
8379.441955206898,0.021808374398293306
8388.659354679752,0.02203503837699309
8397.876754152607,0.02225803654737621
8416.311553098316,0.02269309028708766
8453.181150989736,0.023519835258931917
8526.920346772575,0.02501394642468968
8536.911678319131,0.025200082127656145
8546.903009865686,0.025381951091021024
8566.885672958797,0.02573294550924565
8606.850999145017,0.026384356325233886
8616.842330691572,0.02653675325531801
8626.833662238128,0.02668622830250744
8646.816325331238,0.02697278746591218
8686.78165151746,0.02749451702436534
8696.772983064016,0.027614294249676076
8706.764314610571,0.027729825690261535
8726.746977703682,0.027948180988969073
8736.738309250237,0.02805101873082563
8746.729640796792,0.028149638401662683
8766.712303889903,0.02833509756780302
8776.703635436457,0.028421364883645994
8786.694966983014,0.028503343345155967
8796.686298529568,0.028581035906310795
8806.677630076123,0.02865444505697127
8816.66896162268,0.02872357280620308
8826.660293169234,0.028788420666857398
8846.642956262345,0.028905280209111935
8856.634287808902,0.02895729231432557
8866.625619355456,0.029005025356273466
8876.616950902011,0.029048478179984558
8886.608282448567,0.029087753719448016
8896.599613995122,0.029122603179812644
8906.590945541677,0.02915316017417769
8916.582277088233,0.029179421291064014
8926.573608634788,0.029201382545747927
8936.564940181343,0.029219039379081588
8946.556271727899,0.029232386657629172
8956.547603274454,0.029241418675119722
8966.538934821008,0.029246129155219035
8976.530266367565,0.029246511255620587
8986.52159791412,0.029242557573456528
8996.512929460674,0.029234260152027805
9006.50426100723,0.029221610488853092
9016.495592553785,0.029204546015646322
9026.48692410034,0.0291832856460274
9036.478255646896,0.029157725560193297
9046.469587193451,0.02912785473866833
9056.460918740006,0.029093661577144568
9066.452250286562,0.02905513390270839
9076.443581833117,0.029012258991424265
9086.434913379671,0.02896502358727014
9096.426244926228,0.028913413922419848
9106.417576472782,0.02885741573886652
9116.408908019337,0.02879701431137889
9126.400239565894,0.028732194471785245
9136.391571112448,0.028662940634574918
9146.382902659003,0.028588030642619888
9166.365565752114,0.028429298559904156
9176.174196719308,0.028345118810377514
9185.982827686505,0.028256787859829664
9205.600089620893,0.028067592968213276
9215.408720588088,0.02796668829691885
9225.217351555282,0.027861551034982574
9244.834613489671,0.02763849349691843
9254.643244456865,0.02752052993448309
9264.45187542406,0.027398247289338377
9284.069137358449,0.027140636134605562
9323.303661227228,0.026572606061008523
9333.112292194422,0.026418047227648837
9342.920923161619,0.02626463250841274
9362.538185096008,0.02594535153614171
9401.772708964785,0.025256079553693446
9411.58133993198,0.025073008468520997
9421.389970899174,0.024885571917453296
9441.007232833563,0.024497475813602232
9480.241756702342,0.023667527621184948
9490.050387669537,0.023448667543779392
9499.859018636733,0.023225201268945967
9519.476280571122,0.022764342596783164
9558.7108044399,0.02182395936962307
9637.179852177456,0.0197275334796485
9646.98848314465,0.019444572143131576
9656.797114111847,0.019156851508053876
9676.414376046236,0.018565508347425617
9715.648899915013,0.017382311617627245
9794.11794765257,0.014789222059465267
9803.265561713873,0.014466539314975586
9812.413175775178,0.01413951233169285
9830.708403897785,0.013480343880483803
9867.298860142997,0.012164685634343187
9940.479772633424,0.009321929306644106
10086.841597614277,0.003073220377002338
10095.98921167558,0.002673902287172453
10105.136825736885,0.002269450756610571
10123.432053859491,0.0014450680473781794
10160.022510104704,-0.00026575453391167094
10233.20342259513,-0.003827072517526239
10379.565247575983,-0.011367513388519304
10389.486793710988,-0.011910438379310214
10399.408339845992,-0.012459804335613618
10419.251432115998,-0.01353723091749508
10458.937616656014,-0.015659925322926326
10538.309985736045,-0.02009787231118854
10697.054723896106,-0.029159192489641095
10706.976270031111,-0.029720937029397494
10716.897816166114,-0.030290791186117022
10736.74090843612,-0.03145025637150679
10776.427092976137,-0.033692213664314366
10855.799462056168,-0.03811540769321611
10865.721008191173,-0.038664365679639934
10875.642554326176,-0.039214298915657586
10895.485646596182,-0.040258035005753146
10935.171831136198,-0.04231662084874854
10945.093377271201,-0.04282608303163466
10955.014923406206,-0.04330221291659249
10974.858015676215,-0.044251564355162656
11014.544200216229,-0.046057293634339316
11023.804729445343,-0.046454006821140745
11033.065258674455,-0.0468421328309573
11051.586317132678,-0.047576006779608424
11060.84684636179,-0.04792308869631502
11070.107375590904,-0.04826181059637541
11088.62843404913,-0.048891920758530036
11097.888963278241,-0.04917271207053683
11107.149492507355,-0.04943620777456505
11116.410021736468,-0.049699529942133086
11125.67055096558,-0.049939021179458414
11134.931080194692,-0.05014803232489312
11144.191609423804,-0.05031994975823398
11153.452138652916,-0.050486063518850086
11162.71266788203,-0.05064433452131075
11171.973197111143,-0.050761650970748785
11181.233726340255,-0.050829935960765904
11190.494255569367,-0.050841247718309314
11199.754784798479,-0.05089814863630254
11209.01531402759,-0.05090539647540693
11218.275843256704,-0.05084776223518106
11227.536372485818,-0.050715571187403524
11236.79690171493,-0.05056880278250955
11246.057430944042,-0.050428988955553686
11255.317960173155,-0.0502011373750233
11264.578489402269,-0.04987377806653273
11273.83901863138,-0.04952978861686207
11283.099547860493,-0.04917998897914938
11292.360077089605,-0.048708872206359416
11301.620606318716,-0.04810350792692441
11310.88113554783,-0.047524091374208564
11320.141664776944,-0.046894398065721335
11329.402194006056,-0.04610016915580917
11338.662723235168,-0.04512726527402767
11347.92325246428,-0.04424502769201698
11357.183781693391,-0.04323763191447349
11366.444310922505,-0.04201012845995932
11375.704840151619,-0.040547909200576965
11384.96536938073,-0.03927657726273834
11394.225898609842,-0.03771305372037659
11403.486427838956,-0.03586147443266376
11412.74695706807,-0.03407134699316049
11422.007486297181,-0.03203745440455215
11431.268015526293,-0.02965302185285806
11440.528544755405,-0.027269990454386515
11459.04960321363,-0.021621245612029508
11468.310132442744,-0.01848822595177228
11477.570661671856,-0.015155898789205396
11486.831190900968,-0.011321965260610946
11496.09172013008,-0.007259904007999939
11505.352249359192,-0.0030383328235155105
11514.612778588305,0.0017633675221351147
11533.133837046531,0.012257503446401273
11542.394366275643,0.018208244402040396
11551.654895504756,0.02463072368950011
11560.91542473387,0.031310641370589344
11570.175953962982,0.03863175303034526
11579.436483192094,0.04631133633996713
11588.697012421206,0.0544998288521212
11607.218070879431,0.07228092128374596
11617.252532182243,0.08260743566458048
11627.286993485057,0.09337214899101733
11647.355916090684,0.11562845319782876
11657.390377393498,0.12680422101222721
11667.42483869631,0.13770044976109413
11677.459299999122,0.14813492552885404
11687.493761301936,0.15762729324874883
11697.52822260475,0.16582656713972238
11707.562683907561,0.1723268686895755
11717.597145210373,0.1766415545686522
11727.631606513187,0.17833837946843817
11737.666067816,0.1770282449710864
11747.700529118814,0.17240525555400765
11757.734990421628,0.16429716428081415
11767.76945172444,0.15268690792842182
11777.803913027252,0.13773693953278135
11787.838374330066,0.11980583084563023
11797.87283563288,0.09947842782312816
11807.907296935693,0.07742499148981559
11817.941758238507,0.05432857417281432
11827.976219541319,0.03090185061071935
11848.045142146944,-0.013407867149954934
11858.079603449758,-0.0335117009886361
11868.11406475257,-0.051729099044267354
11878.148526055382,-0.06766828292973677
11888.182987358196,-0.08120077339760912
11898.21744866101,-0.09261952980533922
11908.251909963823,-0.10192472724814194
11918.286371266637,-0.10900918311022258
11928.320832569449,-0.11435390514534378
11938.35529387226,-0.11807949573751521
11948.389755175074,-0.12031583374885971
11958.424216477888,-0.12133704528698384
11968.458677780702,-0.12130946023041062
11978.493139083515,-0.12040198433775447
11988.527600386327,-0.11877188098675856
11998.56206168914,-0.11654755927112123
12008.596522991953,-0.11385994739665528
12018.630984294767,-0.11079285519938627
12028.665445597579,-0.10746275209959708
12048.734368203204,-0.10022574648297097
12088.872213414457,-0.0848036553038166
12098.90667471727,-0.0809408790009706
12108.941136020083,-0.07714371850899844
12129.01005862571,-0.06972477749601293
12169.147903836962,-0.055891207767443794
12179.182365139775,-0.052735339605780085
12189.216826442587,-0.049537283113689566
12209.285749048213,-0.043588045198549204
12249.423594259466,-0.03265718369932418
12259.275354982918,-0.03023886922122975
12269.127115706371,-0.02796281517044285
12288.830637153274,-0.023327129244249463
12298.682397876728,-0.021303424330523946
12308.53415860018,-0.019127930223784444
12328.237680047085,-0.0152212563486805
12338.089440770538,-0.013323991476784036
12347.94120149399,-0.011453088863369595
12367.644722940895,-0.008078108407929128
12407.051765834703,-0.001766791998275851
12416.903526558155,-0.0003182138338287434
12426.755287281609,0.0010098490671238275
12446.458808728512,0.0037304880280488277
12456.310569451965,0.004982724512119851
12466.162330175417,0.006131071100150633
12485.865851622322,0.00851414719136296
12495.717612345776,0.009617921144924872
12505.569373069227,0.010633679381994169
12525.272894516133,0.012701498414333266
12564.679937409941,0.016364699588202074
12574.531698133393,0.0172193662552267
12584.383458856846,0.018010188210158345
12604.08698030375,0.01956419110594818
12613.938741027203,0.020313413526056947
12623.790501750655,0.021007925703308658
12643.49402319756,0.02235148764960436
12653.345783921013,0.02300580086803589
12663.197544644465,0.02361303612298516
12682.90106609137,0.02477049509778148
12722.308108985178,0.02684465538611046
12732.15986970863,0.027348534132357348
12742.011630432084,0.02781701522757039
12761.715151878987,0.028653100250153163
12771.56691260244,0.02902355271154459
12781.418673325892,0.029442201992067176
12801.122194772797,0.03019318324587807
12810.97395549625,0.030526655766228233
12820.825716219702,0.030833808256487637
12840.529237666608,0.03145060192869273
12850.38099839006,0.031743536595862175
12860.23275911351,0.03201292939823898
12879.936280560416,0.032485611561918065
12889.127024377976,0.03270099158327039
12898.317768195539,0.03291722509162998
12907.508512013099,0.03311571084286906
12916.69925583066,0.03329724468216355
12925.889999648221,0.033462638515924466
12935.080743465782,0.033612718319937805
12953.462231100904,0.03391327206390965
12962.652974918466,0.03404979673309784
12971.843718736027,0.03417207292840193
12981.034462553587,0.034280815330358955
12990.22520637115,0.03437674634195443
12999.41595018871,0.03446779801023546
13008.60669400627,0.03456149020500068
13017.797437823832,0.03464251300459514
13026.988181641393,0.03471148805221065
13036.178925458953,0.034769041538267376
13045.369669276515,0.03481580298953045
13054.560413094076,0.03485566114393166
13063.751156911636,0.03489753085188077
13072.941900729198,0.034928611220271945
13082.132644546758,0.034949447919793
13091.323388364319,0.03496058790288707
13100.514132181881,0.034962578455998
13109.704875999443,0.034951520089266365
13118.895619817004,0.03494932269602724
13128.086363634564,0.03493757636684584
13137.277107452126,0.034916745819461185
13146.467851269686,0.03488729541868957
13155.658595087247,0.034849688436709554
13164.849338904809,0.03480438633979562
13174.04008272237,0.03475184810179881
13183.23082653993,0.03469252954455691
13192.421570357492,0.03462968822953135
13201.612314175052,0.034564051298375274
13210.803057992613,0.034490867518739865
13219.993801810175,0.03441052180030795
13229.184545627735,0.03432339640389466
13247.566033262858,0.03413031930254623
13256.75677708042,0.03402511433636769
13265.94752089798,0.03391462224078559
13284.329008533103,0.03368080743875835
13293.519752350663,0.03355517544391054
13302.710496168223,0.033423864605647086
13321.091983803346,0.033145451997888827
13330.282727620906,0.03299896219520936
13339.473471438469,0.03284801681633479
13357.85495907359,0.032532125289942815
13394.617934343834,0.031841066762825665
13403.808678161397,0.03165763123186627
13412.999421978957,0.03147042373876546
13431.38090961408,0.031084661909498566
13468.143884884323,0.03025549112018828
13478.108560775585,0.0300208175990226
13488.073236666845,0.02978240466371451
13508.00258844937,0.029295351731551685
13547.861292014415,0.028257832163365658
13627.578699144507,0.026008440484149707
13637.54337503577,0.025711430372149548
13647.50805092703,0.025411974238146822
13667.437402709555,0.02480636921627581
13707.2961062746,0.023542939273672125
13787.013513404692,0.02090416649704963
13796.978189295955,0.020558355696462284
13806.942865187215,0.02021073803805077
13826.87221696974,0.019510536398565932
13866.730920534785,0.018093223151002553
13946.448327664877,0.015168999170299213
14105.883141925062,0.009064381460823496
14115.186800910433,0.008702471513349994
14124.490459895802,0.008340490471558779
14143.097777866544,0.0076096458408144154
14180.312413808024,0.006140394529823061
14254.741685690986,0.0032049026162531188
14403.60022945691,-0.002652328745243711
14412.90388844228,-0.003014647443353207
14422.20754742765,-0.0033761519550336086
14440.814865398392,-0.00409660935779188
14478.029501339872,-0.00552657567341004
14552.458773222834,-0.008346130907161554
14701.317316988758,-0.013732917353790251
14710.438275394768,-0.014049679957969146
14719.559233800777,-0.014364820263863896
14737.801150612795,-0.014990117604434241
14774.284984236834,-0.01621993381978976
14847.25265148491,-0.01858174073269653
14856.373609890921,-0.018866501365016993
14865.49456829693,-0.019149244006133746
14883.736485108948,-0.019708534042029508
14920.220318732987,-0.02080129058129839
14993.187985981063,-0.022871221404365014
15002.308944387074,-0.023115460055266587
15011.429902793083,-0.023357304478384428
15029.6718196051,-0.023833629641167545
15066.15565322914,-0.024755481459361114
15075.276611635149,-0.024979232152810407
15084.39757004116,-0.025200191052123955
15102.639486853179,-0.02563350893650281
15139.123320477216,-0.02646409958768261
15148.244278883227,-0.026663880001051903
15157.365237289236,-0.02685826174260282
15175.607154101253,-0.027235021680647512
15212.090987725293,-0.027952836289276133
15221.211946131301,-0.028124456792285188
15230.332904537312,-0.028292801925050477
15248.574821349332,-0.028619368666033377
15285.058654973369,-0.029229838549765054
15294.953545453078,-0.02938507553100757
15304.848435932789,-0.029535702741015486
15324.63821689221,-0.029821532587814087
15334.53310737192,-0.029956355527658914
15344.42799785163,-0.030087117377055755
15364.21777881105,-0.030335979275921406
15374.11266929076,-0.030453833145352473
15384.00755977047,-0.030567133758179786
15403.79734072989,-0.030779554577984584
15413.6922312096,-0.030878408594843577
15423.58712168931,-0.030972177211431733
15443.376902648732,-0.031143902642257477
15453.271793128442,-0.031221577042865184
15463.166683608151,-0.03129360149631274
15473.06157408786,-0.0313598308234003
15482.956464567571,-0.031420118527583876
15492.851355047282,-0.03147634456045584
15502.746245526992,-0.03152870276476724
15512.641136006703,-0.03157609263162088
15522.536026486412,-0.03161834032882859
15532.430916966121,-0.03165526936096259
15542.325807445832,-0.031686700761130754
15552.220697925542,-0.03171245329041007
15562.115588405253,-0.031732343644979545
15572.010478884964,-0.03174618667097747
15581.905369364673,-0.031753795587095984
15591.800259844382,-0.03175498221490449
15601.695150324093,-0.03174955721688225
15611.590040803803,-0.03173733034211742
15621.484931283512,-0.031718110679612506
15631.379821763221,-0.0316917069191182
15641.274712242932,-0.031657927619392796
15651.169602722643,-0.03161313792890227
15661.064493202353,-0.031577657885995564
15670.959383682064,-0.03153613560911785
15680.854274161773,-0.03148832084975197
15690.749164641482,-0.03143396159051426
15700.644055121193,-0.03137280438965927
15710.538945600903,-0.03130459473702072
15720.433836080614,-0.031229077421362706
15730.328726560325,-0.03114599690907541
15740.223617040034,-0.031055097734115602
15760.013397999453,-0.030848824287039733
15769.908288479164,-0.030732943084487672
15779.803178958873,-0.030608230214172576
15799.592959918293,-0.030331316512360526
15809.487850398004,-0.030178626245782148
15819.382740877714,-0.03002710561185926
15839.172521837134,-0.02973438866651847
15849.067412316843,-0.029575186679512665
15858.962302796554,-0.029406961861070002
15878.752083755975,-0.02904207848948834
15888.646974235686,-0.028844746295062586
15898.541864715395,-0.02863704529599389
15918.331645674814,-0.028189243415454947
15927.565519248634,-0.027964952507522522
15936.799392822451,-0.027730551518568906
15955.267139970088,-0.02723093869346338
15964.501013543908,-0.027009394710936923
15973.734887117727,-0.026778303661322642
15992.202634265364,-0.026286023180155646
16001.436507839182,-0.026024121768943857
16010.670381413001,-0.025751250729447093
16029.13812856064,-0.02517126414911824
16066.073622855914,-0.023865521874359766
16075.307496429734,-0.023507018486368745
16084.541370003551,-0.02313515626194237
16103.009117151189,-0.022478753551398525
16112.242990725008,-0.022134039611733
16121.476864298827,-0.021775465693908747
16139.944611446464,-0.02101511858673646
16149.178485020282,-0.020612581050822122
16158.412358594102,-0.020194657063612002
16176.88010574174,-0.019311344539949676
16213.815600037015,-0.01749933318232813
16223.049473610834,-0.01705491486037399
16232.283347184652,-0.016592169617908655
16250.751094332289,-0.015610002961213927
16287.686588627565,-0.013409027443207924
16296.920462201382,-0.012807848460488122
16306.154335775202,-0.012219087743243665
16324.62208292284,-0.011148302066526396
16361.557577218115,-0.008715109745952012
16370.791450791934,-0.008044217735825124
16380.025324365752,-0.007347897245794682
16398.49307151339,-0.005919695420806677
16435.428565808666,-0.0032258700706466054
16509.299554399215,0.0031675279918125243
16519.307360046732,0.004085026237073056
16529.315165694254,0.005048850485086881
16549.330776989293,0.00711293108338216
16589.36199957937,0.011133516788673432
16599.36980522689,0.012222190091035243
16609.37761087441,0.013366662227500674
16629.39322216945,0.01581565848952552
16669.424444759523,0.0204052104549978
16679.432250407044,0.02169604524175906
16689.440056054562,0.02305200776339364
16709.455667349597,0.02582495452877105
16749.486889939675,0.031262346771942354
16829.54933511983,0.04375104976899444
16839.55714076735,0.045322128575497715
16849.56494641487,0.04699954288746211
16869.58055770991,0.05061174495749378
16909.611780299987,0.05772532821115873
16919.619585947505,0.05967541061435441
16929.627391595026,0.06141994859230145
16949.643002890065,0.0651303597121603
16989.67422548014,0.07262546246561163
16999.68203112766,0.07449826748966094
17009.68983677518,0.07635945296618171
17029.705448070214,0.07979628468556407
17039.71325371773,0.08146058338229888
17049.721059365253,0.0830413458630696
17059.728865012774,0.08448351211958166
17069.73667066029,0.08583768912315677
17079.74447630781,0.08704983904498603
17089.75228195533,0.08803454018307852
17099.760087602852,0.08880087887939132
17109.76789325037,0.08942140547947686
17119.775698897887,0.08969940049801063
17129.78350454541,0.08953274760867144
17139.79131019293,0.08906785348232986
17149.799115840447,0.08817437148463851
17159.624220908605,0.08666961780645213
17169.449325976762,0.08462617053634812
17179.27443104492,0.08196687810587483
17189.09953611308,0.07845022014050161
17198.924641181242,0.07412176897190174
17208.7497462494,0.06881371322758711
17218.574851317557,0.06244641793157393
17228.399956385714,0.05487031062735856
17238.22506145387,0.046163297234978196
17248.050166522033,0.03579912754014447
17257.875271590194,0.02431892072631532
17267.70037665835,0.011014229534647285
17277.52548172651,-0.003441320190750885
17287.350586794666,-0.01954803029649846
17307.000796930985,-0.055108831526224665
17316.825901999146,-0.07425035293787825
17326.651007067303,-0.09370831859298735
17336.47611213546,-0.1128672131668369
17346.301217203618,-0.13139853827179543
17356.126322271775,-0.14849088196155016
17365.951427339936,-0.16353207552556986
17375.776532408097,-0.17595851736611495
17385.601637476255,-0.18522650768106913
17395.426742544412,-0.19099481702960128
17405.25184761257,-0.19308081544424607
17415.076952680727,-0.1914918844599829
17424.90205774889,-0.18641897691351503
17434.72716281705,-0.17821372184353568
17444.552267885207,-0.16730629919112225
17454.377372953364,-0.15422147437806868
17464.20247802152,-0.1397356355423617
17474.02758308968,-0.12418742207922366
17483.852688157836,-0.108078093033878
17503.502898294155,-0.07588467528241336
17513.328003362316,-0.06063578184976072
17523.153108430473,-0.04609803183473242
17542.80331856679,-0.019761924281038498
17552.628423634946,-0.008135116111046461
17562.453528703107,0.0024281722780856857
17572.278633771268,0.01197689358332285
17582.103738839425,0.020585801831635345
17591.928843907583,0.028227615437396214
17601.75394897574,0.035013027820288194
17611.579054043897,0.04101112415907143
17621.40415911206,0.046222521923035595
17631.22926418022,0.050803993127283134
17641.054369248377,0.054766790224464276
17650.879474316534,0.0581117906761309
17660.704579384692,0.06104739739383036
17670.52968445285,0.06348195278417039
17680.35478952101,0.065486336029393
17690.17989458917,0.06720166432759078
17700.00499965733,0.068521394196076
17709.830104725486,0.06956766141801195
17719.655209793644,0.0703891241775375
17729.4803148618,0.07088944888605081
17739.305419929962,0.07130509323832496
17749.130524998123,0.07144353894137725
17758.95563006628,0.07147557400015167
17768.780735134438,0.07133731649526766
17778.605840202596,0.0710637008272026
17787.76992836486,0.07073017369596
17796.934016527128,0.07027316531879897
17806.098104689394,0.06977476052620392
17815.262192851664,0.06918485398288164
17824.426281013933,0.06853113377470096
17833.5903691762,0.06783451762742099
17851.918545500732,0.06628563732357048
17861.082633662998,0.0654510058495211
17870.246721825268,0.06458277803373523
17888.574898149804,0.06276245014300685
17925.23125079887,0.05888582385958767
17934.39533896114,0.05788209772653258
17943.559427123408,0.056856063501642774
17961.88760344794,0.05481792021725215
17998.54395609701,0.05066166015432064
18071.856661395148,0.042389020117375116
18081.020749557414,0.041377281160348174
18090.18483771968,0.04040112398434687
18108.513014044216,0.03836264352948657
18145.169366693284,0.034441285009994486
18218.482071991424,0.02693396264704498
18365.1074825877,0.013513538330467917
18375.04550282367,0.01266382915974434
18384.983523059636,0.011840396597063358
18404.859563531572,0.01026166706385664
18444.611644475444,0.007087538462643497
18524.115806363185,0.0012369899458367136
18534.05382659915,0.0005382294966097111
18543.991846835117,-0.00014086251367940138
18563.867887307053,-0.0014326259324927773
18603.619968250925,-0.0040681989558971135
18683.12413013867,-0.008816972054610699
18693.062150374637,-0.009363995195143186
18703.000170610605,-0.009895950880186091
18722.87621108254,-0.01098509833206089
18762.628292026413,-0.013053566364470337
18772.56631226238,-0.013536949904024008
18782.50433249835,-0.01400725747573043
18802.380372970285,-0.01498726904746294
18842.132453914153,-0.01679895174711305
18852.070474150118,-0.017222199353026248
18862.008494386086,-0.017652227191178402
18881.88453485802,-0.018502750912373432
18921.636615801894,-0.0200720634516062
19001.140777689638,-0.02288988016481804
19010.417781019714,-0.02319378083448615
19019.69478434979,-0.023493632673037654
19038.248791009944,-0.024069042806879725
19075.35680433025,-0.025126819181875818
19084.633807660328,-0.025375945384943584
19093.910810990405,-0.025630280513188164
19112.464817650558,-0.026116342692759344
19149.57283097086,-0.027001665233612204
19158.849834300934,-0.027205700361239742
19168.12683763101,-0.027403096629630495
19186.680844291164,-0.027781087889902332
19195.95784762124,-0.02797140479107167
19205.234850951318,-0.02815488321646796
19223.78885761147,-0.028501777003672776
19233.065860941548,-0.02866542242722822
19242.342864271624,-0.028822689109383966
19260.896870931778,-0.029118559276448124
19298.004884252085,-0.029643579810955133
19307.28188758216,-0.029766429797822617
19316.558890912238,-0.029883152697383637
19335.11289757239,-0.030098615647287868
19344.389900902468,-0.030197555887699932
19353.666904232545,-0.03029076913670163
19372.220910892698,-0.030460416332098797
19381.497914222775,-0.030537050718329888
19390.77491755285,-0.030608358732661666
19400.05192088293,-0.030674439619146357
19409.328924213005,-0.030739430911298323
19418.60592754308,-0.03079867215307404
19427.88293087316,-0.030852377878970248
19437.159934203235,-0.03090063337148082
19446.436937533308,-0.0309435236280588
19455.71394086338,-0.030981133259151535
19464.990944193458,-0.031013546388893226
19474.267947523535,-0.031040846558478725
19483.54495085361,-0.031063116632243107
19492.821954183688,-0.031080438706463858
19502.098957513765,-0.031092894020900413
19511.37596084384,-0.031101358107477498
19520.652964173918,-0.03110573310765901
19529.929967503995,-0.031104997807642882
19539.20697083407,-0.031099224219092798
19548.483974164148,-0.031088483713648984
19557.760977494225,-0.031072846951755606
19567.0379808243,-0.031052383813844828
19576.314984154378,-0.031027163333886148
19585.591987484455,-0.030997253635309373
19594.86899081453,-0.03096272186930199
19603.963293565248,-0.030924447508397828
19613.057596315964,-0.030881856159750025
19622.15189906668,-0.030835169285753247
19631.246201817394,-0.030783990737874925
19640.340504568107,-0.0307283170742777
19649.434807318823,-0.030668204275794073
19667.623412820256,-0.030534881143179017
19676.717715570972,-0.03046177859748165
19685.81201832169,-0.030384452418783372
19704.00062382312,-0.030217334507280626
19713.094926573838,-0.03012764295160516
19722.189229324555,-0.030033928056832238
19740.377834825984,-0.02983305076105441
19749.472137576697,-0.029726388400679947
19758.566440327413,-0.02961563267368998
19776.755045828846,-0.029382018367592872
19813.132256831712,-0.028867568540251777
19822.22655958243,-0.028729355406567486
19831.320862333145,-0.028588026760312666
19849.509467834574,-0.02829068882152439
19885.886678837436,-0.027650090241722564
19894.980981588153,-0.02748057999914259
19904.07528433887,-0.02730739322084005
19922.2638898403,-0.02695011914561122
19958.64110084316,-0.02619282843780326
20031.39552284889,-0.024507566762971306
20040.4898255996,-0.02428135428585603
20049.584128350318,-0.024051820728652997
20067.77273385175,-0.023582882527546107
20104.149944854616,-0.02260613828511117
20176.90436686034,-0.02050232951863442
20186.77260168476,-0.020202495529070497
20196.640836509174,-0.019899162807439703
20216.377306158007,-0.019282083024231293
20255.850245455673,-0.018006829819444285
20334.796124051,-0.015304351896076339
20492.68788124166,-0.009363716568651734
20502.55611606608,-0.008973766907045391
20512.424350890495,-0.00858113071932939
20532.160820539328,-0.007787858858753247
20571.633759836994,-0.006169833701278259
20650.579638432322,-0.0028422475942861828
20808.471395622983,0.004080736905857371
20817.67861354151,0.004487554406543697
20826.885831460033,0.00489606905273235
20845.300267297083,0.005718047095075516
20882.129138971184,0.007380583358757336
20955.786882319382,0.010734493533937519
21103.10236901578,0.017383527179558038
21112.30958693431,0.017779168416307556
21121.516804852832,0.018176059632505695
21139.931240689883,0.01897313708784539
21176.760112363983,0.02057681791497739
21250.41785571218,0.023785992037690117
21397.73334240858,0.029674572899883976
21407.714492400806,0.03005808748624806
21417.69564239303,0.030416653572719964
21437.657942377482,0.031119246507137502
21477.582542346383,0.032510073642474005
21487.56369233861,0.032851493158803514
21497.544842330833,0.03318918905262559
21517.507142315284,0.0338508463061612
21557.43174228419,0.03507722372242048
21567.412892276414,0.03536497809193666
21577.394042268643,0.03564957046869156
21597.356342253093,0.03620576866331938
21607.33749224532,0.036475568061443295
21617.318642237544,0.03673859541446883
21637.280942221994,0.03724050551670405
21647.26209221422,0.037477433398001705
21657.243242206445,0.037703683187212504
21677.205542190895,0.038128810536346244
21687.18669218312,0.0383325294067677
21697.167842175346,0.03852896073931776
21717.130142159796,0.03889463146274531
21727.11129215202,0.0390611592720297
21737.092442144247,0.03921498208550039
21747.073592136472,0.03935471036681891
21757.054742128697,0.039478946885756636
21767.035892120923,0.039589749193934376
21777.017042113148,0.03971014984107834
21786.998192105373,0.03981960655668774
21796.9793420976,0.03991623937565828
21806.960492089824,0.039998155073202875
21816.94164208205,0.04006345182806893
21826.922792074274,0.040110224204718034
21836.9039420665,0.040136568450466835
21846.885092058725,0.04014058810069608
21856.86624205095,0.040120399882247075
21866.84739204318,0.04010190432934349
21876.828542035404,0.040100852410443664
21886.80969202763,0.040079158705372056
21896.79084201986,0.04003420968542919
21906.771992012084,0.039963409416552464
21916.75314200431,0.0398641881050671
21926.734291996534,0.039734011145882965
21936.71544198876,0.03957038864614397
21956.67774197321,0.039242884311741985
21966.658891965435,0.039087689374842714
21976.64004195766,0.03889709773938418
21986.621191949886,0.03866771501893703
21996.60234194211,0.0383962298217435
22006.583491934336,0.03807942855890239
22016.56464192656,0.03771421093019947
22036.52694191101,0.037008099887586125
22045.847074997346,0.0366888135973678
22055.16720808368,0.03632170523528231
22064.487341170014,0.035903360275930114
22073.807474256348,0.03543051361684503
22083.12760734268,0.03490006664128824
22092.447740429016,0.03430910479993947
22111.088006601683,0.033302668032314534
22120.408139688017,0.03274462714106813
22129.72827277435,0.03211441221351795
22139.048405860685,0.0314082341929488
22148.36853894702,0.030622610216492416
22157.688672033353,0.02975439018489056
22167.008805119687,0.028919277770144306
22176.328938206025,0.028217501743727877
22185.64907129236,0.02741750651318045
22194.969204378693,0.026514678654404662
22204.28933746503,0.025504917926371877
22213.609470551364,0.02438467752559583
22222.929603637698,0.02315100431065251
22232.249736724032,0.02195165746313848
22241.569869810366,0.020914307138443573
22250.8900028967,0.0197359152357245
22260.210135983034,0.018412450481413444
22269.530269069368,0.016940800185902345
22278.850402155702,0.01531882808291768
22288.170535242036,0.01375809331383238
22297.49066832837,0.012328097618636381
22306.810801414704,0.010707308210376871
22316.130934501038,0.008893714065546527
22325.45106758737,0.006886798858049999
22334.771200673706,0.004687614048048405
22344.09133376004,0.0028322514446082123
22353.411466846374,0.0008046158722106803
22362.731599932707,-0.0014701252993058536
22372.05173301904,-0.003988491459655061
22381.371866105375,-0.006742911565144463
22390.69199919171,-0.009071109707257469
22409.332265364377,-0.014649991038873995
22418.65239845071,-0.017880136614396004
22427.972531537045,-0.02115925889532177
22437.29266462338,-0.024194098490726637
22446.612797709713,-0.02760225863102175
22455.932930796047,-0.03136175212499974
22465.25306388238,-0.03544598782795712
22483.893330055053,-0.04327521604497041
22493.213463141386,-0.04761253060055242
22502.533596227724,-0.052320420779035176
22521.173862400392,-0.06199191860780333
22558.454394745728,-0.08351381632908153
22567.77452783206,-0.08911013460624563
22577.094660918396,-0.09497194067696701
22595.734927091064,-0.10686548082790462
22605.055060177398,-0.11276576488179402
22614.37519326373,-0.11861215036569152
22633.0154594364,-0.12959590296582202
22642.152891943373,-0.13442623220824407
22651.290324450347,-0.13875079667934073
22660.42775695732,-0.14236467366012281
22669.565189464294,-0.1451283985811459
22678.702621971268,-0.14681258812816317
22687.84005447824,-0.14722858692701776
22696.977486985215,-0.14613272455910226
22706.11491949219,-0.14332178006646928
22715.252351999163,-0.13853548431583604
22724.389784506136,-0.1316549410432004
22733.52721701311,-0.12240612588966489
22742.664649520084,-0.11088120829223516
22751.802082027058,-0.09681817412770546
22760.93951453403,-0.08060172612089303
22770.076947041,-0.06223016886567728
22779.214379547975,-0.04202859916762774
22788.35181205495,-0.02051735477639837
22797.48924456192,0.0017969845815576195
22806.626677068893,0.024398277917865727
22815.764109575866,0.046620954998211235
22824.90154208284,0.06786574218271063
22834.038974589814,0.08760181212619735
22843.176407096787,0.10530521048755664
22852.31383960376,0.12072846103430954
22861.451272110735,0.13365163041302242
22870.58870461771,0.14393644933179767
22879.726137124682,0.151570968065794
22888.863569631656,0.15667878271466662
22898.00100213863,0.1594691089949803
22907.138434645603,0.16017547126552345
22916.275867152577,0.15905426404240677
22925.41329965955,0.15637043060278236
22934.550732166525,0.15238083263156044
22943.6881646735,0.14737487702218913
22952.825597180472,0.14152943746714272
22961.963029687446,0.1350691138693792
22971.10046219442,0.12819988865282617
22980.237894701393,0.12103435649257452
22998.51275971534,0.10634942193746495
23007.650192222314,0.09902049713276286
23016.787624729288,0.09178046681812464
23035.062489743235,0.07781871779026968
23044.19992225021,0.07125508341922412
23053.337354757183,0.06474307989572517
23071.612219771127,0.052681236979796986
23080.7496522781,0.04714303719721518
23089.88708478507,0.041675127050903885
23108.161949799018,0.0317084499345263
23117.29938230599,0.02719636156131075
23126.436814812965,0.02273092313926023
23144.711679826913,0.014664235388115447
23153.849112333886,0.010967440529104713
23162.98654484086,0.0075724475392806925
23172.123977347834,0.004130689152606497
23181.261409854807,0.0010494140777831396
23190.39884236178,-0.0018702855068982172
23199.536274868755,-0.004744031206946352
23217.811139882702,-0.0098109206289911
23227.722504463374,-0.012388049191975902
23237.63386904405,-0.014637187250791498
23247.545233624725,-0.016995300463582892
23257.456598205397,-0.019060325441112753
23267.36796278607,-0.021007024960227612
23277.279327366745,-0.022893935922155644
23297.102056528092,-0.02621795172114743
23307.013421108764,-0.027719953816127955
23316.92478568944,-0.029036165281377202
23326.836150270115,-0.030476268078550438
23336.747514850787,-0.031736864239614124
23346.658879431463,-0.032825653758070554
23356.57024401214,-0.03380434176587723
23366.48160859281,-0.034909119208650315
23376.392973173486,-0.035871572460232724
23386.30433775416,-0.036699255454044746
23396.215702334834,-0.03740056893198997
23406.12706691551,-0.03822422729308812
23416.038431496185,-0.03894279571247322
23425.949796076857,-0.03955532612369656
23435.861160657532,-0.040069411582716444
23445.772525238208,-0.04063709282207577
23455.68388981888,-0.041155188600026704
23465.59525439955,-0.041589578683407326
23475.506618980227,-0.041946981266104064
23485.417983560903,-0.0423155744136106
23495.329348141575,-0.042667684208950084
23505.240712722247,-0.04295350559370724
23515.152077302922,-0.04317890633866001
23525.063441883598,-0.043391024129532094
23534.97480646427,-0.043604856810874865
23544.886171044942,-0.04376603913444035
23554.797535625617,-0.04387965439397607
23564.708900206293,-0.04396744425370244
23574.620264786965,-0.044065324589843795
23584.531629367637,-0.0441212864578137
23594.442993948313,-0.04413971179778966
23604.354358528988,-0.04411809732825181
23614.26572310966,-0.044124821986858624
23624.177087690332,-0.04409708396271968
23634.088452271008,-0.044038554433824054
23643.999816851683,-0.043952935166495025
23653.911181432355,-0.043843944353471845
23663.82254601303,-0.043739576192497645
23673.733910593706,-0.04361629308818352
23683.64527517438,-0.04346989697958887
23693.556639755054,-0.043303432893559535
23703.46800433573,-0.043119937279131305
23713.3793689164,-0.04293005940046615
23733.202098077752,-0.042509486328916254
23743.113462658424,-0.04227566439128973
23753.0248272391,-0.042029465600920676
23772.847556400448,-0.0415077244603657
23782.75892098112,-0.041228463619378625
23792.670285561795,-0.040938294460984584
23812.493014723143,-0.040333049450019975
23852.138473045838,-0.039003031622119294
23861.38882072062,-0.03867820109638853
23870.639168395403,-0.03834200371509493
23889.139863744967,-0.03764624510035601
23926.141254444097,-0.03619770598714295
24000.14403584236,-0.03304398332677692
24148.149598638884,-0.026073299367231816
24444.16072423193,-0.011002123535037335
24454.185003980412,-0.01048639272980354
24464.209283728895,-0.009973697994902126
24484.257843225863,-0.008957909188517561
24524.354962219797,-0.0069240500191421915
24604.54920020766,-0.002934029203848244
24764.937676183392,0.004738886070478553
24774.961955931874,0.005198544086479749
24784.986235680357,0.005654404747825394
24805.034795177326,0.006554665736013322
24845.13191417126,0.008324845056451275
24925.326152159123,0.011733687082221785
25085.714628134854,0.017895653258690754
25095.556207303976,0.018243163794294977
25105.3977864731,0.018586448777849367
25125.080944811343,0.019260326650324483
25164.447261487832,0.020557248063187678
25174.288840656955,0.02087422632066032
25184.130419826077,0.02118642311834986
25203.81357816432,0.021797599362558606
25243.179894840814,0.022966883136829656
25253.02147400994,0.023248108400318532
25262.863053179062,0.023524881892760054
25282.546211517307,0.02406532946201912
25321.912528193796,0.025097355478065582
25331.754107362918,0.025343794307008238
25341.59568653204,0.025585580278368367
25361.278844870285,0.026055138818585878
25400.645161546774,0.026937789316236846
25410.486740715896,0.027146595044480075
25420.32831988502,0.02735062343410744
25440.011478223263,0.027744273079780377
25449.853057392385,0.0279345515981612
25459.694636561508,0.02811906878375074
25479.377794899752,0.028473499812498363
25489.219374068874,0.028643367860788034
25499.060953237997,0.028808305466724485
25518.74411157624,0.029123287040458603
25558.110428252734,0.02969290272012176
25567.95200742186,0.029822561213215047
25577.793586590982,0.029947058052141987
25597.476744929227,0.030180431477440296
25607.31832409835,0.030289625377434883
25617.15990326747,0.030392407499241603
25636.843061605716,0.030582636229845868
25646.684640774838,0.03067000654878092
25656.52621994396,0.030752161110012114
25666.367799113083,0.0308290584978336
25676.209378282205,0.03090065602767928
25686.050957451327,0.03096690977248774
25695.89253662045,0.03102777459194147
25705.73411578957,0.031083204164591795
25715.575694958694,0.0311331510228757
25724.756257221925,0.031174757663183363
25733.936819485156,0.03121151082776092
25743.117381748387,0.031243369470104237
25752.297944011618,0.031270291798977265
25761.47850627485,0.031292235313058844
25770.65906853808,0.031308929515878034
25779.83963080131,0.03132134463635329
25789.02019306454,0.03132907808898998
25798.200755327773,0.03133208194257827
25807.381317591004,0.0313303072012104
25816.561879854235,0.03132370385133987
25825.742442117466,0.03131222091109011
25834.923004380697,0.03129580648180966
25844.103566643927,0.03127440780187345
25853.28412890716,0.031247971302722784
25862.464691170393,0.031216442667139705
25871.645253433628,0.031179766889746243
25880.82581569686,0.031137888339717985
25890.00637796009,0.031090750825700123
25899.18694022332,0.031038297662913016
25908.36750248655,0.030980471742425502
25917.548064749782,0.0309172156025834
25926.728627013013,0.03084847150256569
25935.909189276244,0.03077297803487374
25945.089751539475,0.030697205437825094
25954.270313802706,0.030616421014443278
25972.63143832917,0.030439531022326244
25981.8120005924,0.030343280856634992
25990.99256285563,0.030241729861694433
26009.353687382092,0.030022430521909872
26018.534249645323,0.02990453397407919
26027.714811908554,0.029781040402916893
26046.075936435016,0.029516964704957085
26082.79818548794,0.02891838783329516
26091.97874775117,0.028753644933588757
26101.159310014402,0.028580662998144657
26119.520434540864,0.028242361580767643
26156.24268359379,0.027497850027843725
26165.423245857026,0.027296994829234266
26174.603808120257,0.027090052440863658
26192.96493264672,0.02665752121398185
26229.687181699643,0.025715255893264052
26303.13167980549,0.023592510243125534
26313.086174142423,0.02328437021403574
26323.040668479356,0.02296826271751818
26342.949657153218,0.02231152434536605
26382.767634500946,0.020895885270907487
26392.72212883788,0.020519910432823654
26402.676623174808,0.020134867430254142
26422.58561184867,0.01933715070965913
26462.403589196398,0.01776058659383955
26472.358083533327,0.017353647512367718
26482.31257787026,0.01693727181316673
26502.221566544125,0.016075493595894545
26542.03954389185,0.014231435518323933
26621.675498587305,0.010227371913750529
26631.629992924238,0.00971654303758459
26641.58448726117,0.009193967116331796
26661.493475935033,0.008112978757088732
26701.31145328276,0.00580474577889457
26780.947407978212,0.0010020383514877905
26790.90190231514,0.0003703997972616356
26800.856396652074,-0.00027593769529135614
26820.76538532594,-0.0016125473561993328
26860.583362673664,-0.004458048263586381
26940.21931736912,-0.010068309490282014
26949.51279480016,-0.010793570165505726
26958.806272231202,-0.011533079804628667
26977.393227093282,-0.01302226441037833
27014.567136817444,-0.015787175379097875
27088.914956265766,-0.022032575961259963
27237.610595162412,-0.03521672516274153
27246.904072593454,-0.03612932589878121
27256.197550024495,-0.03705352253789971
27274.784504886575,-0.038651728693351144
27311.958414610737,-0.042173046596478816
27386.30623405906,-0.04917323276070548
27395.599711490097,-0.050071718752617206
27404.893188921138,-0.050893397618192567
27423.48014378322,-0.052527603339296944
27460.65405350738,-0.05583965394857139
27469.94753093842,-0.05658305321585727
27479.241008369463,-0.057336793807858194
27497.827963231543,-0.05882431332167514
27507.12144066258,-0.059532124842776465
27516.414918093622,-0.060198466653293994
27535.001872955705,-0.06144911504657679
27544.112649807386,-0.06203248046395608
27553.223426659064,-0.06257333516555792
27562.33420351074,-0.06305429287440283
27571.444980362423,-0.0634580989911823
27580.555757214104,-0.06382782534914092
27589.666534065782,-0.06420617402166989
27598.77731091746,-0.06451114728552312
27607.88808776914,-0.06471899291906959
27616.998864620822,-0.06480645233382235
27626.1096414725,-0.06476496994137694
27635.220418324177,-0.06482840857983883
27644.33119517586,-0.06475552071981142
27653.44197202754,-0.06451574567513162
27662.55274887922,-0.06407981019947875
27671.663525730903,-0.06342002642742546
27680.77430258258,-0.06292352785246501
27689.885079434258,-0.06225099502023049
27698.99585628594,-0.06130647561872945
27708.10663313762,-0.06005489398043492
27717.2174099893,-0.05846440145615171
27726.328186840983,-0.05698321543060427
27735.43896369266,-0.05534625410735045
27744.54974054434,-0.05328554810211324
27753.66051739602,-0.05076361627295324
27762.7712942477,-0.04774896839815107
27771.88207109938,-0.044657402954936684
27780.992847951056,-0.04145924321273373
27790.103624802738,-0.037643320309169295
27799.21440165442,-0.03317997253615656
27808.325178506097,-0.028049422116796757
27817.435955357774,-0.0227752513679716
27826.546732209456,-0.016799533168529897
27835.657509061137,-0.010186887041871116
27844.768285912814,-0.0029252964423321925
27853.879062764492,0.004997362334378266
27862.989839616173,0.013654981023125075
27872.100616467855,0.023050707324485022
27881.211393319532,0.03314520159023808
27899.43294702289,0.055615506540556595
27908.543723874573,0.06785308132971468
27917.65450072625,0.08061217197668272
27935.87605442961,0.10731695906426754
27944.98683128129,0.12084193764862011
27954.09760813297,0.13408170460870755
27963.208384984653,0.14692536569658554
27972.31916183633,0.15865161466453642
27981.42993868801,0.16933091567146874
27990.54071553969,0.17817913886366127
27999.65149239137,0.184869146936127
28008.762269243052,0.18903095635238418
28017.873046094734,0.19033633761305274
28026.98382294641,0.18856447037043508
28036.09459979809,0.18360576454112945
28045.20537664977,0.17548812735253805
28054.31615350145,0.16438018063945176
28063.42693035313,0.1505922695731945
28072.537707204807,0.13454160321260972
28081.648484056488,0.11678300334627828
28090.75926090817,0.09783506505389558
28099.870037759847,0.07823727533554346
28118.091591463206,0.03902148531147142
28127.976300388586,0.018849585502444255
28137.861009313965,0.00006877869908696044
28147.74571823935,-0.01725451200022079
28157.630427164728,-0.032913683600420074
28167.515136090107,-0.04680520226479636
28177.39984501549,-0.05871607762029726
28187.28455394087,-0.068950851045955
28197.16926286625,-0.07756555551567916
28207.05397179163,-0.0846658775981754
28216.93868071701,-0.09032852145916878
28226.823389642388,-0.09475927519043667
28236.708098567768,-0.09810725550678087
28246.592807493147,-0.10045304222294757
28256.477516418527,-0.10197024081460798
28266.36222534391,-0.10274908716089268
28276.24693426929,-0.10288491714167794
28286.13164319467,-0.10251578591966821
28296.016352120052,-0.10167514549173741
28305.90106104543,-0.10046446066821524
28315.78576997081,-0.09894070676835541
28325.67047889619,-0.09715300698552203
28335.55518782157,-0.09515588651421207
28355.32460567233,-0.09068137959173733
28365.20931459771,-0.08829087809031061
28375.09402352309,-0.08579604234689617
28394.86344137385,-0.08069574436748499
28434.402277075373,-0.07021833770152201
28444.286986000752,-0.0676712118591243
28454.17169492613,-0.0650604608667191
28473.941112776894,-0.06003293152875409
28513.479948478416,-0.05044673866215825
28523.364657403796,-0.04818588501218843
28533.249366329175,-0.04587596961509913
28553.018784179934,-0.04156407591281526
28592.557619881456,-0.0333507323475984
28602.442328806836,-0.03147409771951756
28612.32703773222,-0.02955982541789011
28632.096455582978,-0.02595949861379786
28671.635291284496,-0.01919345869192523
28681.520000209875,-0.01752213231105816
28691.404709135255,-0.015947285473317727
28711.174126986018,-0.013000274995096539
28750.71296268754,-0.007385397360303057
28759.936654707028,-0.006123793107159218
28769.160346726516,-0.004930703215428038
28787.607730765496,-0.0026335707459421327
28824.502498843452,0.0017023106932477182
28833.72619086294,0.0027503099290392165
28842.94988288243,0.0037440048336172607
28861.397266921405,0.005646443815118713
28898.292034999362,0.009231743331062404
28907.51572701885,0.010083878599144417
28916.739419038342,0.01094837740529242
28935.18680307732,0.012554003211545086
28972.08157115527,0.015529006932425496
28981.30526317476,0.01622688810892293
28990.528955194248,0.01689011453655597
29008.976339233228,0.01819923678260473
29045.871107311184,0.020618010908943708
29055.094799330673,0.021197152983911324
29064.31849135016,0.02177017233772606
29082.76587538914,0.022836223921317234
29091.98956740863,0.023330677045303207
29101.21325942812,0.023822777754680946
29119.660643467098,0.02480193634279769
29128.884335486586,0.025256678064929452
29138.108027506074,0.025689115869707846
29156.55541154505,0.026535561252859424
29193.450179623007,0.02809422317975517
29202.673871642495,0.028436052098094154
29211.897563661987,0.028760121347563703
29230.344947700964,0.02945236700496843
29239.56863972045,0.029769391318345956
29248.79233173994,0.03006964775989066
29267.239715778916,0.03062223900707333
29276.463407798405,0.030875802327076575
29285.687099817893,0.031145187622721244
29294.910791837385,0.03140194010965958
29304.134483856873,0.03164385689566849
29313.35817587636,0.031871453652028384
29322.581867895853,0.03208525636984685
29341.02925193483,0.03247362771068934
29351.325660307022,0.03268887488007814
29361.622068679215,0.03289411432008866
29371.918477051404,0.033083543804641305
29382.214885423597,0.033257801942034496
29392.51129379579,0.03341753539527411
29402.80770216798,0.03356339720608344
29423.400518912364,0.03383930351350502
29433.696927284556,0.033962693689555984
29443.99333565675,0.034072760720673514
29454.289744028938,0.03417006787360316
29464.58615240113,0.03425518054914254
29474.882560773323,0.03432866501631148
29485.178969145512,0.03440156476872617
29495.475377517705,0.03446358500527935
29505.771785889898,0.03451382214310186
29516.06819426209,0.034552766212647315
29526.364602634283,0.03458090651531627
29536.661011006472,0.03459873063793763
29546.957419378665,0.03460837273355858
29557.253827750857,0.03461458026610763
29567.550236123046,0.03461009564577761
29577.84664449524,0.03459533828259595
29588.143052867432,0.03457072544730501
29598.439461239625,0.03453667150755789
29608.735869611817,0.034493587193145624
29619.032277984006,0.03444187889040987
29629.3286863562,0.03438194796588704
29639.62509472839,0.03431758331878361
29649.92150310058,0.03424455758183225
29660.217911472773,0.03416261051072562
29670.514319844966,0.034072086887990675
29680.81072821716,0.03397332737059431
29691.10713658935,0.03386666796960454
29711.699953333733,0.03363096737016045
29721.996361705926,0.03350257060205739
29732.292770078115,0.033367308029363545
29752.8855868225,0.033073653087749615
29763.181995194693,0.032915867799076154
29773.478403566885,0.03275114743959879
29794.071220311267,0.03240197961000446
29835.256853800034,0.031624695831080185
29845.553262172227,0.03141341435093915
29855.84967054442,0.031196033204912363
29876.4424872888,0.03074385841141508
29917.62812077757,0.0297704473537723
29927.92452914976,0.02951101249515871
29938.220937521954,0.029246221225772206
29958.813754266335,0.028701302148801143
29969.110162638528,0.028421527817301166
29979.406571010717,0.028137103788513092
29989.70297938291,0.02784819341191034
29999.999387755102,0.0275532138361704
