0.0006122448979591836,-0.19089163803840362
9.201537616788803,-0.19045071517796663
18.40246298867965,-0.18696218256800462
27.60338836057049,-0.1806167512969962
36.80431373246134,-0.1717020359856992
46.005239104352185,-0.1605951678576749
55.206164476243025,-0.1477542469018959
64.40708984813386,-0.1336230650574924
73.60801522002471,-0.1186388194907935
82.80894059191556,-0.10324462246333542
92.00986596380639,-0.0878092904739617
110.41171670758808,-0.05790418872181291
119.61264207947893,-0.04389672770477867
128.81356745136978,-0.030718175452180488
138.01449282326064,-0.018478117841429206
147.21541819515147,-0.007186199687457082
156.4163435670423,0.0031342963809037616
165.61726893893317,0.01248526709849973
174.81819431082403,0.02093237078422866
184.01911968271486,0.028497142579343715
193.2200450546057,0.0352307409794015
202.42097042649652,0.04120184250732431
211.62189579838736,0.04646018059483332
220.82282117027822,0.051055622385056676
230.02374654216908,0.05505335046836694
239.2246719140599,0.058556677443712554
248.42559728595074,0.061495339597594276
257.6265226578416,0.06408657920173724
266.8274480297324,0.06621278831334353
276.0283734016233,0.06803452391533513
285.22929877351413,0.0695116135292645
294.43022414540496,0.07071547983169497
303.6311495172958,0.0716753794130328
312.83207488918663,0.07239063524962085
322.0330002610775,0.0729386383429331
331.23392563296835,0.07327149473340186
340.4348510048592,0.07349149025405183
349.6357763767501,0.07353449739092743
358.8367017486409,0.07348673614288068
368.03762712053174,0.0733057352603039
377.23855249242257,0.0730498273149895
386.4394778643134,0.0726879419733134
395.64040323620424,0.07227028655376484
404.84132860809507,0.07177552011866413
414.0422539799859,0.07122886908593448
423.24317935187673,0.07062665120894769
441.64503009565846,0.0692998513589714
450.8459554675493,0.06859115259330448
460.0468808394402,0.06784081522038835
478.44873158322184,0.06628508910360748
515.2524330707852,0.06296614949609136
588.859836045912,0.05598227042658117
598.8346934915032,0.05499916555917779
608.8095509370946,0.054059670432731466
628.7592658282774,0.05218711723409289
668.6586956106428,0.048450777188151044
748.4575551753737,0.04124540137970077
758.4324126209651,0.04034349140464566
768.4072700665565,0.0394810323695862
788.3569849577392,0.037796121376217476
828.2564147401047,0.03445291400246303
908.0552743048356,0.028105155499645918
918.030131750427,0.027305169567449786
928.0049891960184,0.02652068489866682
947.9547040872011,0.025035827663073214
987.8541338695666,0.0220813374015185
1067.6529934342975,0.016481956310103726
1227.2507125637592,0.006320221897092949
1236.5645531034593,0.005782921315512161
1245.8783936431591,0.005228599726128529
1264.5060747225593,0.004117643502750679
1301.7614368813597,0.00203221691272739
1376.27216119896,-0.0020190104038402545
1385.5860017386601,-0.0025199927205976497
1394.8998422783602,-0.0030120094054693625
1413.5275233577602,-0.003969523578009698
1450.7828855165603,-0.0058161566097111594
1525.2936098341609,-0.009352993966658597
1534.607450373861,-0.009780958041083768
1543.9212909135608,-0.010201834872723699
1562.548971992961,-0.01102282447469519
1599.8043341517614,-0.012633789332279247
1674.3150584693617,-0.015661086408429264
1683.6288990090618,-0.016021784109909773
1692.942739548762,-0.01637671546511131
1711.5704206281619,-0.01706975878208974
1748.825782786962,-0.018436144048668463
1823.3365071045625,-0.020962094942379286
1832.467647064902,-0.02125419833159226
1841.598787025241,-0.021541508524958314
1859.86106694592,-0.02210211547982819
1896.3856267872775,-0.023186436212185062
1905.5167667476169,-0.023450352168215276
1914.6479067079563,-0.023709599979289824
1932.9101866286348,-0.02421439267158853
1969.4347464699922,-0.025171329794818977
1978.5658864303316,-0.025400054923082026
1987.697026390671,-0.025630865616222815
2005.9593063113498,-0.02607741302785278
2042.4838661527072,-0.02691847483142843
2051.6150061130465,-0.027118278477487767
2060.7461460733857,-0.02731402818454792
2079.0084259940645,-0.027694655518888393
2115.532985835422,-0.02841651045982117
2124.6641257957617,-0.028586564139033006
2133.795265756101,-0.028752562225595
2152.0575456767792,-0.02907260794227833
2188.582105518137,-0.029668181186386637
2197.713245478476,-0.0298079563636027
2206.8443854388156,-0.029943683944487282
2225.1066653594944,-0.030203176720054306
2261.631225200852,-0.03067555879519639
2270.762365161191,-0.03078420026976737
2279.893505121531,-0.03088926357490961
2298.1557850422096,-0.031087648096284077
2307.2869250025487,-0.03118094772444282
2316.418064962888,-0.031270368460171144
2334.6803448835667,-0.03143771932293482
2343.8114848439063,-0.03151572129897796
2352.9426248042455,-0.03158998800620868
2362.0737647645847,-0.031660554018492895
2371.204904724924,-0.03172745330658159
2380.336044685263,-0.031790167332234213
2389.4671846456026,-0.03184895558235058
2407.7294645662814,-0.03195503807425113
2417.6345366003216,-0.032006233487104054
2427.5396086343612,-0.032053017243526334
2437.444680668401,-0.03209542616081164
2447.349752702441,-0.032133496276660664
2457.254824736481,-0.03216726281286216
2467.159896770521,-0.03219676014066506
2477.0649688045605,-0.03222132022466714
2486.9700408386007,-0.032241069910517575
2496.875112872641,-0.032256400473179556
2506.7801849066805,-0.032267343232562945
2516.68525694072,-0.032273928806463334
2526.5903289747603,-0.03227618708471413
2536.4954010088,-0.03227414720484598
2546.4004730428396,-0.03226783752924963
2556.3055450768798,-0.03225728562383639
2566.2106171109194,-0.03224251823819091
2576.115689144959,-0.03222351353113907
2586.0207611789992,-0.032198788025305666
2595.925833213039,-0.03216970626276342
2605.8309052470786,-0.03213629338091585
2615.7359772811187,-0.032098573882645115
2625.6410493151584,-0.03205657162330507
2635.546121349198,-0.03201030979902628
2645.451193383238,-0.03195981093632536
2655.3562654172783,-0.03190509688301111
2665.261337451318,-0.03184618880037962
2675.1664094853577,-0.03178310715668903
2685.071481519398,-0.031715871721905556
2694.976553553438,-0.03164450156371096
2704.8816255874776,-0.03156901504476175
2724.6917696555574,-0.03140327187688245
2734.5968416895976,-0.03131360889506427
2744.5019137236372,-0.031219748934220276
2764.312057791717,-0.031019508520217967
2774.217129825757,-0.030913161999135665
2784.122201859797,-0.03080268637082663
2803.9323459278767,-0.030569410073883453
2813.837417961917,-0.030446639308735354
2823.7424899959565,-0.030319799259400884
2843.5526340640363,-0.030053965856461765
2883.1729222001954,-0.02947064966528959
2893.077994234235,-0.029314557711746257
2902.9830662682753,-0.029154443347874145
2922.7932103363546,-0.028822196385437107
2962.413498472514,-0.02810995792180468
3041.6540747448335,-0.02649629163993429
3050.8981298729823,-0.02629216584804673
3060.1421850011307,-0.02608469705582804
3078.630295257428,-0.02565976274872
3115.606515770022,-0.024770137574376287
3189.55895679521,-0.02283865985610954
3198.803011923359,-0.022583874361644326
3208.0470670515074,-0.022325922805160225
3226.5351773078046,-0.021800556085405175
3263.511397820399,-0.020712233358029537
3337.4638388455874,-0.018399569811022767
3346.7078939737357,-0.018098921680465965
3355.9519491018846,-0.017795319844407142
3374.4400593581813,-0.017179302687185864
3411.4162798707757,-0.01591239418070913
3485.3687208959645,-0.013262964150476973
3633.2736029463413,-0.007529721564020773
3643.29159014819,-0.007124354813694227
3653.3095773500395,-0.006716194493259862
3673.3455517537377,-0.005891647650659381
3713.417500561134,-0.004210883691832077
3793.5613981759266,-0.0007852252765292429
3953.849193405512,0.00635421284292698
3963.8671806073608,0.006800514999489464
3973.88516780921,0.007248651946254312
3993.9211422129083,0.00815004832532315
4033.9930910203043,0.009970341844611513
4114.136988635097,0.013652231474699853
4274.4247838646825,0.02081258271704273
4284.260070487171,0.021233379212730247
4294.09535710966,0.021654281293570776
4313.765930354636,0.022495424271914817
4353.10707684459,0.024167703613266298
4431.789369824497,0.027399612264018994
4441.624656446986,0.02778540356769419
4451.459943069474,0.028169300387057603
4471.130516314451,0.028929829345533436
4510.471662804404,0.030410183121464672
4589.153955784311,0.033148140551146926
4598.989242406798,0.03346987577895598
4608.824529029287,0.03378562519481043
4628.495102274264,0.03439674705736512
4667.836248764217,0.035520112473632
4677.671535386706,0.03579678437800924
4687.506822009194,0.03606589992751
4707.177395254171,0.0365804088936616
4746.518541744124,0.03749181769201414
4756.353828366613,0.037690364814446674
4766.189114989102,0.03787552965235676
4785.859688234078,0.03825841709988721
4795.694974856566,0.038442585405343205
4805.530261479054,0.03861415041343799
4815.365548101543,0.03877203648493741
4825.200834724032,0.038915167094594465
4835.03612134652,0.039042467078055844
4844.871407969009,0.03915286498560293
4854.706694591498,0.03924529553966883
4864.541981213985,0.03931870219229497
4874.377267836473,0.03938453658131054
4884.212554458962,0.03948764606082916
4894.04784108145,0.039573445548185204
4903.883127703939,0.03964049755022265
4913.057397420536,0.0396848847077587
4922.231667137134,0.039710568421927044
4931.405936853731,0.039716412550901234
4940.580206570327,0.03970129626014407
4949.754476286924,0.03966411685694331
4958.928746003521,0.03960379271861625
4968.1030157201185,0.03951926630677921
4977.277285436716,0.03948653695613122
4986.451555153313,0.03945221084329548
4995.62582486991,0.0393938158618312
5004.800094586506,0.03930987423450432
5013.974364303103,0.03919893911441992
5023.148634019701,0.03905959883595186
5032.322903736298,0.03889048131198922
5041.497173452895,0.03869025856211722
5050.671443169492,0.03845765135457059
5059.845712886088,0.03826862173332076
5069.019982602686,0.038105257580209564
5078.194252319283,0.037907535768342146
5087.36852203588,0.037673659650006366
5096.542791752478,0.03740189958946882
5105.717061469074,0.03709059960076422
5114.89133118567,0.036738184160257925
5124.065600902268,0.03634316515773586
5133.239870618865,0.03590414894658058
5142.414140335462,0.03559430467655516
5151.58841005206,0.035243666632792395
5160.762679768656,0.03484359782460616
5169.936949485253,0.03439213199146114
5179.11121920185,0.033887436546003506
5188.285488918447,0.033327822713486055
5197.459758635045,0.03271175575940269
5206.634028351642,0.03215031145253777
5215.808298068239,0.03163971205963724
5224.982567784837,0.031063396437174595
5234.156837501433,0.030419266237162408
5243.3311072180295,0.029705444702871713
5252.505376934627,0.028920291191490404
5270.8539163678215,0.027218504884278575
5280.028186084419,0.026515881319549205
5289.202455801016,0.025724895776380888
5298.3767255176135,0.024843540007856865
5307.55099523421,0.023870171764963335
5316.725264950806,0.022803535653971998
5325.899534667404,0.02164278338593639
5344.248074100598,0.01951339925080968
5353.422343817196,0.018408797889648595
5362.596613533793,0.017185525559855874
5371.77088325039,0.015843072517393385
5380.945152966987,0.014381552265383915
5390.119422683583,0.012893186178260893
5399.293692400181,0.011614396159089973
5408.467962116778,0.010184652698878041
5417.642231833375,0.008604530741000368
5426.816501549973,0.006875511831169984
5435.990771266569,0.005000017247236279
5445.165040983165,0.003223388674218272
5454.339310699763,0.0015202887122775996
5491.036389566151,-0.006877453303536247
5500.9845913564495,-0.009162694597622534
5510.932793146747,-0.011711024788573964
5520.880994937044,-0.014510165598587924
5530.829196727342,-0.01754525945294285
5540.777398517639,-0.02022869811004455
5550.7256003079365,-0.02315291393193373
5560.673802098234,-0.02637599926957107
5570.622003888531,-0.029873354591056632
5580.570205678829,-0.03334595512257667
5590.518407469126,-0.03667823763766299
5610.414811049722,-0.04435311151491901
5650.207618210912,-0.06113045596716553
5660.15582000121,-0.06587522860167887
5670.104021791507,-0.07050718713114051
5690.000425372103,-0.08011968972376893
5699.948627162401,-0.08522239244979873
5709.896828952698,-0.09010401526775147
5729.793232533293,-0.10020476742707665
5739.7414343235905,-0.10510878844402778
5749.689636113888,-0.10992831774544251
5759.637837904185,-0.11449834596655822
5769.586039694484,-0.11877119595307284
5779.534241484782,-0.1226261694942416
5789.482443275079,-0.12593444985295216
5799.430645065377,-0.12854556911767778
5809.378846855674,-0.13029413315137986
5819.327048645971,-0.13098850047726088
5829.275250436269,-0.13043654398809873
5839.223452226566,-0.1283662691811326
5849.1716540168645,-0.12461969610506143
5859.119855807163,-0.11888801486414144
5869.06805759746,-0.11106036186499332
5879.016259387758,-0.10087612954491243
5888.964461178055,-0.08825817364449559
5898.912662968352,-0.07328046521656663
5908.86086475865,-0.05593796222507
5918.809066548947,-0.036420792803170024
5928.7572683392455,-0.015122422338839502
5938.705470129544,0.007451182212550384
5948.653671919841,0.030691066792785104
5968.550075500436,0.07636356291036797
5978.498277290733,0.0973638757439594
5988.446479081031,0.11629020119918901
5998.394680871328,0.13264128503031444
6008.342882661626,0.1459500680877998
6018.291084451925,0.15613836394160005
6028.239286242222,0.16319194238398255
6038.1874880325195,0.1672360562903246
6048.135689822817,0.1685004431557066
6058.083891613114,0.16731302119649183
6068.032093403412,0.16399240415486244
6077.980295193709,0.15895500882308738
6087.928496984007,0.15255344769472526
6097.876698774306,0.145141997462978
6107.824900564603,0.1369862916505456
6127.721304145198,0.11950955030866696
6137.008489029604,0.11116315134873304
6146.29567391401,0.1028700570373667
6164.870043682823,0.0867700032989615
6174.15722856723,0.07908652819887503
6183.444413451636,0.07171373484885794
6202.018783220448,0.05786022964008669
6211.305968104854,0.05149811816523752
6220.5931529892605,0.04537218831818855
6239.167522758074,0.034236670053959
6248.454707642481,0.02909855066910898
6257.741892526887,0.024336446332222733
6276.316262295699,0.015525697075290598
6285.603447180105,0.011589839446034603
6294.890632064511,0.0077623868230287454
6304.177816948917,0.004310324084631341
6313.465001833324,0.0009717979465890189
6322.752186717731,-0.00212366841609625
6332.039371602137,-0.004988242519147576
6350.613741370949,-0.010219329712877555
6359.900926255355,-0.012709762027378634
6369.1881111397615,-0.014896164903424568
6378.475296024168,-0.017046432030538072
6387.762480908574,-0.019012253005939138
6397.04966579298,-0.02085162470861234
6406.336850677386,-0.022618358515787133
6424.911220446199,-0.025779148267170437
6434.198405330606,-0.027165804947598047
6443.485590215012,-0.028528220836732662
6452.772775099418,-0.029855660739727986
6462.059959983824,-0.03101732896424019
6471.34714486823,-0.03202295482020548
6480.634329752636,-0.03311097220126903
6489.9215146370425,-0.03414336559408154
6499.208699521449,-0.03504698492785908
6508.495884405855,-0.035830912317152554
6517.783069290261,-0.03664285735899031
6527.070254174667,-0.03743965252910911
6536.357439059074,-0.03813640704481316
6545.644623943481,-0.03874131077237916
6554.931808827887,-0.03934236047620135
6564.218993712293,-0.03994959740654096
6573.506178596699,-0.040479053302464034
6582.793363481105,-0.04093796032130727
6592.080548365511,-0.041375645648797005
6601.367733249917,-0.04182890094335092
6610.654918134324,-0.042221618410898436
6619.942103018731,-0.04256010294404604
6629.229287903137,-0.04286960133955373
6638.5164727875435,-0.04319660140415458
6647.80365767195,-0.04347643609467728
6657.090842556356,-0.04371455773807577
6666.378027440762,-0.04392209201718227
6675.665212325168,-0.04414457266505899
6684.952397209575,-0.04433028013138982
6694.239582093982,-0.04448390609101431
6703.526766978388,-0.04461021763903193
6712.813951862794,-0.0447443608865927
6722.1011367472,-0.044850827904705085
6731.205621052246,-0.04493124597829459
6740.310105357292,-0.044991800434411956
6749.414589662338,-0.04504924126529197
6758.519073967383,-0.04508902427346756
6767.6235582724275,-0.04511037821453442
6776.728042577473,-0.0451165624222415
6785.832526882519,-0.0451140544661677
6794.937011187565,-0.04509824929968684
6804.041495492611,-0.04506811311515878
6813.145979797657,-0.04502642340128837
6822.250464102703,-0.04497551221490348
6831.3549484077475,-0.04491159573799117
6840.4594327127925,-0.04483564590368935
6849.563917017838,-0.04474999059737355
6858.668401322884,-0.044656941588545565
6867.77288562793,-0.04455779913585918
6876.877369932976,-0.04444102524302769
6885.981854238022,-0.044315351974683975
6904.1908228481125,-0.044044945378418285
6913.295307153157,-0.043903972283208165
6922.399791458203,-0.043745761476113865
6940.608760068295,-0.043403968344196735
6949.713244373341,-0.0432271317464772
6958.817728678386,-0.043048379054099736
6977.0266972884765,-0.04265298428441493
7013.444634508659,-0.041805023256449435
7022.549118813704,-0.04156759607782275
7031.65360311875,-0.04132775217267026
7049.862571728841,-0.040845004450126746
7086.280508949023,-0.039807162314982464
7159.116383389388,-0.03754579213242889
7168.220867694434,-0.037229795447005914
7177.32535199948,-0.03691335233722889
7195.53432060957,-0.0362814133749419
7231.952257829753,-0.03500786857344131
7304.788132270118,-0.032270244756573405
7314.666548648864,-0.03187877269783124
7324.54496502761,-0.031488513149309436
7344.301797785102,-0.030713195875549305
7383.815463300087,-0.029113459637004572
7462.842794330056,-0.025808901098253637
7620.897456389994,-0.01888694503858217
7937.006780509869,-0.004521390297416083
7946.224179982724,-0.004102637563050458
7955.441579455579,-0.0036856173660061876
7973.876378401288,-0.002856833209810226
8010.7459762927065,-0.0012205356958568461
8084.485172075545,0.002042092287203737
8231.963563641222,0.008310238584830104
8241.180963114079,0.008689553968928506
8250.398362586933,0.009066657983599647
8268.833161532642,0.009814210862693701
8305.70275942406,0.011283836971272847
8379.441955206898,0.01414324914988824
8526.920346772575,0.019404756842601133
8536.911678319131,0.01973707353044953
8546.903009865686,0.020066069497164156
8566.885672958797,0.020714036210443824
8606.850999145017,0.021973953801057815
8686.78165151746,0.024319380618798105
8696.772983064016,0.02459577097672114
8706.764314610571,0.024868676672748072
8726.746977703682,0.02540272007274763
8766.712303889903,0.026423077112045366
8846.642956262345,0.02826611337950725
8856.634287808902,0.02847723426466216
8866.625619355456,0.028684012058356297
8886.608282448567,0.029084390424898552
8926.573608634788,0.029831361254806663
8936.564940181343,0.03000666563310457
8946.556271727899,0.030177311928057577
8966.538934821008,0.030504459131554525
9006.50426100723,0.031101960285638414
9016.495592553785,0.03123946803792016
9026.48692410034,0.031372102040347245
9046.469587193451,0.03162255463309027
9056.460918740006,0.03174027437217085
9066.452250286562,0.03185292271571775
9086.434913379671,0.03206280035957898
9096.426244926228,0.032159925770968226
9106.417576472782,0.03225177208026338
9116.408908019337,0.03233798444908934
9126.400239565894,0.03242060168145472
9136.391571112448,0.03249803203771616
9146.382902659003,0.032570218269672074
9156.37423420556,0.03263710247057355
9166.365565752114,0.03269862612366703
9176.174196719308,0.03275375323741093
9185.982827686505,0.03280360075189216
9195.791458653699,0.03284811187589915
9205.600089620893,0.0328872294484944
9215.408720588088,0.032920895992214864
9225.217351555282,0.032949053768007344
9235.025982522477,0.03297164483188327
9244.834613489671,0.03298861109327517
9254.643244456865,0.032991231599409594
9264.45187542406,0.033001238487994966
9274.260506391254,0.03300595107896128
9284.069137358449,0.03300530113775936
9293.877768325643,0.03299921993233851
9303.686399292837,0.032987638307578136
9313.495030260034,0.032970486761807236
9323.303661227228,0.03294769552539418
9333.112292194422,0.03291919464138479
9342.920923161619,0.032884914048164765
9352.729554128813,0.03284478366412176
9362.538185096008,0.03279873347427491
9372.346816063202,0.032746693618842
9382.155447030396,0.03268859448370677
9391.96407799759,0.03262436679275
9401.772708964785,0.0325539417019994
9411.58133993198,0.032477250895555504
9421.389970899174,0.032394226683243474
9431.198601866368,0.032304802099937
9441.007232833563,0.03220891100650061
9450.815863800757,0.03210648819228728
9460.624494767952,0.031997469479129015
9480.241756702342,0.031759393439539305
9490.050387669537,0.03164105888246249
9499.859018636733,0.03151985006443989
9519.476280571122,0.03125862431206875
9529.284911538316,0.031118427908110195
9539.09354250551,0.030971724369483335
9558.7108044399,0.0306584482516059
9568.519435407094,0.03049170516158007
9578.328066374288,0.030318114212551196
9597.945328308677,0.029950065499528125
9637.179852177456,0.02912835132071927
9646.98848314465,0.028904665009813205
9656.797114111847,0.028673541623897344
9676.414376046236,0.028189229280156887
9715.648899915013,0.02722545726954814
9725.457530882208,0.026966179462729247
9735.266161849402,0.02669936690971605
9754.883423783791,0.026142763981571875
9794.11794765257,0.024935258273461488
9803.265561713873,0.024635244279106773
9812.413175775178,0.024328127875080388
9830.708403897785,0.023692403798088457
9867.298860142997,0.02234978528667758
9876.4464742043,0.022029148730088023
9885.594088265603,0.021701230208427656
9903.88931638821,0.021023181534910708
9940.479772633424,0.0195759872620522
9949.627386694727,0.019194810697690058
9958.775000756032,0.018805771407725977
9977.070228878638,0.018003936103193605
10013.66068512385,0.016304470264695933
10086.841597614277,0.012753436830140328
10095.98921167558,0.012292248194440856
10105.136825736885,0.011822135419141143
10123.432053859491,0.010855083058954149
10160.022510104704,0.008813977601322515
10233.20342259513,0.004540313763829225
10379.565247575983,-0.0050357215964018645
10389.486793710988,-0.0057180142961890884
10399.408339845992,-0.006413650107077591
10419.251432115998,-0.007843388666123203
10458.937616656014,-0.010843359408983844
10538.309985736045,-0.016812914219685848
10697.054723896106,-0.029709103494472765
10706.976270031111,-0.03052069115491801
10716.897816166114,-0.03134487128369538
10736.74090843612,-0.03302146527834914
10776.427092976137,-0.03634495966070034
10855.799462056168,-0.04280790231985495
10865.721008191173,-0.043585841906964226
10875.642554326176,-0.04436526181544903
10895.485646596182,-0.04590673353380264
10935.171831136198,-0.04880941620581953
10945.093377271201,-0.04951134189554876
10955.014923406206,-0.05019700112662617
10974.858015676215,-0.05148719038335488
10984.779561811218,-0.05207543142461225
10994.70110794622,-0.052641642585616724
11014.544200216229,-0.053791698415970174
11023.804729445343,-0.054274812428373176
11033.065258674455,-0.054711057976596894
11042.325787903566,-0.05509127026915151
11051.586317132678,-0.05540639910345463
11060.84684636179,-0.05576584030941133
11070.107375590904,-0.05612425325353672
11079.367904820017,-0.05641781932156946
11088.62843404913,-0.056634066737149893
11097.888963278241,-0.05676078823993836
11107.149492507355,-0.056786120516293274
11116.410021736468,-0.05679123919150232
11125.67055096558,-0.056882162341940545
11134.931080194692,-0.0568608126248991
11144.191609423804,-0.05671118808542799
11153.452138652916,-0.056417979789572546
11162.71266788203,-0.05596670236660402
11171.973197111143,-0.055665996208879256
11181.233726340255,-0.05528065048544764
11190.494255569367,-0.05470564698244262
11199.754784798479,-0.05392261647591658
11209.01531402759,-0.052914734381644166
11218.275843256704,-0.051924469974653345
11227.536372485818,-0.05102197982933924
11236.79690171493,-0.04984137416951655
11246.057430944042,-0.048361836092793604
11255.317960173155,-0.046565332301750126
11264.578489402269,-0.04449173440870327
11273.83901863138,-0.042835850622095564
11283.099547860493,-0.040777759641678506
11292.360077089605,-0.03829691197169371
11301.620606318716,-0.03537758290406931
11310.88113554783,-0.032009248601036176
11320.141664776944,-0.028918020442036695
11329.402194006056,-0.025572665384653904
11338.662723235168,-0.02165194852838254
11347.92325246428,-0.017150617129438456
11357.183781693391,-0.012071629717722562
11366.444310922505,-0.007121437088571367
11384.96536938073,0.0046312474458272
11394.225898609842,0.01113782187472041
11403.486427838956,0.018251509516807388
11412.74695706807,0.025856063291408486
11422.007486297181,0.03400680792165539
11431.268015526293,0.042708859190172796
11440.528544755405,0.05192705873463814
11459.04960321363,0.07187128678946754
11468.310132442744,0.0825162746595748
11477.570661671856,0.09350027169906157
11496.09172013008,0.11593690712938244
11505.352249359192,0.1270788375656392
11514.612778588305,0.13789824784962298
11523.87330781742,0.14814104388091337
11533.133837046531,0.1574797794695112
11542.394366275643,0.16558672966798443
11551.654895504756,0.17207683801158602
11560.91542473387,0.17661251816288717
11570.175953962982,0.17885061780364664
11579.436483192094,0.1784742322764261
11588.697012421206,0.17525767970564538
11597.957541650318,0.1690690111056456
11607.218070879431,0.15989295650053892
11617.252532182243,0.1467071427794387
11627.286993485057,0.13047106177032186
11637.32145478787,0.11166693865802126
11647.355916090684,0.09099021902123919
11657.390377393498,0.06910668214138779
11667.42483869631,0.046694460495785434
11687.493761301936,0.003098025707633404
11697.52822260475,-0.016825474335896595
11707.562683907561,-0.03514238527277556
11717.597145210373,-0.0516119973720821
11727.631606513187,-0.06590606105561764
11737.666067816,-0.07806499059978766
11747.700529118814,-0.08835526446029732
11757.734990421628,-0.09660335480750626
11767.76945172444,-0.10311379753196576
11777.803913027252,-0.10808598440670233
11787.838374330066,-0.11159520939292995
11797.87283563288,-0.11389740018578787
11807.907296935693,-0.11514676844840838
11817.941758238507,-0.11548845981541934
11827.976219541319,-0.11507913307849955
11838.01068084413,-0.11404029831267759
11848.045142146944,-0.1124903956517401
11858.079603449758,-0.11051983703342176
11868.11406475257,-0.10822462275102482
11878.148526055382,-0.10565656345694206
11888.182987358196,-0.1029040900032033
11898.21744866101,-0.09998870873504606
11908.251909963823,-0.09697707224660759
11928.320832569449,-0.09076235898821167
11938.35529387226,-0.08763912792488074
11948.389755175074,-0.0844766864323101
11968.458677780702,-0.0782642912492241
12008.596522991953,-0.06643911089496306
12018.630984294767,-0.06355310327246255
12028.665445597579,-0.060882282119993
12048.734368203204,-0.0555046419039077
12088.872213414457,-0.04572730352060762
12098.90667471727,-0.04339941675051374
12108.941136020083,-0.0412669860904942
12129.01005862571,-0.03692484225025992
12169.147903836962,-0.0291892372970127
12179.182365139775,-0.027243711623121
12189.216826442587,-0.025442096716467945
12209.285749048213,-0.022070754272074472
12249.423594259466,-0.015747583914719535
12259.275354982918,-0.014323450497809306
12269.127115706371,-0.012974263633431762
12288.830637153274,-0.010202130515518264
12328.237680047085,-0.00522121779961068
12338.089440770538,-0.004049896246527542
12347.94120149399,-0.0028698051831090414
12367.644722940895,-0.0007443318024481886
12407.051765834703,0.0034100709075332095
12416.903526558155,0.004361587292935575
12426.755287281609,0.005353118140859446
12446.458808728512,0.007175470589286963
12485.865851622322,0.010575303090600709
12495.717612345776,0.011355522982655634
12505.569373069227,0.012092785601422285
12525.272894516133,0.013653509687758943
12564.679937409941,0.01644526072733119
12574.531698133393,0.017117840883088327
12584.383458856846,0.017758371943383824
12604.08698030375,0.018978847986728043
12643.49402319756,0.021293643724922446
12653.345783921013,0.021845892111116132
12663.197544644465,0.02238946349285275
12682.90106609137,0.02340578129673136
12722.308108985178,0.025312733708801133
12732.15986970863,0.02575494193575937
12742.011630432084,0.026178204457018312
12761.715151878987,0.02698981402545857
12771.56691260244,0.027402312947679898
12781.418673325892,0.027797165971732637
12801.122194772797,0.028537070456354625
12810.97395549625,0.028883740736509383
12820.825716219702,0.02921599807180527
12840.529237666608,0.029892725269442914
12879.936280560416,0.031083264311495842
12889.127024377976,0.03133828072239971
12898.317768195539,0.031594707178143076
12916.69925583066,0.03207474211925266
12925.889999648221,0.03229931832031674
12935.080743465782,0.03251425241006527
12953.462231100904,0.0329209501190833
12962.652974918466,0.03312026595884486
12971.843718736027,0.03331001577885647
12990.22520637115,0.03366248292355012
12999.41595018871,0.03382603614291936
13008.60669400627,0.033981693638109836
13026.988181641393,0.03427858797073641
13036.178925458953,0.03441682285247956
13045.369669276515,0.03454707180647017
13063.751156911636,0.03478503818419855
13072.941900729198,0.03489346531012479
13082.132644546758,0.03499625418681782
13100.514132181881,0.03518398003702807
13109.704875999443,0.03526710659950184
13118.895619817004,0.03534348142618139
13128.086363634564,0.035413406053551574
13137.277107452126,0.03547717922410041
13146.467851269686,0.03553509112021194
13155.658595087247,0.03558725409772384
13164.849338904809,0.03563260118262255
13174.04008272237,0.0356713880923417
13183.23082653993,0.03570386820009596
13192.421570357492,0.035730292193971704
13201.612314175052,0.035750907748735974
13210.803057992613,0.035765959210328935
13219.993801810175,0.03577568729297957
13229.184545627735,0.03578032878884724
13238.375289445295,0.03577920661414026
13247.566033262858,0.035770117387341
13256.75677708042,0.03575514713128769
13265.94752089798,0.03573450048558666
13275.13826471554,0.03570837908772387
13284.329008533103,0.03567698134254145
13293.519752350663,0.0356405022014928
13302.710496168223,0.03559913295159341
13311.901239985786,0.03555306101397191
13321.091983803346,0.03550246975190548
13330.282727620906,0.03544628636128466
13339.473471438469,0.0353811140231151
13348.664215256029,0.03531078621177482
13357.85495907359,0.03523546620085124
13367.045702891151,0.03515531406495233
13376.236446708712,0.035070486527514794
13394.617934343834,0.03488741452553861
13403.808678161397,0.03478946548746657
13412.999421978957,0.034687431648404404
13431.38090961408,0.03446356315441816
13440.57165343164,0.03434232124500437
13449.7623972492,0.03421663531285536
13468.143884884323,0.03395243625864661
13478.108560775585,0.03380234194616725
13488.073236666845,0.033647609142119804
13508.00258844937,0.03332480011614938
13547.861292014415,0.03259952325487079
13557.825967905675,0.03240583845408562
13567.790643796938,0.03220778340830438
13587.71999557946,0.03179903046630375
13627.578699144507,0.03091680734567793
13637.54337503577,0.030682731646831968
13647.50805092703,0.03044456420901289
13667.437402709555,0.029956342454017154
13707.2961062746,0.028928233307010085
13787.013513404692,0.02665622571296318
13796.978189295955,0.02635634497390141
13806.942865187215,0.026046662194953447
13826.87221696974,0.02541690875340387
13866.730920534785,0.024117750603945595
13946.448327664877,0.021359055347518547
14105.883141925062,0.015231276408495956
14115.186800910433,0.014852277069855788
14124.490459895802,0.014471407382396773
14143.097777866544,0.013704200411816385
14180.312413808024,0.012148893367406922
14254.741685690986,0.00894947422442247
14403.60022945691,0.002309379033628675
14412.90388844228,0.0018866234493794057
14422.20754742765,0.001463179505093155
14440.814865398392,0.0006144002617731979
14478.029501339872,-0.0010872516346483625
14552.458773222834,-0.004496953699307927
14701.317316988758,-0.011263498489018125
14710.438275394768,-0.01167300074812927
14719.559233800777,-0.012081653926165182
14737.801150612795,-0.012899913864533452
14774.284984236834,-0.014495813866499915
14847.25265148491,-0.01763604307472891
14856.373609890921,-0.018022206116351098
14865.49456829693,-0.018406666194155385
14883.736485108948,-0.019170104009923063
14920.220318732987,-0.020672310219276947
14993.187985981063,-0.023534060915987913
15002.308944387074,-0.02388041093782447
15011.429902793083,-0.024224315290623917
15029.6718196051,-0.024904302033139328
15066.15565322914,-0.026229424301470346
15139.123320477216,-0.028709380242061763
15148.244278883227,-0.029000195744324633
15157.365237289236,-0.029286505759794124
15175.607154101253,-0.02984934715003159
15212.090987725293,-0.03093107787895301
15221.211946131301,-0.031191300655856673
15230.332904537312,-0.031447063655637215
15248.574821349332,-0.03194443140421489
15285.058654973369,-0.03287691058482085
15294.953545453078,-0.03311415732471509
15304.848435932789,-0.033344213105781256
15324.63821689221,-0.03378165096855636
15334.53310737192,-0.03398847699571959
15344.42799785163,-0.03418700061927828
15364.21777881105,-0.03457543407905627
15374.11266929076,-0.03476696595862751
15384.00755977047,-0.03495201195686382
15403.79734072989,-0.0353011992008741
15413.6922312096,-0.03546460435649
15423.58712168931,-0.035620052359260135
15443.376902648732,-0.03590555961641978
15453.271793128442,-0.03603485252645454
15463.166683608151,-0.03615465667132448
15473.06157408786,-0.036264583637952374
15482.956464567571,-0.03636424395873266
15492.851355047282,-0.036453247722347606
15502.746245526992,-0.036531205204740375
15512.641136006703,-0.036597727519835796
15522.536026486412,-0.03665242728951478
15532.430916966121,-0.036694919332257506
15542.325807445832,-0.036724821369782
15552.220697925542,-0.03674175475091749
15562.115588405253,-0.03680051996932479
15572.010478884964,-0.03683850864060472
15581.905369364673,-0.03686556219510875
15591.800259844382,-0.03688112880195281
15601.695150324093,-0.03688465694491496
15611.590040803803,-0.03687559641974386
15621.484931283512,-0.03685339936667342
15631.379821763221,-0.036817521337452905
15641.274712242932,-0.036767422395990956
15651.169602722643,-0.036702568251536616
15661.064493202353,-0.03662243142308513
15670.959383682064,-0.03652649243351131
15680.854274161773,-0.03641424103169962
15690.749164641482,-0.03628517744072707
15700.644055121193,-0.036138813629929774
15710.538945600903,-0.03599833225030577
15720.433836080614,-0.03589224485974768
15730.328726560325,-0.035770176727308166
15740.223617040034,-0.035631368128387006
15750.118507519743,-0.03547507068667813
15760.013397999453,-0.03530054918438781
15769.908288479164,-0.03510708342638694
15779.803178958873,-0.034893970155147475
15789.698069438582,-0.034660525012805296
15799.592959918293,-0.03440608454621393
15809.487850398004,-0.03413000825035433
15819.382740877714,-0.03383168064496214
15839.172521837134,-0.03316594735505369
15849.067412316843,-0.03279745487238998
15858.962302796554,-0.03250601651465512
15868.857193276264,-0.03220753153596878
15878.752083755975,-0.03188442047679016
15888.646974235686,-0.0315357621259898
15898.541864715395,-0.031160674181532982
15918.331645674814,-0.030327894154496052
15927.565519248634,-0.029900251969942802
15936.799392822451,-0.02944695379160651
15955.267139970088,-0.028461338723796574
15964.501013543908,-0.027880021403700658
15973.734887117727,-0.027465669009740457
15992.202634265364,-0.026548362330507756
16001.436507839182,-0.026043721672478592
16010.670381413001,-0.025507399148575884
16029.13812856064,-0.024337029608003883
16038.37200213446,-0.0237018190467268
16047.605875708277,-0.02303260667374392
16066.073622855914,-0.021590700093308622
16075.307496429734,-0.020817478633146716
16084.541370003551,-0.020216161197314904
16103.009117151189,-0.01886420795264438
16139.944611446464,-0.01564500154098914
16149.178485020282,-0.014730844597162646
16158.412358594102,-0.013772793855800557
16176.88010574174,-0.012018990995038862
16186.11397931556,-0.011148120709267458
16195.347852889377,-0.01022163400155286
16213.815600037015,-0.00820165019651688
16223.049473610834,-0.007108594267910006
16232.283347184652,-0.005960817463355571
16250.751094332289,-0.0035583119256074915
16259.984967906108,-0.002530933761325878
16269.218841479928,-0.0014316141850337551
16287.686588627565,0.0009797809326830796
16296.920462201382,0.0022895061999061352
16306.154335775202,0.003666456137732657
16324.62208292284,0.006520662610073844
16361.557577218115,0.012077104377602439
16370.791450791934,0.01367687205319287
16380.025324365752,0.015353622851759329
16398.49307151339,0.018663498488605847
16435.428565808666,0.025399133429006678
16444.662439382486,0.027326061998430205
16453.896312956305,0.029334762553786402
16472.36406010394,0.033073302693062044
16509.299554399215,0.04129613253892657
16519.307360046732,0.04382147420821159
16529.315165694254,0.04595301341035375
16549.330776989293,0.05069489358972698
16589.36199957937,0.06091501384186131
16599.36980522689,0.0634527219764853
16609.37761087441,0.06610049553935257
16629.39322216945,0.07154189731253927
16669.424444759523,0.0817626322264676
16679.432250407044,0.08426420921542381
16689.440056054562,0.08662432826346289
16699.44786170208,0.08880599552900686
16709.455667349597,0.09092537106615992
16719.463472997115,0.09290314464218817
16729.471278644636,0.09463480519304616
16739.479084292157,0.0960180324305234
16749.486889939675,0.09283436167175824
16759.494695587193,0.09786159021724904
16769.502501234714,0.09814764259982625
16779.510306882235,0.0979258450620492
16789.518112529753,0.09706259984866959
16799.52591817727,0.0955238646901328
16809.533723824792,0.09315373621756404
16819.541529472313,0.08983820489676558
16829.54933511983,0.08551285646445783
16839.55714076735,0.07996939692751581
16849.56494641487,0.07312822040368161
16859.57275206239,0.06490334034581813
16869.58055770991,0.05503900989521565
16879.588363357427,0.043555602857854606
16889.596169004948,0.030382833151850086
16899.60397465247,0.015506565839373765
16909.611780299987,-0.0010115123612583071
16919.619585947505,-0.019028017359931634
16929.627391595026,-0.03826992649437182
16949.643002890065,-0.0792535464501429
16959.650808537583,-0.09982983134055441
16969.6586141851,-0.11968459520986449
16979.666419832618,-0.13812623013239483
16989.67422548014,-0.15448431798572418
16999.68203112766,-0.1681477210456994
17009.68983677518,-0.17861501231172747
17019.697642422696,-0.1855417420710803
17029.705448070214,-0.18875478308065038
17039.71325371773,-0.18831715631892662
17049.721059365253,-0.18444389784194293
17059.728865012774,-0.1774850770933166
17069.73667066029,-0.16789521309585453
17079.74447630781,-0.15632470157942718
17089.75228195533,-0.14323835953458175
17109.76789325037,-0.11437061901204894
17119.775698897887,-0.09953997740015831
17129.78350454541,-0.08492652285600341
17149.799115840447,-0.057321265611566904
17159.624220908605,-0.044806222459730614
17169.449325976762,-0.033099374322777
17179.27443104492,-0.022251670259455444
17189.09953611308,-0.012258137538123146
17198.924641181242,-0.003111518024613791
17208.7497462494,0.005197458190251719
17218.574851317557,0.012721591309134916
17228.399956385714,0.01949048605385162
17238.22506145387,0.025578394599803947
17248.050166522033,0.031061083653853197
17257.875271590194,0.03588087426392686
17267.70037665835,0.0402316915728996
17277.52548172651,0.04405615749132069
17287.350586794666,0.04740241239796544
17297.175691862823,0.050407228822374486
17307.000796930985,0.05296318249630953
17316.825901999146,0.055254308993324654
17326.651007067303,0.05720717357301345
17336.47611213546,0.05887364300147108
17346.301217203618,0.06033729587565152
17356.126322271775,0.061554148657555194
17365.951427339936,0.06250514756973802
17375.776532408097,0.06339940082528532
17385.601637476255,0.0640408394433478
17395.426742544412,0.06455803173522168
17405.25184761257,0.064966152325756
17415.076952680727,0.06519917642450933
17424.90205774889,0.06538331336102603
17434.72716281705,0.06544416551481326
17444.552267885207,0.0654013350142666
17454.377372953364,0.06531393172403858
17464.20247802152,0.06512987421314005
17474.02758308968,0.06489049427394512
17483.852688157836,0.064593231253989
17493.677793225994,0.06423872301117198
17503.502898294155,0.06384437482442352
17513.328003362316,0.06339785267741418
17523.153108430473,0.06291645626213764
17542.80331856679,0.06186252552114106
17552.628423634946,0.061279006979541153
17562.453528703107,0.06068565268707783
17582.103738839425,0.05941862807915495
17621.40415911206,0.05667740902742779
17631.22926418022,0.055961444426997624
17641.054369248377,0.05526517868538905
17660.704579384692,0.053747945851309445
17700.00499965733,0.05070356876539377
17778.605840202596,0.04443966148152651
17787.76992836486,0.04371626170083815
17796.934016527128,0.04301719261995467
17815.262192851664,0.041519759412946125
17851.918545500732,0.03863346607812704
17925.23125079887,0.03278847217826352
18071.856661395148,0.021645697968465195
18081.020749557414,0.020979336393738463
18090.18483771968,0.020327422663916024
18108.513014044216,0.01898679516465101
18145.169366693284,0.01634812776477286
18218.482071991424,0.011261468654425195
18365.1074825877,0.0017478987682057814
18375.04550282367,0.0011295581782428225
18384.983523059636,0.0005103999410756566
18404.859563531572,-0.0006993594383395835
18444.611644475444,-0.003032472759008118
18524.115806363185,-0.007516918412045943
18534.05382659915,-0.008058243468864003
18543.991846835117,-0.008591526336448004
18563.867887307053,-0.009634451377474217
18603.619968250925,-0.011686500687006319
18683.12413013867,-0.015520629876241272
18693.062150374637,-0.015984456623565707
18703.000170610605,-0.01644108459777078
18722.87621108254,-0.017333132079005893
18762.628292026413,-0.019035399730521315
18772.56631226238,-0.01944459845350385
18782.50433249835,-0.019860482067100147
18802.380372970285,-0.02067046643736047
18842.132453914153,-0.022210153864039493
18852.070474150118,-0.022578896753265347
18862.008494386086,-0.022941364904493864
18881.88453485802,-0.02365596765782947
18921.636615801894,-0.025021861962490302
19001.140777689638,-0.027464535625732197
19010.417781019714,-0.027725862632449222
19019.69478434979,-0.027981674506738368
19038.248791009944,-0.02847695460388635
19075.35680433025,-0.029404672595434205
19084.633807660328,-0.029624969378046897
19093.910810990405,-0.02983969555525598
19112.464817650558,-0.03025259170659742
19149.57283097086,-0.03101323061260988
19158.849834300934,-0.03119003438361183
19168.12683763101,-0.03136156790763698
19186.680844291164,-0.0316896130181251
19195.95784762124,-0.03184538774336757
19205.234850951318,-0.03199566802287738
19223.78885761147,-0.032279855401942954
19233.065860941548,-0.03241381586581835
19242.342864271624,-0.032542388499694534
19260.896870931778,-0.032783468270332
19270.173874261855,-0.03289602215797391
19279.45087759193,-0.03300319262401993
19298.004884252085,-0.03320051776428825
19307.28188758216,-0.033290863702773746
19316.558890912238,-0.0333756884212131
19325.835894242315,-0.033455008390875285
19335.11289757239,-0.03352883930147894
19344.389900902468,-0.033597196032131516
19353.666904232545,-0.033660092624457
19362.94390756262,-0.03371754225791527
19372.220910892698,-0.03376955722731537
19381.497914222775,-0.03381614892252055
19390.77491755285,-0.03385732781034599
19400.05192088293,-0.03389310341864639
19409.328924213005,-0.033923484322591235
19418.60592754308,-0.033947854042099726
19427.88293087316,-0.033966442306527886
19437.159934203235,-0.03397948177004106
19446.436937533308,-0.033986978478771496
19455.71394086338,-0.033988937730089305
19464.990944193458,-0.03398536407054514
19474.267947523535,-0.03397626129581256
19483.54495085361,-0.033961632452621335
19492.821954183688,-0.0339414798426739
19502.098957513765,-0.03391580502853348
19511.37596084384,-0.03388460884147492
19520.652964173918,-0.033847891391286106
19529.929967503995,-0.033805652078007835
19539.20697083407,-0.03375788960559981
19548.483974164148,-0.03370460199751808
19557.760977494225,-0.03364578661419071
19567.0379808243,-0.03358052592754232
19576.314984154378,-0.03351050427975592
19594.86899081453,-0.03335382028865185
19603.963293565248,-0.033268908240064
19613.057596315964,-0.033178651713653265
19631.246201817394,-0.03298208071724588
19640.340504568107,-0.03287575298396176
19649.434807318823,-0.03276405430848259
19667.623412820256,-0.03252451385672184
19676.717715570972,-0.032396656266960464
19685.81201832169,-0.032263396182009046
19704.00062382312,-0.03198063473814111
19740.377834825984,-0.0313553033254446
19749.472137576697,-0.03118617407934668
19758.566440327413,-0.031011677298175173
19776.755045828846,-0.03064653046612858
19813.132256831712,-0.029851277306659034
19822.22655958243,-0.029638861535213775
19831.320862333145,-0.029420982452574917
19849.509467834574,-0.02896879354418211
19885.886678837436,-0.02801353138064261
19894.980981588153,-0.027762509480045314
19904.07528433887,-0.02750611081585947
19922.2638898403,-0.02697712101453867
19958.64110084316,-0.025853989529155866
20031.39552284889,-0.023372582892949044
20040.4898255996,-0.0230435672474364
20049.584128350318,-0.0227091852287995
20067.77273385175,-0.022024269743528217
20104.149944854616,-0.020589585017875695
20176.90436686034,-0.017503255172093543
20186.77260168476,-0.017067586113625854
20196.640836509174,-0.016625640512478782
20216.377306158007,-0.015722911451322576
20255.850245455673,-0.0138423391856308
20334.796124051,-0.00987090812382225
20492.68788124166,-0.0010794767112711529
20502.55611606608,-0.0005105237510617975
20512.424350890495,0.00006450845896402392
20532.160820539328,0.0012324104663428742
20571.633759836994,0.0036359648959908854
20650.579638432322,0.008608745416667498
20808.471395622983,0.018809736767510216
20817.67861354151,0.0193871600077093
20826.885831460033,0.01996925128454516
20845.300267297083,0.02114579203458414
20882.129138971184,0.023535369664814603
20955.786882319382,0.028297174103959148
20964.994100237906,0.028859829711679247
20974.201318156433,0.029425328586893548
20992.61575399348,0.03056160699942062
21029.44462566758,0.03283065181629048
21103.10236901578,0.03712153653256062
21112.30958693431,0.03762934522697325
21121.516804852832,0.03813354632845889
21139.931240689883,0.03912512569139338
21176.760112363983,0.04099711518498865
21185.96733028251,0.04143248400133902
21195.174548201034,0.041854252465801656
21213.588984038084,0.04270531943525404
21222.796201956608,0.0431179291153764
21232.00341987513,0.043518857750677015
21250.41785571218,0.044276279099321435
21259.625073630705,0.044628012650855683
21268.83229154923,0.044958559132905224
21287.24672738628,0.04554643418153992
21296.453945304806,0.045798939271332634
21305.66116322333,0.04608685658391975
21314.868381141852,0.04637215440693916
21324.07559906038,0.0466353054179385
21333.282816978906,0.046872844081772974
21342.49003489743,0.047081305188156425
21351.697252815953,0.0472572351675986
21360.90447073448,0.04739720420529464
21370.111688653007,0.047497819117308014
21379.31890657153,0.04755573694330439
21388.526124490054,0.047598968211979564
21397.73334240858,0.04772197973304501
21407.714492400806,0.04781057182139906
21417.69564239303,0.04784657045834203
21427.676792385257,0.047823889230361974
21437.657942377482,0.0477365768175816
21447.639092369707,0.04757885032335977
21457.620242361932,0.04734513044147579
21477.582542346383,0.04688832551142442
21487.56369233861,0.046684540041414715
21497.544842330833,0.046391977842212134
21507.52599232306,0.04600282982936882
21517.507142315284,0.04550968405380444
21527.48829230751,0.04490558447926593
21537.469442299735,0.04414812103473893
21547.450592291963,0.043695144046830545
21557.43174228419,0.043113458526146786
21567.412892276414,0.04239324986076237
21577.394042268643,0.04152547974516906
21587.375192260868,0.040501979585002415
21597.356342253093,0.03931554593359667
21607.33749224532,0.03814864205375512
21617.318642237544,0.03714880255854259
21627.29979222977,0.03594802592007161
21637.280942221994,0.034536681636566445
21647.26209221422,0.0329067624162722
21657.243242206445,0.031052027863133314
21667.22439219867,0.029356711218438147
21677.205542190895,0.027683730468635225
21687.18669218312,0.025723885450470857
21697.167842175346,0.023470565252557647
21707.14899216757,0.0209200803919139
21717.130142159796,0.01804322661725409
21727.11129215202,0.015786214916161986
21737.092442144247,0.013136466839500677
21747.073592136472,0.01009233184899274
21757.054742128697,0.006656949432696867
21767.035892120923,0.0028384799772495917
21777.017042113148,-0.0009390689019721371
21786.998192105373,-0.0044679393610164014
21796.9793420976,-0.008517598664589697
21806.960492089824,-0.013069283483238305
21816.94164208205,-0.018096386139650367
21836.9039420665,-0.028443430761271385
21846.885092058725,-0.03387974826945254
21856.86624205095,-0.03988008365072346
21876.828542035404,-0.05287325641856898
21886.80969202763,-0.05977665458563415
21896.79084201986,-0.06696008079687815
21916.75314200431,-0.082139881165162
21926.734291996534,-0.0900562089236385
21936.71544198876,-0.09811673015812591
21956.67774197321,-0.11433883381536389
21966.658891965435,-0.12228168097278586
21976.64004195766,-0.1298836595913375
21986.621191949886,-0.1370412805948678
21996.60234194211,-0.14344107111213888
22006.583491934336,-0.14888723988034966
22016.56464192656,-0.15307811387154882
22026.545791918787,-0.1556607040013603
22036.52694191101,-0.15638029386589847
22045.847074997346,-0.1549911411531267
22055.16720808368,-0.15144973238897788
22064.487341170014,-0.14542185983837166
22073.807474256348,-0.13687516243460124
22083.12760734268,-0.12559398636789446
22092.447740429016,-0.1117095387744697
22101.76787351535,-0.09544937791040448
22111.088006601683,-0.07667935339882793
22120.408139688017,-0.056269815004381156
22129.72827277435,-0.034476377696378346
22148.36853894702,0.010834973044255514
22157.688672033353,0.03292200932651169
22167.008805119687,0.05402373302824108
22176.328938206025,0.07364705006964875
22185.64907129236,0.09103419827262822
22194.969204378693,0.10638601374288004
22204.28933746503,0.11924099977637809
22213.609470551364,0.12956018097803407
22222.929603637698,0.13763913161789149
22232.249736724032,0.14327615454785578
22241.569869810366,0.14687591517274334
22250.8900028967,0.14864230961334893
22260.210135983034,0.1487006471605537
22269.530269069368,0.1473878014539622
22278.850402155702,0.14490451151580033
22288.170535242036,0.14146608443425515
22297.49066832837,0.13725740532995467
22306.810801414704,0.13246144930718787
22316.130934501038,0.12722827393439384
22334.771200673706,0.11595777808794921
22344.09133376004,0.11007748484472107
22353.411466846374,0.1041967596458391
22372.05173301904,0.09249484740846917
22381.371866105375,0.08680756453062348
22390.69199919171,0.0812009429876527
22409.332265364377,0.0705081140398923
22418.65239845071,0.06550117149104188
22427.972531537045,0.06052522653757359
22446.612797709713,0.05128162663647761
22455.932930796047,0.04702085587816038
22465.25306388238,0.04277419598006073
22483.893330055053,0.034975622609207474
22493.213463141386,0.03141389385440515
22502.533596227724,0.02784509449752523
22521.173862400392,0.021338329708255825
22530.493995486726,0.01820557326454552
22539.81412857306,0.015371531523494561
22558.454394745728,0.010007977957576172
22567.77452783206,0.007380713501339113
22577.094660918396,0.005002788164012818
22595.734927091064,0.0005752288056613195
22605.055060177398,-0.0016011008079276218
22614.37519326373,-0.0035698723353905504
22633.0154594364,-0.0073504092443653565
22642.152891943373,-0.009068797047992426
22651.290324450347,-0.010619640859291048
22669.565189464294,-0.013803024094669554
22678.702621971268,-0.015206607241882011
22687.84005447824,-0.01655043629550854
22706.11491949219,-0.019197869232932693
22715.252351999163,-0.02034409520049007
22724.389784506136,-0.021546874816983388
22742.664649520084,-0.023713833533723274
22751.802082027058,-0.02470791304848458
22760.93951453403,-0.025721687540904797
22779.214379547975,-0.02749607089190031
22788.35181205495,-0.028371459831429774
22797.48924456192,-0.02921422306903344
22815.764109575866,-0.030692259850386094
22824.90154208284,-0.031402986850957174
22834.038974589814,-0.032115374732699806
22852.31383960376,-0.03336875977987243
22861.451272110735,-0.033935310563601745
22870.58870461771,-0.034527566737225714
22888.863569631656,-0.035570056635867986
22898.00100213863,-0.03602700067811714
22907.138434645603,-0.036513298450620416
22925.41329965955,-0.037369761024070004
22934.550732166525,-0.037744744219285475
22943.6881646735,-0.03812640149578563
22952.825597180472,-0.03848768153749052
22961.963029687446,-0.03881756910147404
22971.10046219442,-0.03911871268125302
22980.237894701393,-0.03941182070448955
22989.375327208367,-0.039696328557418746
22998.51275971534,-0.03995439818916979
23007.650192222314,-0.040188348586240645
23016.787624729288,-0.04040645230969339
23025.92505723626,-0.04062188760200024
23035.062489743235,-0.04081491329199949
23044.19992225021,-0.040987557219402615
23053.337354757183,-0.041141860841133374
23062.474787264153,-0.04129091614122915
23071.612219771127,-0.04142936004711017
23080.7496522781,-0.04154918366609181
23089.88708478507,-0.04165209009112979
23099.024517292044,-0.041739784350385195
23108.161949799018,-0.041813968837226136
23117.29938230599,-0.04187858992349157
23126.436814812965,-0.04193647931689922
23135.57424731994,-0.04197921569438028
23144.711679826913,-0.04200817900692405
23153.849112333886,-0.0420247429292062
23162.98654484086,-0.042030271576408484
23172.123977347834,-0.04202611640355782
23181.261409854807,-0.04201261285569689
23190.39884236178,-0.04198693598293034
23199.536274868755,-0.041949885409680074
23208.67370737573,-0.04190257393437002
23217.811139882702,-0.041846101247901876
23227.722504463374,-0.04177574757924061
23237.63386904405,-0.041697251141951136
23247.545233624725,-0.041601729520345236
23257.456598205397,-0.04149469635782237
23267.36796278607,-0.04137789089238463
23277.279327366745,-0.041252442901112324
23297.102056528092,-0.04098001941159269
23307.013421108764,-0.04082450353024896
23316.92478568944,-0.0406566454083382
23336.747514850787,-0.04029821947001136
23376.392973173486,-0.03948701382536536
23386.30433775416,-0.039259094288963056
23396.215702334834,-0.03902548406630416
23416.038431496185,-0.03854400019287746
23455.68388981888,-0.03747006893863455
23465.59525439955,-0.03718696265069333
23475.506618980227,-0.036900264720243194
23495.329348141575,-0.036304343073163145
23534.97480646427,-0.03500522556364647
23544.886171044942,-0.03467172078738527
23554.797535625617,-0.03433555767390443
23574.620264786965,-0.033651503222601825
23614.26572310966,-0.03216233256707582
23693.556639755054,-0.028994707771692253
23852.138473045838,-0.02188457837198923
23861.38882072062,-0.02143967554328055
23870.639168395403,-0.020993780907105374
23889.139863744967,-0.02009941662889667
23926.141254444097,-0.018298321726405792
24000.14403584236,-0.014576458591213782
24148.149598638884,-0.006899540429235608
24157.399946313664,-0.006413291493102763
24166.65029398845,-0.005927447828919891
24185.150989338013,-0.004957144263259576
24222.152380037143,-0.0030231158566808233
24296.155161435407,0.0008660661123451605
24444.16072423193,0.008469726746395054
24454.185003980412,0.008972167485110961
24464.209283728895,0.009472465818215772
24484.257843225863,0.010466422092614348
24524.354962219797,0.012432371012825153
24604.54920020766,0.016233357029249135
24614.573479956147,0.016695008116983986
24624.59775970463,0.017154157378988222
24644.646319201594,0.01806011668944595
24684.743438195525,0.019830505637208982
24764.937676183392,0.02318525516271666
24774.961955931874,0.023584586172099922
24784.986235680357,0.02397959404262407
24805.034795177326,0.024756246525518295
24845.13191417126,0.026253196933437487
24855.15619391974,0.026615059376193632
24865.180473668224,0.026971743893824958
24885.22903316519,0.027668632162764276
24925.326152159123,0.028994282028762815
24935.35043190761,0.029312049018214065
24945.37471165609,0.029624096806486838
24965.423271153057,0.03023048867199305
25005.520390146987,0.031368475534338455
25015.54466989547,0.03163576501113287
25025.56894964395,0.031896803488140654
25045.61750914092,0.03240072338705309
25085.714628134854,0.03333133503818391
25095.556207303976,0.0335430322744182
25105.3977864731,0.0337477991510751
25125.080944811343,0.03413584269120569
25134.922523980465,0.03431876328214057
25144.764103149588,0.03449404172277619
25164.447261487832,0.03482093530624903
25174.288840656955,0.034972177410241036
25184.130419826077,0.03511503170804844
25193.9719989952,0.03524930802856578
25203.81357816432,0.035374815148853544
25213.655157333444,0.035491361034100444
25223.496736502566,0.03559313103750823
25243.179894840814,0.03580541672181778
25253.02147400994,0.03590000136980361
25262.863053179062,0.03598656154268725
25272.704632348185,0.03606485410929397
25282.546211517307,0.036134633226468635
25292.38779068643,0.03619565067506421
25302.22936985555,0.03624765620852384
25312.070949024674,0.03629039791402979
25321.912528193796,0.0363236225861648
25331.754107362918,0.03634707611299598
25341.59568653204,0.03636050387445897
25351.437265701163,0.03636365115288813
25361.278844870285,0.03635626355549204
25371.120424039407,0.03633808744854736
25380.96200320853,0.036308870403031324
25390.80358237765,0.036268361651380386
25400.645161546774,0.036216312555014
25410.486740715896,0.0361524770822202
25420.32831988502,0.03607661229595164
25430.16989905414,0.03598847885103713
25440.011478223263,0.0358821493139857
25449.853057392385,0.03580800536450186
25459.694636561508,0.03572346480650192
25469.53621573063,0.03562815637856617
25479.377794899752,0.0355217094854955
25489.219374068874,0.03540375489845451
25499.060953237997,0.03527392547497878
25508.90253240712,0.03513185689847019
25518.74411157624,0.0349771884367144
25528.585690745364,0.03480956371884582
25538.427269914486,0.034628631530096654
25558.110428252734,0.034225470547941915
25567.95200742186,0.03400257249073084
25577.793586590982,0.03376503013494031
25597.476744929227,0.03324477096744093
25607.31832409835,0.03296145988272686
25617.15990326747,0.03266231774382079
25636.843061605716,0.03201548780435011
25646.684640774838,0.03168615617157264
25656.52621994396,0.031398503473949735
25676.209378282205,0.030776591514439285
25715.575694958694,0.029332807114561092
25724.756257221925,0.028955371162863563
25733.936819485156,0.028561827242846064
25752.297944011618,0.027725213747513675
25789.02019306454,0.025846550398357118
25798.200755327773,0.025332804280638006
25807.381317591004,0.024768403613724795
25816.561879854235,0.024328752462052926
25825.742442117466,0.02387043235857559
25862.464691170393,0.021841321331093715
25871.645253433628,0.021283072665047212
25880.82581569686,0.02070374851172661
25899.18694022332,0.019480793782511253
25935.909189276244,0.016772381612929
25945.089751539475,0.016040000415626865
25954.270313802706,0.015285491352956782
25972.63143832917,0.013901931040566617
26009.353687382092,0.011053282420118899
26018.534249645323,0.010272446243434551
26027.714811908554,0.009463932972120701
26046.075936435016,0.007764069104264141
26082.79818548794,0.004035104137564619
26091.97874775117,0.003224390188504774
26101.159310014402,0.0023779308184097387
26119.520434540864,0.0005781601026791901
26156.24268359379,-0.003439019688443977
26165.423245857026,-0.004526749027146013
26174.603808120257,-0.005646081172720795
26192.96493264672,-0.0079748903741339
26229.687181699643,-0.012202018407115881
26303.13167980549,-0.022080257626967772
26313.086174142423,-0.023435970071253955
26323.040668479356,-0.02484970273849567
26342.949657153218,-0.02783291734154924
26382.767634500946,-0.03394562448029881
26462.403589196398,-0.04670604368169066
26472.358083533327,-0.04835053398588503
26482.31257787026,-0.05003652194073662
26502.221566544125,-0.05347178469489665
26542.03954389185,-0.05997887318900844
26551.994038228782,-0.06162945545221073
26561.948532565715,-0.06325449308039949
26581.857521239577,-0.0663140210935537
26591.812015576506,-0.0678281584031714
26601.76650991344,-0.06930388559548173
26621.675498587305,-0.0720007561230056
26631.629992924238,-0.07325831804130484
26641.58448726117,-0.0744737199258215
26651.538981598103,-0.07558347764722143
26661.493475935033,-0.07653764130564442
26671.447970271962,-0.07728701699216337
26681.402464608895,-0.07781099672540424
26691.356958945828,-0.07845425764303832
26701.31145328276,-0.07886927445048973
26711.265947619693,-0.07898640106844704
26721.220441956622,-0.07873898924274106
26731.17493629355,-0.07806437139934658
26741.129430630484,-0.07729423901228387
26751.083924967417,-0.07633329035737266
26761.03841930435,-0.07482913661225213
26770.992913641283,-0.07270563088863652
26780.947407978212,-0.0698957649453205
26790.90190231514,-0.06698833757138097
26800.856396652074,-0.06327305616630133
26810.810890989007,-0.05879399084800747
26820.76538532594,-0.05356909753648522
26830.719879662873,-0.04748133563406201
26840.674373999802,-0.04045925157247096
26850.62886833673,-0.03245268190059515
26860.583362673664,-0.0233432482895662
26870.537857010597,-0.013182976500668471
26880.49235134753,-0.0017840158287335192
26890.446845684462,0.010766349072475402
26900.40134002139,0.024480957312778398
26910.35583435832,0.03926361945473509
26920.310328695254,0.0550216813517941
26940.21931736912,0.08860049162994152
26949.51279480016,0.10489165185406216
26958.806272231202,0.12090189269559361
26968.099749662244,0.13634424541315104
26977.393227093282,0.15078427169542383
26986.68670452432,0.16372329442257166
26995.98018195536,0.17470044872722235
27005.273659386403,0.18319625374217502
27014.567136817444,0.18885129815315033
27023.860614248486,0.19139907404509807
27033.154091679524,0.19064536763320097
27042.44756911056,0.18658029430302822
27051.741046541603,0.1793350181914213
27061.034523972645,0.16917422339589544
27070.328001403686,0.15645910015742487
27079.621478834728,0.14161392155217664
27088.914956265766,0.12541563164106434
27098.208433696804,0.10815393990358592
27107.501911127845,0.09035762711656245
27126.08886598993,0.054894836875886956
27135.38234342097,0.03818470992995136
27144.675820852008,0.022330791722673417
27153.969298283046,0.007449734485143467
27163.262775714087,-0.006207933461881185
27172.55625314513,-0.018532780789057783
27181.84973057617,-0.029687346651907053
27191.14320800721,-0.03964748402327428
27200.43668543825,-0.04833919352750545
27209.730162869288,-0.05596235727668055
27219.02364030033,-0.06253299046900175
27228.31711773137,-0.06819861334214496
27237.610595162412,-0.07296894214273902
27246.904072593454,-0.07695802303501612
27256.197550024495,-0.08019286004184151
27265.491027455537,-0.08286722976454469
27274.784504886575,-0.08492916639792598
27284.077982317613,-0.08651005973363625
27293.371459748654,-0.08765451675012817
27302.664937179696,-0.08838490977475577
27311.958414610737,-0.08881326901188939
27321.25189204178,-0.08889700579228653
27330.545369472817,-0.08877334743215679
27339.838846903855,-0.08838477234350815
27349.132324334896,-0.08782634304930192
27358.425801765938,-0.0870826424481557
27367.71927919698,-0.08620337220439017
27377.01275662802,-0.0851885945373181
27386.30623405906,-0.08408549162310498
27395.599711490097,-0.08287014436711093
27404.893188921138,-0.0815836500082898
27423.48014378322,-0.07883553614843858
27460.65405350738,-0.07290454567604855
27535.001872955705,-0.06041295007246854
27544.112649807386,-0.05893491087525715
27553.223426659064,-0.05735344932102131
27571.444980362423,-0.05437700231757844
27607.88808776914,-0.04854186637504447
27680.77430258258,-0.03769578179996111
27689.885079434258,-0.03636819943266546
27698.99585628594,-0.03509857110836967
27717.2174099893,-0.03267788882119552
27753.66051739602,-0.027839762807845145
27826.546732209456,-0.018861008239242714
27835.657509061137,-0.017830597490041997
27844.768285912814,-0.01684337835111817
27862.989839616173,-0.014745897769876698
27899.43294702289,-0.010911155457710563
27972.31916183633,-0.0036069881818147007
27981.42993868801,-0.0027484937998974966
27990.54071553969,-0.0019172383993617155
28008.762269243052,-0.00032465405521497556
28045.20537664977,0.0028799868050955676
28118.091591463206,0.008657792478906273
28127.976300388586,0.00941640108280863
28137.861009313965,0.010153099766935979
28157.630427164728,0.01156259694914226
28197.16926286625,0.01427228501262176
28207.05397179163,0.014916178509244583
28216.93868071701,0.015541851285650866
28236.708098567768,0.01678105225232674
28276.24693426929,0.019155570643096947
28286.13164319467,0.01970871185655608
28296.016352120052,0.020246674781065566
28315.78576997081,0.021327623098196604
28355.32460567233,0.023366651021442225
28365.20931459771,0.023841501998874016
28375.09402352309,0.02430329622809303
28394.86344137385,0.02522155651426375
28434.402277075373,0.02694008808261426
28444.286986000752,0.027339021539124812
28454.17169492613,0.02772645965328859
28473.941112776894,0.028488635743298785
28483.825821702274,0.028858337456582457
28493.710530627657,0.029216376937970436
28513.479948478416,0.02989877215323836
28523.364657403796,0.030223789884499558
28533.249366329175,0.030538467596967482
28553.018784179934,0.031149985753590285
28592.557619881456,0.03226198002653776
28602.442328806836,0.032514881229369415
28612.32703773222,0.03275830141799421
28632.096455582978,0.03322378652137959
28641.981164508357,0.033443896018738234
28651.865873433737,0.03365424329335008
28671.635291284496,0.03404658448214871
28681.520000209875,0.034229042331553765
28691.404709135255,0.03440266483474656
28701.289418060638,0.03456809692639165
28711.174126986018,0.0347263039578498
28721.058835911397,0.03487521157342638
28730.94354483678,0.0350150157789497
28750.71296268754,0.03526808863505801
28759.936654707028,0.03537440102328458
28769.160346726516,0.03547343986885272
28778.384038746008,0.035565354429356315
28787.607730765496,0.03565031835994428
28796.831422784984,0.035727543835220824
28806.055114804476,0.03579708189504799
28815.278806823964,0.03585906104752873
28824.502498843452,0.03591360801120995
28833.72619086294,0.03596084752759815
28842.94988288243,0.0360009021813151
28852.173574901917,0.03603389222788716
28861.397266921405,0.03605993542916968
28870.620958940894,0.03607914689638636
28879.844650960382,0.03609163894076207
28889.068342979874,0.03609752093170867
28898.292034999362,0.036096337898208763
28907.51572701885,0.03608608196262516
28916.739419038342,0.03606867503708691
28925.96311105783,0.03604421478741145
28935.18680307732,0.036012796789517285
28944.410495096807,0.035974514423327636
28953.634187116295,0.035929458772878384
28962.857879135783,0.035877718532602645
28972.08157115527,0.03581937991975724
28981.30526317476,0.03575452659295254
28990.528955194248,0.03568323957674105
28999.75264721374,0.03560559719221677
29008.976339233228,0.035521674993573
29018.200031252716,0.035429670683004295
29027.423723272208,0.03532929306694249
29045.871107311184,0.03510874861643799
29055.094799330673,0.03498872224967564
29064.31849135016,0.03486228328375847
29082.76587538914,0.034590425197954314
29091.98956740863,0.03444512944597557
29101.21325942812,0.03429366778476502
29119.660643467098,0.033972469031459895
29128.884335486586,0.033802837471038086
29138.108027506074,0.03362434536136191
29156.55541154505,0.03324784346838899
29193.450179623007,0.0324217972629572
29202.673871642495,0.03220034345388971
29211.897563661987,0.03197300036820708
29230.344947700964,0.031500808703867116
29267.239715778916,0.030482174321612317
29276.463407798405,0.030212230903361968
29285.687099817893,0.02993656450131019
29304.134483856873,0.029368203390435825
29341.02925193483,0.028164298728510194
29351.325660307022,0.027812544868219515
29361.622068679215,0.027453985234609582
29382.214885423597,0.026714879512313154
29423.400518912364,0.02515883425176852
29505.771785889898,0.021738565366407597
29516.06819426209,0.021284686293791138
29526.364602634283,0.020824678993175732
29546.957419378665,0.01988643001439676
29588.143052867432,0.017938142579485047
29670.514319844966,0.013804541509059041
29680.81072821716,0.013265592777120208
29691.10713658935,0.012721304742752338
29711.699953333733,0.011616942904735961
29752.8855868225,0.009346966697280058
29835.256853800034,0.0046588317227770236
29845.553262172227,0.0040582683714616985
29855.84967054442,0.0034533601072479145
29876.4424872888,0.0022309056717820016
29917.62812077757,-0.0002612931872378512
29927.92452914976,-0.0008934103817743056
29938.220937521954,-0.001528848180634406
29958.813754266335,-0.00280899538766107
29969.110162638528,-0.0034258391750053973
29979.406571010717,-0.00405246192262541
29989.70297938291,-0.0046825696793595245
29999.999387755102,-0.005316018043925563
