0.002040816326530612,-0.21128889588777958
30.671792055962676,-0.18926513054583277
61.341543295598825,-0.13541520576532515
92.01129453523498,-0.07365889678238413
122.68104577487112,-0.020861459961036347
153.35079701450726,0.017578003127392758
184.02054825414342,0.04292716570307249
214.69029949377955,0.058397039216124005
245.3600507334157,0.06715319747798065
276.02980197305186,0.0714360371908579
306.699553212688,0.07283901316215671
337.3693044523242,0.07241595159451546
368.0390556919603,0.07085917696300548
398.7088069315964,0.06863009315737152
429.3785581712326,0.06598243460112899
460.04830941086874,0.06311263972908074
490.71806065050487,0.06013589910338733
521.387811890141,0.057122925301302016
552.0575631297772,0.05413507010398649
613.3970656090495,0.0483498211880338
644.0668168486857,0.04558043438722672
674.7365680883217,0.04290052483452929
736.0760705675941,0.03776957777369094
766.7458218072302,0.03529656250754055
797.4155730468664,0.0329349837675636
858.7550755261386,0.02851836026348816
981.4340804846832,0.020400062932883812
1012.1038317243194,0.01851364912990568
1042.7735829639555,0.016691227299399394
1104.1130854432279,0.013248430306680584
1226.7920904017724,0.006964889951154962
1257.4618416414087,0.005476118697249057
1288.1315928810448,0.004093343367032539
1349.4710953603171,0.0013863232594216908
1472.1501003188616,-0.0035983307913085277
1502.8198515584977,-0.004767780470995112
1533.489602798134,-0.005861914502904511
1594.8291052774061,-0.008005747431390282
1625.4988565170424,-0.009029192855407864
1656.1686077566785,-0.01003121014139855
1717.5081102359509,-0.011904402772265302
1748.177861475587,-0.012802229916861307
1778.847612715223,-0.013641742138065408
1840.1871151944954,-0.015306155891913196
1962.86612015304,-0.0182549694814962
1996.1156449716777,-0.018985897678399852
2029.3651697903158,-0.019660896210430073
2095.8642194275917,-0.0209689910905527
2129.1137442462295,-0.02157030321129439
2162.3632690648674,-0.022148061749451196
2228.862318702143,-0.023203515700858116
2262.111843520781,-0.023694293198105277
2295.3613683394187,-0.024143469627291615
2328.6108931580566,-0.024564496890973786
2361.8604179766944,-0.02497760797224237
2395.1099427953322,-0.025352365469629184
2428.35946761397,-0.025690743194701406
2461.608992432608,-0.02601089135821236
2494.858517251246,-0.02631038604363104
2528.1080420698845,-0.026575955699564953
2561.3575668885223,-0.026809395978686246
2594.60709170716,-0.027029267888515306
2627.856616525798,-0.02722194441148137
2661.106141344436,-0.027384385599626394
2694.3556661630737,-0.027519148227416766
2727.6051909817115,-0.02763972269563936
2760.8547158003494,-0.02773175717717524
2794.104240618987,-0.027796671668067784
2827.353765437625,-0.027839112664248086
2860.603290256263,-0.027862032194606937
2893.8528150749007,-0.027859236994496966
2927.1023398935386,-0.0278319946032332
2960.3518647121764,-0.027784879450939683
2993.6013895308142,-0.02771611396513896
3026.8509143494525,-0.027624111000040117
3060.100439168091,-0.02750999682541641
3093.3499639867287,-0.027376946305026077
3126.5994888053665,-0.027222318968738727
3159.8490136240043,-0.027046665224029404
3193.098538442642,-0.02685082917618204
3226.34806326128,-0.02663647870714903
3259.597588079918,-0.02640182866988761
3292.8471128985557,-0.026147781992719152
3326.0966377171935,-0.025875222549092077
3359.3461625358314,-0.0255850118687422
3425.845212173107,-0.02494943655252021
3459.094736991745,-0.024605070983218527
3492.3442618103827,-0.024244165960228967
3558.843311447659,-0.023475707561179233
3592.092836266297,-0.023064776766268162
3625.342361084935,-0.02263896803080143
3691.8414107222106,-0.021744307967399918
3824.839509996762,-0.019785802974828497
3858.0890348154,-0.019263449187818943
3891.3385596340377,-0.01872969035664442
3957.8376092713133,-0.017625199737138497
4090.835708545865,-0.01528560937198438
4121.8818436781985,-0.014717018013763425
4152.927978810532,-0.014138806802175337
4215.020249075199,-0.012961670376434208
4339.204789604533,-0.010530053845596464
4587.573870663201,-0.005423672346760711
4618.620005795534,-0.0047700432528052245
4649.666140927868,-0.004114438042178034
4711.758411192535,-0.0027958533817869806
4835.942951721869,-0.00014698562634660184
5084.312032780537,0.005118304465920956
5115.358167912871,0.0057667738463861645
5146.404303045205,0.006412014285633736
5208.496573309872,0.0076915031267729035
5332.681113839206,0.010192858917567934
5363.72724897154,0.010804892206554685
5394.773384103873,0.011411158125512223
5456.865654368539,0.012605043636748492
5581.050194897874,0.01490162537119124
5612.096330030206,0.015455381056272716
5643.14246516254,0.016000941721566485
5705.234735427208,0.017066062799531122
5829.419275956541,0.019076365108066838
5860.465411088875,0.01955117754830761
5891.511546221209,0.02001552650178325
5953.6038164858755,0.020911299742642032
6077.78835701521,0.022557846791916338
6108.225490216341,0.022927354532698924
6138.662623417473,0.023284824372806767
6199.536889819735,0.023962023635929572
6229.974023020866,0.024280910692007905
6260.411156221997,0.02458607647725139
6321.28542262426,0.025153447509040854
6351.72255582539,0.02541399580744342
6382.159689026522,0.025659130374035156
6412.596822227653,0.025890057077497957
6443.033955428784,0.026106287913654144
6473.471088629915,0.02630732236350986
6503.908221831047,0.026492648738384535
6534.345355032177,0.026661745633539964
6564.782488233309,0.026814083490295113
6595.21962143444,0.026949126266154068
6625.656754635571,0.027067110407249836
6656.093887836702,0.02717076015255103
6686.531021037834,0.027258044838956098
6716.968154238964,0.027328349326320365
6747.405287440096,0.027381048400755614
6777.842420641227,0.027415509204107326
6808.279553842358,0.027431093804681155
6838.716687043489,0.027427161906941173
6869.153820244621,0.027403073696950386
6899.590953445751,0.027359647794477634
6930.028086646883,0.027308325390882075
6960.465219848014,0.027238277353335984
6990.902353049145,0.027148703830214622
7021.339486250276,0.02703880357363508
7051.776619451408,0.02690777805247305
7082.2137526525385,0.02675483574535924
7112.65088585367,0.026579196605796253
7143.088019054801,0.02638009668952809
7173.525152255932,0.026155831392285694
7203.962285457063,0.025940499285690533
7234.399418658195,0.02570344376407314
7264.8365518593255,0.025443606911979548
7295.273685060457,0.025159950611442328
7325.710818261588,0.02485146330713568
7356.147951462719,0.02451716699188955
7417.022217864982,0.02376744631405533
7447.4593510661125,0.02335998152870047
7477.896484267244,0.022969978825515228
7538.770750669506,0.022108135937360336
7569.2078838706375,0.02163376542289112
7599.645017071769,0.02112886839110881
7660.519283474031,0.020023359416381788
7690.9564166751625,0.019477389991142628
7721.393549876293,0.018922997614923668
7782.267816278556,0.01771122242212127
7812.704949479687,0.017051167271621585
7843.142082680818,0.01635349223520247
7904.01634908308,0.014928031412086777
8025.764881887605,0.011850252862446753
8058.7817886677385,0.010882596763999993
8091.798695447871,0.010024020268541902
8157.832509008136,0.008120759642195939
8289.900136128668,0.003897155349141616
8322.9170429088,0.0027607624786604792
8355.933949688933,0.0015463470709561368
8421.9677632492,-0.0007828253263714047
8554.035390369732,-0.005959325413901555
8587.052297149865,-0.007337489952416992
8620.069203929997,-0.008829988022558993
8686.103017490264,-0.011628417401221385
8818.170644610796,-0.0178786892445897
8851.187551390929,-0.019665466838155343
8884.204458171062,-0.02125335295248311
8950.238271731327,-0.024864900067973466
9082.305898851859,-0.03223629021638383
9115.322805631993,-0.034322862929196084
9148.339712412126,-0.03625206773679477
9214.37352597239,-0.040456457818835334
9247.390432752523,-0.04264029988045667
9280.407339532656,-0.04477132324794588
9346.441153092921,-0.04919091585393069
9379.458059873054,-0.05148596146834489
9412.474966653186,-0.05361350843897442
9445.491873433319,-0.05573257089746854
9478.508780213453,-0.0577424302250593
9511.525686993587,-0.05955656096026408
9544.54259377372,-0.061065241062155634
9577.559500553853,-0.06205300659454052
9610.576407333985,-0.062166437552007715
9643.593314114118,-0.061517520010518266
9676.61022089425,-0.05919364953417896
9709.627127674383,-0.054218461320149305
9742.644034454517,-0.045227375750268306
9775.660941234652,-0.030764642297930384
9808.677848014784,-0.008057048623297411
9841.694754794917,0.025977582351036456
9874.71166157505,0.07335163334226022
9907.728568355182,0.13124518474788277
9940.745475135314,0.18546049776979476
9973.762381915447,0.2097158462559472
10006.779288695581,0.18398279866070627
10039.796195475716,0.11855957520325021
10072.813102255848,0.04456473694790488
10105.83000903598,-0.014457489452667213
10138.846915816113,-0.052806292093988925
10169.660432909943,-0.07315242747762278
10200.47395000377,-0.08326283773785896
10231.287467097598,-0.08687466466638812
10262.100984191427,-0.08657372836777906
10292.914501285257,-0.08401947143007649
10323.728018379084,-0.08021293487504352
10354.541535472912,-0.07578368053008497
10385.355052566742,-0.07108421545275145
10416.168569660571,-0.06636221439777137
10446.982086754399,-0.06171836022345816
10508.609120942056,-0.05292447909585705
10539.422638035885,-0.048823296276010036
10570.236155129713,-0.044926411219950016
10631.86318931737,-0.03773339224717923
10662.6767064112,-0.03445200739361305
10693.490223505027,-0.03126218249829041
10755.117257692684,-0.025376398933348157
10785.930774786513,-0.02267404696780292
10816.74429188034,-0.020112447247886897
10878.371326067998,-0.015339763135098251
10909.184843161827,-0.013045074041065273
10939.998360255655,-0.010948964746038892
11001.625394443312,-0.006915633638587318
11032.438911537141,-0.005109315786569011
11063.252428630969,-0.003247464408004004
11124.879462818626,0.00009996636263365222
11155.692979912455,0.0017010439006961177
11186.506497006283,0.003181039015797471
11248.13353119394,0.006049193919391103
11278.94704828777,0.007416434096546944
11309.760565381597,0.008651318429118933
11371.387599569254,0.011076343196455058
11402.201116663084,0.012239879003998314
11433.014633756911,0.01331530518785895
11494.641667944568,0.015357781070237254
11525.455185038398,0.016286149403610044
11556.268702132225,0.017219028185239297
11617.895736319882,0.018911319001556473
11648.709253413712,0.019690994407435602
11679.52277050754,0.02044482740869929
11741.149804695197,0.02181815687923666
11771.963321789026,0.022484581318646977
11802.776838882854,0.023087859123183337
11864.40387307051,0.02419568527889654
11895.21739016434,0.02470469101445287
11926.030907258168,0.025161819953122767
11956.844424351995,0.025611186574817417
11987.657941445825,0.02602879860081437
12018.471458539654,0.026400537882455426
12049.284975633484,0.026747675258954856
12080.098492727313,0.027077000900578713
12110.91200982114,0.027365329582540246
12144.305300493972,0.02764173781752159
12177.698591166802,0.027901432530840285
12211.091881839631,0.028118192806278263
12244.48517251246,0.028299380668079556
12277.87846318529,0.028461960478673883
12311.271753858122,0.028586179018838323
12344.665044530953,0.028677189253726067
12378.058335203783,0.02874813568302534
12411.451625876613,0.02878459199427123
12444.844916549444,0.028787325443345488
12478.238207222275,0.028774562256231335
12511.631497895105,0.028729849212554504
12545.024788567935,0.028655328511613155
12578.418079240764,0.028553127067467148
12611.811369913594,0.02843023563869538
12645.204660586425,0.028281370213967663
12678.597951259257,0.02810599013158378
12711.991241932086,0.027905889130710897
12745.384532604916,0.027683457948041265
12778.777823277745,0.027438117687547885
12812.171113950575,0.027169159435053953
12845.564404623407,0.026878110643396194
12912.350985969068,0.026232491658127976
12945.744276641897,0.02587755910700497
12979.137567314729,0.025502954774735638
13045.92414866039,0.024696659979141444
13079.31743933322,0.02426360697425551
13112.710730006049,0.023813160092215423
13179.49731135171,0.022862818382548646
13212.890602024541,0.02235969251908162
13246.28389269737,0.02184135975573783
13313.07047404303,0.02076288148580844
13446.643636734352,0.018428259177334122
13713.789962116995,0.013193782700614743
13747.183252789826,0.01249463717999014
13780.576543462656,0.011788785179053046
13847.363124808315,0.01035940677367258
13980.936287499637,0.0074236192965904365
14248.08261288228,0.0013898009349674117
14280.866901623907,0.0006449238216214423
14313.651190365534,-0.0001000245096118152
14379.21976784879,-0.001589522800616295
14510.356922815303,-0.004537388937099315
14772.631232748327,-0.010224786167248211
14805.415521489955,-0.010906619027451818
14838.199810231581,-0.011580677618772597
14903.768387714837,-0.012903814962022699
15034.90554268135,-0.015434583441097967
15067.689831422978,-0.016040946192537184
15100.474120164607,-0.01663638765378127
15166.042697647863,-0.01779278825488867
15297.179852614374,-0.01994996360773544
15329.964141356002,-0.02045389846798738
15362.748430097628,-0.020944057900917377
15428.317007580885,-0.02188121519179127
15461.101296322513,-0.022327266397546418
15493.885585064141,-0.02275764952046465
15559.454162547398,-0.023567742429982268
15592.238451289026,-0.023945272787339978
15625.022740030654,-0.024306526547293608
15657.807028772282,-0.024650993847951507
15690.59131751391,-0.024978149340565775
15723.375606255539,-0.025287453216841848
15756.159894997167,-0.025578352385089036
15821.728472480421,-0.026102665923641702
15854.51276122205,-0.0263345789609914
15887.297049963676,-0.0265468099388225
15920.081338705304,-0.02674006353014269
15952.865627446932,-0.026913715495734743
15985.64991618856,-0.02706712578171539
16018.434204930189,-0.02719964089182494
16051.218493671817,-0.0273105964576675
16084.002782413445,-0.02739932000564722
16116.787071155073,-0.027465133918268436
16149.571359896701,-0.02750910084462683
16182.35564863833,-0.027535837765805104
16215.139937379958,-0.02754097017532813
16247.924226121586,-0.027523693876249037
16280.708514863214,-0.027483195201733226
16313.49280360484,-0.027418655486790275
16346.277092346469,-0.027329255793512443
16376.857991401794,-0.02722273694499872
16407.438890457117,-0.02709322564902484
16438.01978951244,-0.026939468819306086
16468.600688567763,-0.02678373232684357
16499.181587623087,-0.026606892465408094
16529.76248667841,-0.026408080126565307
16560.343385733733,-0.0261864322641259
16590.924284789056,-0.025941097308455143
16621.50518384438,-0.025671240789792618
16652.086082899703,-0.02537605115701476
16713.24788101035,-0.02470657708310952
16743.828780065673,-0.02435504231023923
16774.409679120996,-0.023994413411422482
16835.571477231646,-0.023195272948011117
16866.15237628697,-0.02275464898516815
16896.733275342296,-0.0222853366025249
16957.895073452943,-0.0212570855701804
16988.475972508266,-0.020745326105481292
17019.05687156359,-0.020215983791937453
17080.218669674236,-0.019064201391227848
17110.79956872956,-0.0184394401644247
17141.380467784882,-0.017780752194665565
17202.54226589553,-0.016411230985075173
17324.86586211682,-0.013478975377722604
17355.446761172145,-0.012648463309130338
17386.027660227468,-0.011826900452084687
17447.189458338114,-0.010181286181407139
17569.51305455941,-0.006439761153924077
17600.093953614734,-0.00550277372845605
17630.67485267006,-0.004510656936728242
17691.836650780708,-0.00236049295136896
17814.160247002,0.0020161412376999803
17844.741146057324,0.0032591837575066396
17875.322045112647,0.004379981116909872
17936.483843223294,0.006768278350307834
18058.807439444587,0.011954855546617578
18303.454631887176,0.023545029502365998
18336.615304521503,0.025240193435688566
18369.775977155827,0.026892583017021764
18436.09732242448,0.030443316934728626
18568.74001296178,0.037909150424640325
18601.900685596105,0.03967926150114158
18635.061358230432,0.041668221077366965
18701.382703499083,0.0455089933233584
18734.543376133406,0.04736982328854601
18767.704048767733,0.04931389773010314
18834.025394036384,0.05286462778787761
18867.186066670707,0.0544976759810175
18900.346739305034,0.05597383171643087
18933.50741193936,0.05715351852619595
18966.668084573685,0.05791448583240087
18999.828757208008,0.05810457004390275
19032.989429842335,0.05764358537934682
19066.150102476662,0.055950535983622596
19099.310775110986,0.052556132627995925
19132.47144774531,0.0466930180682867
19165.632120379636,0.03720855056102951
19198.792793013963,0.022444884570560514
19231.953465648287,0.00001911672064715264
19265.11413828261,-0.0323803672093014
19298.274810916937,-0.07666366469460517
19331.435483551264,-0.13076042193935197
19364.596156185587,-0.18249666494855832
19397.75682881991,-0.20754504201742743
19430.917501454238,-0.18357597616873897
19464.078174088565,-0.11634341913027929
19497.23884672289,-0.03743310956449958
19530.399519357212,0.025748588886150225
19563.56019199154,0.06578894743621469
19596.720864625866,0.0865916279428718
19629.88153726019,0.0947251651329895
19663.042209894513,0.09541460246271402
19696.20288252884,0.09210777863163969
19729.363555163167,0.08676735071991049
19762.52422779749,0.08057200764795788
19795.684900431814,0.07407353170735215
19828.84557306614,0.06770786789229281
19895.16691833479,0.05572360483008241
19928.327590969115,0.0502777220705584
19961.48826360344,0.04518645484923094
19994.64893623777,0.04043466036054724
20027.809608872092,0.03600094792665187
20060.970281506416,0.03186165339209712
20094.130954140743,0.027989439138698727
20160.452299409393,0.02105888858972984
20193.612972043717,0.01783586487655627
20226.773644678044,0.01480326440533858
20293.094989946694,0.009326505984067738
20326.25566258102,0.0068409606163296055
20359.41633521535,0.0045390440675962575
20425.737680484,0.00012106495518359427
20456.69496343202,-0.0017747581562497818
20487.652246380043,-0.0035531853025316355
20549.566812276084,-0.006866845968198322
20580.524095224104,-0.00836093282237892
20611.481378172124,-0.00985869618143424
20673.395944068165,-0.012560695037288627
20704.353227016185,-0.013786675531865706
20735.310509964205,-0.014999198828067972
20766.26779291223,-0.01610489729865108
20797.22507586025,-0.017214564947039823
20828.18235880827,-0.018192590373442376
20859.139641756294,-0.019179475357563636
20921.054207652334,-0.02092299323482671
20952.011490600355,-0.021770206632900083
20982.968773548375,-0.022522163342758195
21013.9260564964,-0.023239825596184833
21044.88333944442,-0.023927205273059957
21075.84062239244,-0.024535071440554997
21106.797905340463,-0.025143436313079543
21168.712471236504,-0.02618764518798273
21199.669754184524,-0.026670367003676535
21230.627037132545,-0.027092200552131736
21261.584320080565,-0.027489872886699462
21292.541603028585,-0.027850853328778232
21323.498885976605,-0.028160035069402893
21354.456168924626,-0.028458658627552917
21385.41345187265,-0.028717356718621943
21416.37073482067,-0.028930558905864098
21447.32801776869,-0.02910923619147694
21478.285300716714,-0.029276914775309
21509.242583664734,-0.029403389228434787
21540.199866612755,-0.029491922855993037
21571.157149560775,-0.02955449569183207
21602.114432508795,-0.0295960514071742
21633.071715456816,-0.02960280491661857
21664.028998404836,-0.029577543168170926
21694.986281352856,-0.029530213257232884
21725.943564300876,-0.02945775705784109
21756.9008472489,-0.029355657406809434
21787.85813019692,-0.02922627978081991
21818.81541314494,-0.029075993972545365
21849.772696092965,-0.028900261343045158
21880.729979040985,-0.028699112320703997
21911.687261989005,-0.028474547713873637
21942.644544937026,-0.028228757161590245
21973.601827885046,-0.02795951174838422
22004.55911083307,-0.027668384295599632
22035.51639378109,-0.027356894407374682
22066.47367672911,-0.027023582693623545
22097.430959677135,-0.026669928046932037
22159.345525573175,-0.02590758392952408
22190.302808521195,-0.025495135862636246
22221.260091469216,-0.025064610835297103
22283.174657365256,-0.024154353311759497
22407.00378915734,-0.02213646913174693
22437.352070174158,-0.021605296110264658
22467.70035119098,-0.0210624303597602
22528.396913224613,-0.019934687637100768
22649.79003729189,-0.0175351743858234
22892.57628542644,-0.012269453521408662
23378.148781695538,-0.000717006282532059
23408.497062712355,0.000020469866623367208
23438.845343729176,0.0007561725295649442
23499.54190576281,0.002220611649513196
23620.935029830085,0.005110690966386161
23863.721277964636,0.010673910091608752
23894.069558981457,0.011340263865028004
23924.417839998274,0.011997904299446447
23985.11440203191,0.01328824531794113
24106.507526099187,0.0157590302751801
24136.855807116008,0.01635251040846071
24167.204088132825,0.016932218282014955
24227.900650166463,0.018058623036348975
24349.293774233734,0.02016895383792862
24382.221828829555,0.02070610970940406
24415.149883425373,0.021225528730734283
24481.005992617014,0.02221248265235566
24513.934047212835,0.02268106527832877
24546.862101808656,0.023132349883489195
24612.718211000298,0.023980832405640203
24645.64626559612,0.024376899719853566
24678.57432019194,0.02475120651826755
24711.502374787757,0.025105900677149157
24744.430429383578,0.02544135978251597
24777.3584839794,0.025756985615139703
24810.286538575216,0.026052162225315416
24843.214593171037,0.026326257512740026
24876.142647766857,0.02657862501478514
24909.07070236268,0.026808614595377284
24941.9987569585,0.027015766147279262
24974.92681155432,0.027201517578312587
25007.85486615014,0.02736516155612913
25040.78292074596,0.027505972087813253
25073.710975341783,0.027623207556859083
25106.6390299376,0.027716114024799805
25139.56708453342,0.027783928795352675
25172.49513912924,0.02782554065291356
25205.42319372506,0.02784869364487578
25238.35124832088,0.02784800310814526
25271.2793029167,0.02782256523948302
25304.20735751252,0.027771463656762054
25337.135412108342,0.027693774927377648
25370.063466704163,0.027588574432246944
25402.991521299984,0.027454942555268293
25435.919575895805,0.027291971184794636
25468.847630491626,0.02710189468984222
25501.775685087447,0.026903971536705654
25534.703739683267,0.026678904636806833
25567.63179427909,0.026425471993722735
25600.55984887491,0.026142464489737074
25633.487903470726,0.02582869578242859
25666.415958066547,0.025483012608756392
25699.34401266237,0.025104305462560043
25732.272067258185,0.024691519603687654
25798.128176449827,0.02382596962815743
25831.056231045648,0.023368430034420334
25863.98428564147,0.022877371314936126
25929.84039483311,0.021788512667659635
25962.76844942893,0.021187872694527626
25995.696504024752,0.02054806855445047
26061.552613216394,0.019192741471193955
26094.480667812215,0.0185310991248323
26127.408722408036,0.017828828606783434
26193.264831599674,0.016294990658305954
26226.192886195495,0.01546031108793736
26259.120940791312,0.014578833628953198
26324.977049982954,0.012806742584879061
26456.689268366237,0.008980017835041041
26487.413933275755,0.007958238971704324
26518.13859818527,0.006886746089183692
26579.5879280043,0.004923077969117523
26702.486587642365,0.0004037919169670619
26733.211252551882,-0.000791290910163573
26763.935917461396,-0.0018826829164372717
26825.38524728043,-0.004309286970160368
26948.283906918492,-0.009599454313557618
26979.00857182801,-0.01095067639179085
27009.733236737524,-0.012401932650247745
27071.182566556556,-0.015327876227689755
27194.08122619462,-0.021515102059615668
27439.878545470747,-0.03477038871721609
27470.603210380264,-0.03654937089745015
27501.32787528978,-0.03848262690194464
27562.77720510881,-0.04199776426698705
27593.50187001833,-0.043918148286423854
27624.226534927842,-0.04563416023439518
27685.675864746874,-0.04924023338211765
27716.400529656392,-0.05101286000832915
27747.125194565906,-0.052667655306738684
27777.84985947542,-0.05425172592122483
27808.574524384938,-0.05565912450410114
27839.299189294456,-0.056888828253735896
27870.02385420397,-0.05781978176268501
27900.748519113484,-0.05830354964505892
27931.473184023,-0.05833571363033109
27962.19784893252,-0.05722277781807542
27992.922513842033,-0.05548552745526491
28023.647178751547,-0.05205568841575407
28054.371843661065,-0.045525437833091556
28085.096508570583,-0.03726002724252553
28115.821173480097,-0.02380551151767226
28146.54583838961,-0.00404930372631275
28177.27050329913,0.02392894542855921
28207.995168208647,0.061825143981272083
28238.71983311816,0.10944234392006881
28269.444498027675,0.16014181579936548
28300.169162937193,0.19904671987172945
28330.89382784671,0.20422743358459183
28361.618492756228,0.16481507861736694
28392.343157665746,0.09487847015620805
28423.06782257526,0.022244085076520412
28456.372261063778,-0.03806593039026278
28489.676699552292,-0.07438019147314202
28522.98113804081,-0.09204914085314364
28556.285576529328,-0.09786756359519708
28589.590015017846,-0.09694376553021668
28622.894453506364,-0.09244674827047103
28656.19889199488,-0.08625638963408838
28689.5033304834,-0.07946817179024039
28722.807768971918,-0.07248192014829496
28756.112207460435,-0.06575093729527345
28789.416645948953,-0.059358680730532604
28822.72108443747,-0.053302938923941015
28856.02552292599,-0.047796334624045256
28889.329961414507,-0.042401484932097624
28955.938838391543,-0.032979518457311285
28989.24327688006,-0.028826643535830643
29022.54771536858,-0.024891871683789743
29055.852153857097,-0.021136122874810558
29089.156592345615,-0.01767678813215779
29122.461030834133,-0.014472870034148606
29155.76546932265,-0.011491275841753683
29222.374346299686,-0.005904869848266683
29255.678784788204,-0.003521309360485402
29288.983223276722,-0.0010400719265489453
29355.592100253758,0.003277453599032854
29388.896538742276,0.005231297137519976
29422.200977230794,0.007119188057178745
29488.80985420783,0.010541641493199137
29522.114292696348,0.012137820429526505
29555.418731184865,0.013590190728089986
29622.0276081619,0.016302082417219962
29655.33204665042,0.01758988578753753
29688.636485138937,0.018710667158415437
29755.245362115973,0.020875397940071663
29788.54980060449,0.02183492112865662
29821.85423909301,0.022761635926401874
29855.158677581527,0.02356820629673017
29888.463116070045,0.0243731371178659
29921.767554558563,0.02510263487249094
29955.07199304708,0.02574311243742074
29988.376431535595,0.026388062496144695
30021.680870024113,0.026945422253091815
30054.98530851263,0.027452345614172795
30088.289747001145,0.02792989094073367
30121.594185489663,0.02833459934078462
30154.89862397818,0.028711243906896777
30188.2030624667,0.029039828805587014
30221.507500955217,0.02930744555142307
30254.811939443734,0.029558123605170707
30288.116377932252,0.02975279525859883
30321.42081642077,0.02990430078536233
30354.72525490929,0.03002591125499764
30388.029693397806,0.03009915105725487
30421.334131886324,0.030137367116260534
30454.638570374842,0.030145848817241618
30487.94300886336,0.030111235983085627
30521.247447351878,0.030037494346291153
30554.551885840396,0.029934499863313566
30587.24732239771,0.029804846425175554
30619.942758955025,0.029639804236117902
30652.638195512343,0.029442439841118242
30685.333632069658,0.02921575564452657
30718.029068626973,0.028963893473895524
30750.72450518429,0.028681044138855548
30783.419941741606,0.028370210967751955
30816.11537829892,0.028033845249168368
30848.810814856235,0.02767120575227077
30881.50625141355,0.02728189962343768
30946.89712452818,0.026432628712465572
30979.592561085494,0.025973595570924022
31012.28799764281,0.02548915394113193
31077.67887075744,0.02445937787086488
31110.374307314756,0.02391646112814148
31143.069743872074,0.02334815728328111
31208.460616986704,0.022159695850822676
31339.242363215963,0.019578136481757442
31371.937799773277,0.018896245187704202
31404.633236330592,0.018198607025385075
31470.024109445225,0.01675857539050357
31600.805855674487,0.013743985885901571
31633.501292231802,0.01296336659581679
31666.196728789117,0.012175775949624889
31731.58760190375,0.01058286068763907
31862.369348133012,0.007301536024070815
32123.932840591537,0.0005930387340557525
32156.62827714885,-0.00024653274649905164
32189.323713706166,-0.0010836490822147124
32254.7145868208,-0.0027578315137085103
32385.49633305006,-0.006053400759947002
32647.059825508582,-0.012321908920586176
32677.55187237959,-0.013014543472624806
32708.043919250602,-0.013696197277966619
32769.028012992625,-0.015029256976924074
32890.99620047667,-0.017561942538468694
32921.48824734768,-0.018162211130408827
32951.980294218694,-0.018749813272805574
33012.96438796072,-0.01988521508122121
33134.93257544476,-0.021980344026067068
33165.42462231577,-0.02246338532791657
33195.91666918677,-0.022930740004109915
33256.900762928795,-0.02381633678594217
33287.39280979981,-0.024233513093115208
33317.88485667082,-0.024632872366461667
33378.86895041284,-0.025373665826650196
33409.36099728385,-0.02571200720837795
33439.853044154865,-0.026032825605012095
33470.345091025876,-0.026335534058489186
33500.83713789689,-0.026619520770291564
33531.3291847679,-0.026884150637576622
33561.82123163891,-0.02712876700721793
33592.31327850992,-0.02735269365040062
33622.805325380934,-0.027555236959658596
33653.297372251945,-0.02773568836937827
33683.78941912296,-0.02789332699981955
33714.28146599397,-0.02802742252361731
33744.77351286498,-0.02813723825252192
33775.26555973599,-0.028222034440823836
33805.757606607,-0.028283354708429697
33836.24965347801,-0.028328570800409562
33866.74170034902,-0.028352200565850263
33897.23374722003,-0.028353307293992516
33927.725794091035,-0.02833093231647265
33958.21784096205,-0.028284100176638082
33988.70988783306,-0.028211824147028712
34019.20193470407,-0.028113112090386312
34049.69398157508,-0.027986972656551302
34080.18602844609,-0.0278324218043166
34110.678075317104,-0.027648489633740093
34141.170122188116,-0.027434227510599096
34171.66216905913,-0.0271908387563456
34202.15421593014,-0.026953870455958893
34232.64626280115,-0.026690172629918907
34263.13830967216,-0.02639831488385666
34293.63035654317,-0.02607688327082179
34324.122403414185,-0.025724491499989594
34354.6144502852,-0.025339792607579337
34385.10649715621,-0.024921491052379632
34415.59854402722,-0.024468355188799574
34476.58263776924,-0.023443352492808038
34507.074684640254,-0.022963458226572597
34537.566731511266,-0.02245016281654026
34598.55082525328,-0.02131538271602321
34631.62264570329,-0.020635447200579932
34664.694466153305,-0.019907393530000848
34730.838107053336,-0.01829979371384554
34763.90992750335,-0.0174173813781265
34796.98174795336,-0.016623024866236784
34863.12538885338,-0.014900746175830294
34896.1972093034,-0.013951544201756868
34929.26902975341,-0.012940713023140819
34995.41267065344,-0.010687309757798151
35028.484491103445,-0.009710800799597689
35061.55631155346,-0.008659657770015709
35127.69995245349,-0.006323414965081561
35160.77177290351,-0.005035696400843717
35193.843593353515,-0.003668255383042081
35259.98723425354,-0.0011134262046965677
35392.27451605359,0.004787696859317309
35425.3463365036,0.006146731369439955
35458.418156953616,0.007648903752615064
35491.48997740363,0.009288580834498069
35524.56179785365,0.011057040539272207
35656.84907965369,0.018029980646106985
35689.92090010371,0.019944952910528273
35722.99272055372,0.021662178943689166
35789.13636145374,0.02575410988001551
35921.423643253795,0.034022964037246625
35954.4954637038,0.036122212635788464
35987.56728415382,0.038493544369781696
36053.71092505385,0.042955304276862435
36185.998206853896,0.05220091127806069
36219.07002730391,0.054488170378187234
36252.14184775392,0.05657848485772125
36285.21366820393,0.05853418403222081
36318.28548865394,0.060274039072929705
36351.35730910396,0.06153465607207296
36384.42912955397,0.06225841958041446
36417.50095000399,0.062262802390882624
36450.572770454,0.060417861279937486
36483.644590904005,0.05747008256761861
36516.71641135402,0.05139305104622124
36549.788231804036,0.04012624954508052
36582.86005225405,0.024122294608616313
36615.931872704066,-0.0013486986302419512
36649.003693154074,-0.0384381678521705
36682.07551360408,-0.08838023945264638
36715.1473340541,-0.14648081033833105
36746.01576481781,-0.19290930371903628
36776.884195581515,-0.20891575029723047
36807.752626345224,-0.17946081639453815
36838.62105710893,-0.11432666198314714
36869.48948787264,-0.04116036488096909
36900.35791863635,0.01859728537579386
36931.22634940006,0.05837940007353409
36962.09478016377,0.08101518755050638
36992.963210927475,0.0915820183912206
37023.831641691184,0.09454474835799839
37054.70007245489,0.09308435236662196
37085.5685032186,0.08913913114586751
37116.43693398231,0.08393958763810348
37147.30536474602,0.07814228554302881
37209.042226273436,0.06642862419911119
37239.910657037144,0.060708596346439464
37270.77908780085,0.055351055806896234
37332.51594932827,0.04545318668237142
37363.38438009198,0.04093063708608101
37394.25281085569,0.03660976109342848
37455.989672383104,0.028764720653426022
37486.85810314681,0.02519958299645829
37517.72653391052,0.02184767552615232
37579.46339543794,0.015724308973942037
37610.33182620165,0.012842688648214175
37641.200256965356,0.010250360100393445
37702.937118492766,0.005250014844892414
37733.805549256474,0.003024184980191115
37764.673980020176,0.0007988028311748611
37826.41084154759,-0.0031787516354137534
37857.2792723113,-0.005047596252293958
37888.14770307501,-0.00672807036367286
37949.88456460243,-0.01002438845456927
37980.752995366136,-0.01156853974207287
38011.621426129845,-0.012990113691733002
38073.35828765726,-0.01564247532551693
38104.22671842097,-0.016818928702693723
38135.09514918468,-0.01801207998275187
38196.832010712096,-0.02012349554416958
38227.700441475805,-0.021082771929047898
38258.56887223951,-0.021996541456931824
38289.43730300322,-0.02286018501355735
38320.30573376693,-0.02364769967598771
38351.17416453064,-0.024416429382406065
38382.04259529435,-0.02509595794077296
38412.91102605806,-0.025764853928823588
38443.779456821765,-0.026377442611645496
38474.647887585474,-0.026914816270710164
38505.51631834918,-0.02742560318186875
38536.38474911289,-0.027907673822831366
38567.2531798766,-0.028324676788317626
38598.12161064031,-0.028688116076660927
38628.99004140402,-0.029045267016861796
38659.858472167725,-0.02934532425178353
38690.726902931434,-0.02959291855649749
38724.175107274146,-0.029836311040817208
38757.62331161686,-0.03003310177577844
38791.07151595957,-0.030175874435047784
38824.519720302276,-0.030284676747397904
38857.96792464498,-0.030354404454732725
38891.416128987694,-0.03037663048978944
38924.864333330406,-0.030362470951199802
38958.31253767312,-0.030313551547434026
38991.76074201583,-0.030222535149129204
39025.208946358536,-0.030095514738499893
39058.65715070124,-0.029936060830202043
39092.105355043954,-0.02973910137385169
39125.553559386666,-0.02950730792785438
39159.00176372938,-0.02924659925601779
39192.44996807209,-0.028951164180763527
39225.898172414796,-0.028623740168478677
39259.3463767575,-0.028266978068327377
39292.794581100214,-0.0278817635675229
39359.69098978564,-0.027021002640995124
39393.13919412835,-0.026550622666025182
39426.587398471056,-0.026056392390918344
39493.48380715647,-0.024985036731385704
39526.932011499186,-0.02441341336277852
39560.3802158419,-0.0238208974776544
39627.276624527316,-0.02256863309651213
39761.06944189816,-0.019823537099401767
39794.51764624087,-0.01908804208326174
39827.96585058358,-0.018337649771849363
39894.862259269,-0.016796986620024257
40028.65507663984,-0.013542991865079507
40296.24071138152,-0.006565778157753737
40831.41198086488,0.007859518608126968
40864.25118327639,0.008711330337871557
40897.0903856879,0.009555036561162081
40962.76879051091,0.011215058421249148
41094.12560015694,0.01440271724736787
41126.96480256845,0.015170046607483275
41159.80400497996,0.015924178865376767
41225.48240980298,0.017383990987945762
41356.83921944901,0.020113931452555075
41389.67842186052,0.020754360406037408
41422.51762427202,0.02137601284425064
41488.19602909504,0.022551098282210812
41521.03523150655,0.02311010710725247
41553.874433918056,0.023648963850781277
41619.552838741074,0.024662609676423336
41652.39204115258,0.025135505473795595
41685.23124356409,0.025580354111780043
41718.070445975594,0.026002029345364636
41750.9096483871,0.026400552285403334
41783.74885079861,0.02677486724151363
41816.588053210115,0.027123875362396563
41849.427255621624,0.027446438634221415
41882.26645803313,0.027741384415248507
41915.10566044464,0.028007072773378702
41947.94486285615,0.028245751599021863
41980.78406526765,0.028458045969879765
42013.62326767916,0.028642591965624055
42046.46247009067,0.028797978457945964
42079.30167250217,0.02892275502343776
42112.14087491368,0.02901544060006112
42144.98007732519,0.02907453288300691
42177.8192797367,0.029098518448832315
42210.65848214821,0.029096153987639782
42243.49768455972,0.02907068353295237
42276.33688697123,0.029013192903914374
42309.17608938274,0.028921691739674554
42342.01529179425,0.02879416895822593
42374.85449420575,0.028628609319532948
42407.69369661726,0.02842301104384336
42440.53289902877,0.028175404437221926
42473.37210144027,0.02788387145747982
42506.21130385178,0.027581621807331494
42539.05050626329,0.027265655681842478
42571.8897086748,0.02690936275853199
42604.728911086306,0.026509817717320833
42637.568113497815,0.026064169803923128
42670.407315909324,0.025569675135689442
42703.24651832083,0.025023730399235382
42736.08572073234,0.024423907731275375
42801.76412555535,0.023175555737243093
42834.60332796686,0.022535588305127217
42867.442530378365,0.02183897733530057
42933.12093520138,0.020261203751247847
42963.756747926585,0.019435365231779387
42994.39256065179,0.018549374922420814
43055.66418610219,0.016868407906012968
43086.299998827395,0.015987079319802477
43116.9358115526,0.015035617145466439
43178.20743700301,0.01291049988789336
43208.84324972822,0.0117327117585187
43239.47906245342,0.010513254710071415
43270.114875178624,0.00947157260810981
43300.75068790383,0.008334080336917364
43331.38650062903,0.0070976073576316506
43362.02231335423,0.005760291042189027
43423.293938804636,0.002842754210958731
43453.92975152984,0.0015867827660216959
43484.56556425504,0.00019326299412873206
43515.20137698024,-0.0013377899495307793
43545.837189705446,-0.0030038810656929493
43576.47300243065,-0.0047999009115375305
43607.10881515585,-0.006364704957258114
43668.38044060626,-0.009727782294515874
43699.01625333147,-0.011681567464349368
43729.652066056675,-0.013664268948077405
43790.92369150708,-0.017344281820164512
43913.46694240789,-0.026019782760021093
43944.10275513309,-0.028541892811899037
43974.738567858294,-0.030757826268117437
44036.0101933087,-0.03587845900359583
44158.553444209516,-0.04650701381637914
44189.189256934726,-0.049466248544033045
44219.82506965993,-0.052335765809077686
44281.09669511033,-0.058154280559250884
44311.732507835535,-0.061008016754436234
44342.36832056074,-0.06372552442966282
44373.00413328594,-0.06625469708061481
44403.63994601114,-0.06840558956819792
44434.275758736345,-0.06980203546937766
44464.91157146155,-0.07067895207283909
44495.54738418675,-0.0696719243976385
44526.18319691196,-0.06689209870454488
44556.81900963717,-0.060895615777222606
44587.45482236237,-0.04912352020288552
44618.090635087574,-0.031442865690057324
44648.726447812776,-0.00329326865409936
44679.36226053798,0.03741476796475899
44709.99807326318,0.09110790328477136
44740.63388598838,0.15099217029927078
44771.269698713586,0.19876618338335306
44801.90551143879,0.21048447134669773
44832.54132416399,0.17626867657810003
44863.17713688919,0.11209981947934816
44893.8129496144,0.044474058435856216
44927.02853591861,-0.013627537949770813
44960.24412222281,-0.05137687996378868
44993.459708527014,-0.07263575771505681
45026.67529483122,-0.08271315515286483
45059.89088113543,-0.08597081512605939
45093.10646743963,-0.08522411177041551
45126.32205374384,-0.08215505072251278
45159.537640048045,-0.07786799001072406
45192.75322635225,-0.07304041087952262
45225.96881265646,-0.06789664078516391
45292.39998526486,-0.057788194650835026
45325.61557156907,-0.05300049863030355
45358.83115787327,-0.0483864635366693
45425.26233048168,-0.03972342563438292
45458.47791678589,-0.035736019723277807
45491.69350309009,-0.031956989098039144
45558.124675698506,-0.024981905091950817
45591.34026200271,-0.021784614840765937
45624.55584830692,-0.018695331254644343
45690.98702091532,-0.013053187173559414
45724.20260721953,-0.010333463212894307
45757.41819352373,-0.00782862701578705
45823.84936613214,-0.0031351902458193522
45857.06495243635,-0.0009921806105506834
45890.28053874055,0.0010929356034701156
45956.711711348966,0.004892396339540814
45989.92729765317,0.006776789685663391
46023.14288395738,0.008436867659347085
46089.57405656579,0.011639347299212665
46122.78964287,0.013096187930045113
46156.0052291742,0.014517036534089568
46222.43640178261,0.0170978202111203
46255.651988086815,0.018257373561557957
46288.86757439101,0.019403891160988607
46322.08316069522,0.020457524337763273
46355.298746999426,0.02145312162533238
46388.51433330363,0.022399723355910228
46421.72991960784,0.023260421114621524
46488.16109221625,0.024848782987983348
46521.37667852046,0.025570087043477137
46554.59226482466,0.026237707870528346
46587.80785112887,0.026827054189662327
46621.023437433076,0.027372351951412473
46654.23902373728,0.027891285279637704
46687.45461004149,0.028341339383511077
46720.67019634569,0.02872788155813158
46753.88578264989,0.029099296124210285
46787.1013689541,0.029413336062267426
46820.3169552583,0.029670530907726304
46853.532541562505,0.029889872322666725
46886.74812786671,0.030072669053896134
46919.96371417092,0.030204090015395396
46953.17930047512,0.030288111971833655
46986.39488677933,0.030345396748191252
47019.610473083536,0.030355924020811137
47050.622669701435,0.030326566542842718
47081.634866319335,0.030266173472032382
47112.647062937234,0.03017484940772328
47143.65925955514,0.030048372800486067
47174.67145617305,0.02988910454742792
47205.68365279095,0.02970131501493661
47236.69584940885,0.029482185025691967
47267.708046026746,0.02923243553102366
47298.720242644646,0.028954066639706597
47329.732439262545,0.0286479110006076
47360.744635880445,0.02831247519119259
47391.756832498344,0.027949443501423834
47422.76902911624,0.027560504571568264
47453.78122573414,0.027147281768084862
47515.80561896995,0.026242753706849302
47546.817815587856,0.025752829670336836
47577.830012205755,0.025240534912153518
47639.854405441554,0.024154100524082966
47763.90319191315,0.02171823525484441
47794.91538853105,0.021064256401491094
47825.92758514895,0.020392835911761567
47887.95197838476,0.01898912027532867
48012.00076485636,0.016008833835194254
48043.01296147426,0.015226353840765788
48074.02515809216,0.014432531449229086
48136.04955132797,0.01281406114656261
48260.09833779957,0.009454515062974674
48508.195910742776,0.0024246378058452164
48539.20810736068,0.0015297492432061262
48570.22030397858,0.0006339050481147619
48632.24469721438,-0.0011581165754791269
48756.29348368598,-0.004725771504791839
49004.39105662919,-0.011628368730159287
49034.794251315885,-0.012442446001773572
49065.19744600258,-0.01324289081769853
49126.00383537598,-0.014807683032999494
49247.61661412277,-0.0178072223130627
49278.01980880948,-0.01852556741961558
49308.42300349617,-0.019230332239135114
49369.22939286957,-0.020571998411416388
49490.842171616365,-0.023070981270842422
49521.24536630306,-0.023651792079928464
49551.648560989765,-0.024212938436722044
49612.45495036316,-0.025259796318577752
49642.85814504986,-0.025750952303317122
49673.26133973656,-0.026221967923229603
49734.06772910996,-0.027098549565046853
49764.47092379665,-0.027501450613615242
49794.87411848335,-0.027878890979120444
49825.27731317005,-0.028229410265198575
49855.68050785675,-0.028550142321206562
49886.083702543445,-0.0288462208998841
49916.48689723015,-0.02911750705344258
49946.890091916845,-0.029362254976193207
49977.29328660354,-0.029578651725658853
50007.69648129024,-0.029764827173149763
50038.09967597693,-0.02991886493450476
50068.50287066364,-0.030038814281981557
50098.90606535033,-0.030123771342258833
50129.30926003703,-0.030192223097148377
50159.71245472373,-0.030230535363632845
50190.11564941043,-0.030236128612994344
50220.518844097125,-0.030206372029631102
50250.92203878383,-0.030138603379716175
50281.325233470525,-0.03003015039164431
50311.72842815722,-0.0298783536106244
50342.131622843925,-0.029680590662808225
50372.53481753062,-0.02947767372349442
50402.93801221732,-0.029250069653265685
50433.34120690402,-0.028979191826793965
50463.74440159072,-0.028661286967830858
50494.14759627741,-0.02829267664617474
50524.55079096412,-0.02786979735340746
50554.95398565081,-0.027389242570925818
50585.35718033751,-0.026917394403068444
50615.76037502421,-0.026431073967358804
50646.16356971091,-0.02588611291197923
50676.566764397605,-0.02527754222436474
50706.96995908431,-0.024600699428247795
50737.373153771005,-0.023851297453225652
50767.7763484577,-0.023025495568758856
50798.179543144404,-0.022313417923183445
50828.5827378311,-0.02151489076510014
50858.9859325178,-0.020631103053195737
50889.3891272045,-0.01965652159928233
50950.19551657789,-0.01754902382640654
50983.17848484359,-0.016442690036986278
51016.16145310929,-0.015201169875927772
51049.14442137499,-0.013817116065915139
51082.12738964069,-0.012285386328454738
51115.11035790639,-0.010899140547875701
51148.09332617209,-0.009433737774074902
51181.07629443779,-0.007778818747425503
51214.05926270349,-0.005931167169013006
51247.04223096919,-0.004263833842168918
51280.02519923489,-0.002474805346519159
51313.00816750059,-0.00043257951057972324
51345.99113576629,0.0018575713413418737
51378.97410403199,0.003742820625781195
51411.95707229769,0.005998716320297479
51477.92300882909,0.010825938572095753
51510.90597709479,0.013420713502435469
51543.88894536049,0.016423654991696214
51576.87191362619,0.01900435361780886
51609.85488189189,0.022080070715579055
51642.83785015759,0.025246760881071098
51675.82081842329,0.028439619951058044
51741.78675495469,0.03557130131409003
51774.769723220394,0.03968357003920802
51807.752691486094,0.043419810541360564
51873.718628017494,0.052097399141118106
51906.701596283194,0.0567136630143594
51939.684564548894,0.06152001292834215
52005.6505010803,0.07111958988797097
52038.63346934601,0.07571005844662126
52071.61643761171,0.07981397647677153
52104.59940587741,0.08291728871506554
52137.58237414311,0.084041861517311
52170.56534240881,0.08170802201682606
52203.54831067451,0.07420369238009956
52236.53127894021,0.05768211570200821
52269.51424720591,0.027272618983337132
52302.49721547161,-0.021678458473536222
52335.48018373731,-0.08893628753711422
52368.46315200301,-0.16100199049599048
52401.44612026871,-0.2077659924286437
52434.42908853441,-0.20313428655707413
52467.41205680011,-0.15268822664415102
52500.39502506581,-0.08605997180246355
52533.37799333151,-0.026959057432854983
52566.36096159721,0.015911066389556833
52599.34392986291,0.04372439000906547
52632.32689812861,0.06028746267860778
52665.30986639431,0.06928933724463686
52698.29283466001,0.07337591726892838
52731.27580292571,0.07438118734991025
52764.25877119141,0.0734108788920905
52797.24173945711,0.07123527913516721
52830.22470772281,0.06837029495931929
52863.20767598851,0.06508056285125345
52929.17361251991,0.057973148716066764
53061.10548558271,0.04384275549413306
53091.88506416211,0.04070257477405874
53122.6646427415,0.03764143618146884
53184.2237999003,0.03194134143477616
53215.00337847969,0.029118815146719955
53245.782957059084,0.026437970905552798
53307.34211421788,0.021411586554936832
53338.12169279727,0.018954768937003274
53368.90127137667,0.016612582474089928
53430.46042853546,0.012173693149031575
53553.578742853046,0.004145673066666494
53584.358321432446,0.0022906818380370036
53615.13790001184,0.000523771954223505
53676.69705717063,-0.002853575992410217
53707.47663575003,-0.004470466801998493
53738.25621432942,-0.005997446438255501
53799.815371488214,-0.00889534753355557
53830.59495006761,-0.010325019194472899
53861.37452864701,-0.011641116739674525
53922.933685805794,-0.014142169778085828
53953.713264385195,-0.01531131977866575
53984.49284296459,-0.016395603821696317
54046.05200012338,-0.018534028082158868
54076.83157870278,-0.019479239352416963
54107.611157282176,-0.020440520809094143
54169.17031444097,-0.022145908758800095
54199.94989302036,-0.022958590179906837
54230.729471599756,-0.02371314006697003
54292.28862875855,-0.025077136048576056
54323.06820733794,-0.025702021598080656
54353.84778591734,-0.026269728428789055
54384.62736449674,-0.026810543178749723
54415.40694307613,-0.027309888681002203
54446.18652165553,-0.027757294350008063
54476.966100234924,-0.028166851525276204
54507.74567881432,-0.02855199553409006
54538.52525739372,-0.028888423759263773
54569.30483597311,-0.029178805901991026
54600.084414552504,-0.029425874217237198
54630.863993131905,-0.029653261574675044
54661.6435717113,-0.029839807115967537
54692.42315029069,-0.029984281998201218
54723.20272887009,-0.03008896204211344
54753.982307449485,-0.030158728593611503
54784.76188602888,-0.030201030076685606
54815.54146460828,-0.030204722401828435
54846.32104318767,-0.03017172946291897
54877.100621767066,-0.030103954327033257
54907.880200346466,-0.030005679090597166
54938.65977892586,-0.02987524606384149
54969.43935750525,-0.029711012908075766
55000.21893608465,-0.02951459753548018
55030.99851466405,-0.02928757591563224
55064.35786682245,-0.029007730038792586
55097.71721898085,-0.028691694965647656
55131.076571139245,-0.02834112395305876
55164.43592329764,-0.02795772654659523
55197.79527545604,-0.027541161540361327
55231.154627614436,-0.027090971036217923
55297.87333193123,-0.026098782814458446
55331.23268408963,-0.02555858714718669
55364.592036248025,-0.02498648060906415
55431.31074056482,-0.023760440359256663
55564.74814919841,-0.02099367508574267
55598.107501356804,-0.020241322691088047
55631.4668535152,-0.019467644242029226
55698.185557831996,-0.017858301574396388
55831.622966465584,-0.014397956135275686
56098.49778373277,-0.006768446559889604
56131.85713589117,-0.00576427179167011
56165.21648804957,-0.004756108989140055
56231.93519236636,-0.0027195160703232593
56365.37260099995,0.0014087651848507668
56632.24741826713,0.009605017355449455
56665.606770425526,0.010603385469297254
56698.96612258392,0.01159544269876453
56765.68482690072,0.01355575238501866
56899.122235534305,0.017294745061959688
56932.4815876927,0.01819530424892788
56965.8409398511,0.019081007410875185
57032.55964416789,0.020795986058378662
57165.99705280149,0.023922799550631035
57198.74740302868,0.02464041186462597
57231.497753255884,0.025333945993706218
57296.99845371027,0.026638893638091434
57329.748803937466,0.027226632659509732
57362.49915416466,0.027792082221115226
57427.99985461905,0.028844159377779083
57460.75020484624,0.02932428017208171
57493.500555073435,0.029769136282620956
57526.250905300636,0.03017503605793623
57559.00125552783,0.03053815803388329
57591.751605755024,0.030858180154943626
57624.501955982225,0.031147564794711185
57657.25230620942,0.03140205202696611
57690.00265643661,0.031616368802617284
57722.75300666381,0.03178504104095876
57755.503356891,0.03190244486289588
57788.2537071182,0.03196286357099973
57821.004057345395,0.03196055032379134
57853.75440757259,0.031915416304352295
57886.50475779979,0.03186375928013102
57919.255108026984,0.031756666852529536
57952.00545825418,0.03158541921354031
57984.75580848137,0.0313413221837088
58017.506158708566,0.03101582625363017
58050.25650893576,0.03060065549454913
58083.00685916295,0.030174807958672334
58115.75720939015,0.02976180875612538
58148.50755961734,0.029257217422629562
58181.25790984454,0.028648003326546954
58214.008260071736,0.027921869934425803
58246.75861029893,0.027067502314695232
58279.50896052613,0.02612675075393684
58312.259310753325,0.025344160212271333
58345.00966098052,0.02441298574804073
58377.76001120771,0.02331576884631027
58410.51036143491,0.022037405502366096
58476.011061889294,0.01944043785084952
58508.76141211649,0.018058187968269638
58541.51176234368,0.016419393318497944
58574.26211257088,0.014510080470980444
58607.01246279808,0.012628281615473387
58639.76281302527,0.010901589847603288
58672.51316325247,0.008793790661654699
58705.263513479666,0.006296085229666824
58738.01386370686,0.00402615304770829
58770.76421393405,0.001630232329964034
58803.51456416125,-0.0013197931097779815
58836.26491438845,-0.004573888305759475
58869.01526461564,-0.007353061218488041
58901.765614842836,-0.010920632915321544
58934.51596507004,-0.014688667378510902
59000.016665524425,-0.02303551909422042
59032.76701575162,-0.027319440959085207
59065.51736597881,-0.032435497414057775
59098.267716206006,-0.03767065406928055
59131.0180664332,-0.04357102537907327
59163.768416660394,-0.049784544162657665
59196.51876688759,-0.05672784577711837
59262.01946734198,-0.07181857149009019
59292.56642788288,-0.07892890735288867
59323.113388423764,-0.08656775441828754
59353.66034896466,-0.09379066783277293
59384.20730950555,-0.0998323379391293
59414.75427004644,-0.10369012038816863
59445.301230587334,-0.1028086395066588
59475.84819112823,-0.0938615071640727
59506.395151669116,-0.07167812948186018
59536.94211221,-0.03027311814186158
59567.4890727509,0.033084177365701094
59598.03603329179,0.11006260612934886
59628.58299383268,0.17751181273335287
59659.129954373566,0.20751574274226242
59689.67691491446,0.19233593648360667
59720.223875455355,0.14804358009442795
59750.77083599624,0.09608726086559177
59781.31779653713,0.04979855840814054
59811.86475707802,0.013656729457056122
59842.41171761892,-0.012637941963406008
59872.958678159805,-0.031084720466437843
59903.50563870069,-0.043554218027421446
59934.052599241586,-0.05170537578236455
59964.59955978248,-0.05691167187502595
59995.14652032337,-0.059878844758058325
60025.693480864255,-0.06128275483570792
60056.24044140515,-0.061683586977266364
60086.78740194604,-0.06129387446653741
60117.33436248693,-0.060337689193007846
60147.88132302782,-0.05892301882719798
60178.42828356871,-0.0572888383706112
60208.975244109606,-0.0554301466904638
60239.52220465049,-0.053442654366028776
60270.06916519138,-0.05130668716438311
60300.616125732275,-0.049151669056536555
60361.710046814056,-0.04468716191627993
60483.89788897762,-0.0358109915119354
60514.444849518506,-0.03356913105421598
60544.9918100594,-0.031454170925952256
60606.08573114118,-0.027209554734988147
60728.273573304745,-0.01912437332924043
60758.82053384563,-0.01717139108323021
60789.367494386526,-0.015298615065945287
60850.46141546831,-0.011623416737531169
60972.64925763187,-0.004748971011308539
61003.19621817276,-0.0030793449356812967
61033.74317871365,-0.0015132661342595784
61094.83709979543,0.0015556489377350161
61217.024941958996,0.007196265440198448
61250.15167607889,0.008577264411471686
61283.27841019878,0.00998810532825934
61349.53187843857,0.012572259541726772
61382.65861255846,0.013839324542182969
61415.785346678356,0.015032508692157179
61482.03881491814,0.01727505841600635
61515.16554903803,0.01832850094018603
61548.29228315792,0.019314334202308974
61614.54575139771,0.02121038874123813
61647.6724855176,0.022066199774097413
61680.7992196375,0.02290302721069571
61747.05268787728,0.024393458453730282
61780.17942199717,0.02509835846080926
61813.30615611706,0.02574624117114087
61846.43289023696,0.026339367735436704
61879.55962435685,0.026880160647349157
61912.68635847674,0.02738681320940805
61945.81309259664,0.02785787678371663
61978.93982671653,0.02827760276075377
62012.06656083642,0.028648038367869565
62045.19329495631,0.028971288901928884
62078.3200290762,0.029262142557456815
62111.4467631961,0.029509297194429497
62144.57349731599,0.029709824576813253
62177.70023143588,0.02986549549161938
62210.82696555578,0.029978079223717008
62243.95369967567,0.03005602435429696
62277.08043379556,0.030089795128875125
62310.207167915454,0.03008101879443671
62343.333902035345,0.03003119165810165
62376.46063615524,0.029942369253020476
62409.587370275134,0.029814801483303517
62442.714104395025,0.029647096926836695
62475.84083851492,0.029440545363010488
62508.967572634814,0.02919639829169492
62542.094306754705,0.0289150052006114
62575.221040874596,0.028595848940319774
62608.34777499449,0.028240261502758553
62641.474509114385,0.02784933446067997
62674.601243234276,0.027424116514408077
62707.72797735417,0.026963056468452873
62740.854711474065,0.0264678378508553
62807.10817971385,0.02537987859437417
62840.23491383374,0.024788962228853077
62873.36164795363,0.024164620455529823
62939.61511619342,0.02282755547377069
63072.12205267299,0.019815108512495967
63105.24878679288,0.018996530214778977
63138.37552091277,0.018153245891476544
63204.62898915255,0.016395473319030743
63337.13592563212,0.012625255277757694
63368.059270065714,0.011702780926985845
63398.9826144993,0.01076421639275966
63460.82930336648,0.008841214074381685
63584.52268110083,0.004859714043248486
63831.909436569535,-0.0034815006400984836
63862.83278100312,-0.004533318594419609
63893.75612543671,-0.005590030421363311
63955.602814303886,-0.007714165143652118
64079.29619203824,-0.011918120682576222
64326.682947506946,-0.019918086754081386
64357.60629194054,-0.02083823461535675
64388.52963637412,-0.021751224262950078
64450.376325241305,-0.02354496381525016
64481.29966967489,-0.02441958254992222
64512.22301410848,-0.025274800187061967
64574.069702975656,-0.026882266189211277
64604.99304740924,-0.027622320298469116
64635.91639184283,-0.0283481190016074
64697.76308071001,-0.029737344962923774
64728.68642514359,-0.03038995353634366
64759.60976957718,-0.031006741233921387
64821.45645844436,-0.032100749573909175
64852.37980287794,-0.03258356112614336
64883.30314731153,-0.03303646302021463
64914.226491745125,-0.03345048096685822
64945.14983617871,-0.033816215597396664
64976.07318061229,-0.034123939332477156
65006.996525045884,-0.034363707022776344
65037.919869479476,-0.034565892755064095
65068.84321391306,-0.03474282643760564
65099.766558346644,-0.0348611009126784
65130.689902780236,-0.03490539010996849
65161.61324721383,-0.03486026899332951
65192.53659164741,-0.03471044866723477
65223.459936081,-0.034483941221919466
65254.383280514594,-0.034312597838655715
65285.30662494818,-0.03403514205320001
65316.22996938177,-0.03362751898889989
65346.54431188415,-0.03307930214337488
65376.85865438654,-0.03234593396656839
65407.17299688893,-0.03184084524933664
65437.487339391315,-0.03115986269050961
65467.8016818937,-0.030270448709626755
65498.116024396084,-0.029143212035957194
65528.430366898465,-0.027815406030571203
65558.74470940085,-0.026810045218652705
65589.05905190323,-0.025483638277646582
65619.37339440561,-0.023797214513218992
65649.687736908,-0.021861841942617557
65680.00207941039,-0.02029910890440816
65710.31642191278,-0.018211300042883915
65740.63076441517,-0.015563040183037733
65770.94510691756,-0.013076592122603977
65801.25944941994,-0.010460662175772182
65831.57379192233,-0.007019980908108101
65861.88813442472,-0.0037425874545373577
65892.20247692711,-0.0000648541021343943
65922.5168194295,0.004777785007392909
65952.83116193188,0.008943331473118855
65983.14550443427,0.014450388582259156
66013.45984693666,0.020043258889204704
66043.77418943903,0.026688737020125208
66074.08853194141,0.03393219899875008
66104.4028744438,0.042226509708737134
66134.71721694618,0.05100873639977073
66165.03155944857,0.061792659394775185
66195.34590195096,0.07238474815264367
66225.66024445335,0.08514280566672805
66255.97458695574,0.09783680590650505
66286.28892945813,0.11093289954667747
66316.60327196051,0.12261547446718273
66346.9176144629,0.1299405757389014
66377.23195696529,0.12785057411545708
66407.54629946768,0.10900415744932594
66437.86064197007,0.06438172070431647
66468.17498447245,-0.007481336058625776
66498.48932697484,-0.09317470597125824
66528.80366947722,-0.16319485041031442
66559.11801197959,-0.19364201538243483
66589.43235448198,-0.18438805856386598
66619.74669698437,-0.1518666351034817
66650.06103948675,-0.11253178045614791
66680.37538198914,-0.0756846735816329
66710.68972449153,-0.04485973242257696
66741.00406699392,-0.020441944628518907
66771.3184094963,-0.0017087620140505688
66801.6327519987,0.01271432410370174
66831.94709450108,0.02342885598666434
66862.26143700347,0.031613456787349455
66892.57577950585,0.03744682676787774
66922.89012200822,0.04204499026309194
66953.2044645106,0.04537745029045161
66983.518807013,0.04759826704187592
67013.83314951538,0.04901820461298095
67044.14749201777,0.0499965082581298
67074.46183452016,0.05048742917902169
67104.77617702255,0.0505491983476726
67135.09051952494,0.05028942997814071
67165.40486202732,0.04981816478125266
67195.71920452971,0.049144830953151517
67226.0335470321,0.048283281902616396
67256.34788953447,0.04728854983539338
67289.24200561587,0.04608083704549211
67322.13612169726,0.04476538938327275
67387.92435386003,0.04186515763173573
67519.50081818557,0.03542024781398677
67782.65374683667,0.02161187786219166
67815.54786291806,0.01985418338299465
67848.44197899944,0.018164577058703345
67914.23021116223,0.014755813115334672
68045.80667548778,0.008099749132776356
68308.95960413887,-0.0039980656412162245
68341.85372022027,-0.0054102771697121105
68374.74783630166,-0.006767066964293595
68440.53606846443,-0.00938442099272599
68473.43018454581,-0.010645974412193896
68506.3243006272,-0.0118547965176017
68572.11253278996,-0.014213010903781981
68605.00664887135,-0.015320318387591274
68637.90076495273,-0.016402755101707144
68703.68899711552,-0.018449095053526293
68736.58311319692,-0.019403750475705424
68769.4772292783,-0.020343638530430735
68835.26546144107,-0.022077260742915047
68868.15957752246,-0.022873112388706894
68901.05369360384,-0.023637047150841937
68933.94780968523,-0.024368773255911802
68966.84192576662,-0.02505304049566481
68999.73604184802,-0.02569082434572357
69032.63015792941,-0.026283186711327795
69065.5242740108,-0.026840485265826677
69098.41839009218,-0.0273585674206141
69131.31250617356,-0.02783062485958527
69164.20662225495,-0.02825754716159403
69197.10073833633,-0.028640252683211544
69229.99485441772,-0.02898486232916002
69262.8889704991,-0.02928697024882019
69295.78308658049,-0.029544454820999277
69328.67720266187,-0.029758079637601617
69361.57131874327,-0.02992860291739325
69392.26204513834,-0.03005127586956638
69422.95277153343,-0.030136457799572247
69453.64349792851,-0.030183999073484468
69484.3342243236,-0.030194411485259736
69515.02495071868,-0.030168190703224965
69545.71567711377,-0.03010581278149946
69576.40640350885,-0.03000685270667362
69607.09712990394,-0.02987152556805666
69637.78785629902,-0.02970024476340378
69668.47858269411,-0.029493404366040598
69699.1693090892,-0.029251104447756537
69729.86003548426,-0.028973485189964232
69760.55076187933,-0.028661013642386664
69791.24148827442,-0.02831401507488761
69821.9322146695,-0.027932798705083497
69852.62294106459,-0.02751765915745387
69883.31366745968,-0.02706869903530268
69914.00439385476,-0.02658800286679688
69975.38584664493,-0.025528788465280925
70006.07657304002,-0.024950726932345044
70036.7672994351,-0.024340664232958394
70098.14875222526,-0.023025469647463114
70128.83947862033,-0.022326974407997413
70159.53020501541,-0.021601913909997442
70220.91165780558,-0.020063692003435944
70343.67456338592,-0.016639905737699127
70374.36528978101,-0.015729608692603744
70405.0560161761,-0.014799966659889856
70466.43746896627,-0.012863108539601256
70589.20037454659,-0.008686067119998234
70834.72618570726,0.0004276068794601441
70865.41691210234,0.0016049056516478956
70896.10763849743,0.0027811609591099073
70957.4890912876,0.005190775073976964
71080.25199686793,0.010201136797502973
71325.7778080286,0.020020298087549272
71359.04830800268,0.02124602928573692
71392.31880797676,0.022488537969701565
71458.85980792494,0.024997593546098432
71492.13030789903,0.026246879510674684
71525.40080787311,0.027462755771149962
71591.94180782128,0.029681339495720716
71625.21230779536,0.030789537639393693
71658.48280776944,0.031876790854770826
71725.02380771762,0.03386599806237171
71758.29430769171,0.034773422015692154
71791.5648076658,0.03565301160698901
71824.83530763988,0.03647823561066735
71858.10580761396,0.03721665295236061
71891.37630758804,0.03789091860896822
71924.64680756212,0.03850663109039884
71957.9173075362,0.03902236464761808
71991.1878075103,0.0394148980040998
72024.4583074844,0.039773495398681476
72057.72880745848,0.0400004106721375
72090.99930743256,0.04003278051532836
72124.26980740664,0.040038441489997585
72157.54030738072,0.039889161636189496
72190.8108073548,0.039435903025138455
72224.08130732889,0.038917753981853424
72257.35180730297,0.03822396902262732
72290.62230727705,0.0370321318461443
72323.89280725113,0.0359867380296916
72357.16330722522,0.03433229773815702
72390.43380719931,0.032353537817924265
72423.70430717341,0.03010605600877133
72456.97480714749,0.027139476965514463
72490.24530712157,0.023926322037364223
72523.51580709565,0.01966393027235021
72556.78630706973,0.014894784801477087
72590.05680704382,0.009218685850948212
72623.3273070179,0.0016906990855948961
72656.59780699198,-0.006228994771232496
72689.86830696606,-0.016235441242580306
72723.13880694014,-0.02886723386492552
72756.40930691423,-0.04355071562105085
72789.67980688832,-0.06077192459757226
72822.95030686242,-0.08171314861614429
72856.2208068365,-0.10568386688744477
72889.49130681058,-0.1308006661278216
72922.76180678466,-0.15270747981646546
72956.03230675875,-0.16164119545996744
72989.30280673283,-0.1421532781401446
73022.57330670691,-0.0809124120607098
73055.843806681,0.014005973330302304
73089.1143066551,0.10595298699487532
73122.38480662918,0.15953533673538134
73155.65530660326,0.16996535523408043
73188.92580657735,0.1530964060059959
73222.19630655143,0.1254181491405308
73255.46680652551,0.09652651969356248
73288.73730649959,0.07054438192328977
73322.00780647369,0.048587699261245176
73355.27830644778,0.03054547848216206
73388.54880642187,0.016035576145163443
73421.81930639595,0.00431275175108229
73455.08980637003,-0.005506876220889679
73486.15691665781,-0.012862691148585497
73517.2240269456,-0.018911603906919087
73548.29113723338,-0.023875581110753254
73579.35824752116,-0.027911332425892277
73610.42535780894,-0.031250377437392375
73641.49246809672,-0.0340107235748971
73672.5595783845,-0.03627257063031331
73703.62668867227,-0.038084958927751295
73734.69379896004,-0.03951212879264679
73765.76090924782,-0.040610215399838834
73796.8280195356,-0.04143372403158905
73827.89512982339,-0.041956192766739064
73858.96224011117,-0.04236027876119142
73890.02935039895,-0.042493340750792294
73921.09646068673,-0.042519391092849156
73952.16357097452,-0.04236660747207714
73983.2306812623,-0.04208443626506821
74014.29779155008,-0.04169204779162132
74045.36490183786,-0.04118017081140615
74076.43201212565,-0.04058483989441321
74107.49912241343,-0.03989774010741958
74138.56623270121,-0.0391307860846786
74169.633342989,-0.038298186041261575
74200.70045327676,-0.03738997573774655
74231.76756356453,-0.03644517057336097
74262.83467385231,-0.035419542542259874
74324.96889442788,-0.03326298194605401
74449.237335579,-0.028485009653432147
74480.30444586679,-0.027227022001384788
74511.37155615457,-0.025928098043728177
74573.50577673013,-0.023299236516704
74697.77421788125,-0.01788692267907454
74946.31110018349,-0.0068643921096259615
74977.37821047127,-0.005481894281765688
75008.44532075906,-0.004122717714713105
75070.57954133462,-0.001468224522831657
75194.84798248573,0.003719075923036657
75225.9150927735,0.004983193284734644
75256.98220306128,0.006218713029675307
75319.11642363685,0.008619165011692307
75443.38486478798,0.013162412262805684
75473.84297314455,0.014218035950560325
75504.30108150114,0.015242482995045803
75565.2172982143,0.017205819549691723
75595.67540657087,0.01815534204875712
75626.13351492745,0.019071741894551582
75687.04973164061,0.02080474215878144
75717.50783999718,0.02162129956373792
75747.96594835377,0.022413473710928396
75808.88216506693,0.023900851692684758
75839.3402734235,0.024591467582750947
75869.79838178007,0.02524660656032921
75930.71459849323,0.026453653946752934
75961.17270684981,0.02700604128175467
75991.63081520639,0.027521311821954345
76022.08892356296,0.02799933289456966
76052.54703191953,0.02843996823673873
76083.0051402761,0.028843072900055854
76113.46324863269,0.029209254541035786
76143.92135698927,0.02953713680805123
76174.37946534585,0.029826510568873147
76204.83757370242,0.030077149467000464
76235.295682059,0.03028880679855054
76265.75379041559,0.030461214282151913
76296.21189877216,0.030594050332180885
76326.67000712873,0.030687099783309694
76357.12811548532,0.03074063358973108
76387.5862238419,0.030754292255142646
76418.04433219848,0.030727691757195506
76448.50244055505,0.030660426452395168
76478.96054891164,0.030552365762091346
76509.41865726822,0.030405567898913313
76539.8767656248,0.03021857382111353
76570.33487398137,0.0299908586465302
76600.79298233795,0.029721882511496746
76631.25109069454,0.029411098116263065
76661.70919905111,0.029058974169103954
76692.16730740768,0.028672822621170366
76722.62541576427,0.028245995126886945
76753.08352412086,0.027777776866783958
76783.54163247743,0.027267465197291833
76813.999740834,0.026714382628805804
76844.45784919057,0.02609043253886922
76905.37406590373,0.024829675903259553
76935.83217426031,0.02413988023323079
76966.29028261689,0.023408966716599915
77027.20649933003,0.021819654038527515
77057.6646076866,0.020959427279277312
77088.12271604319,0.020054473142453164
77149.03893275635,0.018108273757118445
77179.49704111292,0.017066444508192058
77209.9551494695,0.016070424510447403
77270.87136618266,0.013959783308416993
77392.70379960898,0.009193553205958308
77425.74168154456,0.007772587336670443
77458.77956348014,0.0063239859633101
77524.8553273513,0.0035480713389101437
77657.00685509361,-0.0027217837736168036
77921.30991057826,-0.0163791796853414
77954.34779251384,-0.01802075523650624
77987.38567444941,-0.019754783781598402
78053.46143832058,-0.023445991362226772
78185.61296606291,-0.03056930241557347
78218.65084799849,-0.03241044338537237
78251.68872993407,-0.03427849972451057
78317.76449380523,-0.03750359864226532
78350.80237574081,-0.039218145656563716
78383.84025767638,-0.04090601543478649
78449.91602154754,-0.043817514433699516
78482.95390348313,-0.04523698377599883
78515.99178541871,-0.04648395739540789
78549.02966735428,-0.04764685370393204
78582.06754928986,-0.048654491997194835
78615.10543122544,-0.04937110196883197
78648.14331316101,-0.05003394975350798
78681.1811950966,-0.050231896686596
78714.21907703218,-0.05023767064329242
78747.25695896776,-0.04975972808277056
78780.29484090334,-0.04851178299977234
78813.33272283891,-0.0469673322185561
78846.37060477449,-0.0441565754050666
78879.40848671008,-0.04053838450110936
78912.44636864564,-0.03524243045623952
78945.48425058123,-0.027611975172672238
78978.52213251681,-0.01844359190090629
79011.56001445239,-0.005029004573236406
79044.59789638798,0.012953033499221937
79077.63577832354,0.03579656241627567
79110.67366025913,0.066051853733776
79143.71154219471,0.10308010747022958
79176.74942413028,0.14424036411772087
79209.78730606586,0.17990799642035754
79242.82518800144,0.19081768866033674
79275.86306993703,0.15569904737698986
79308.90095187261,0.07417692412140621
79341.93883380819,-0.021221472683371226
79374.97671574377,-0.09314741511466565
79408.01459767936,-0.1294673654773628
79441.05247961494,-0.13795237522801712
79474.09036155051,-0.13056268215659306
79507.12824348609,-0.11607875126639233
79537.96273573537,-0.10059557480605816
79568.79722798464,-0.08516533462849005
79599.63172023391,-0.07090208793526283
79630.46621248318,-0.05813217965867812
79661.30070473245,-0.046457093735279266
79692.13519698173,-0.03616882069094757
79722.96968923102,-0.027143061580239734
79753.80418148029,-0.01923217428707661
79784.63867372955,-0.012311088692454224
79815.47316597884,-0.006042411225014175
79846.30765822812,-0.0004992644315574141
79877.14215047739,0.004410897933042217
79907.97664272666,0.008766206910112654
79938.81113497594,0.0126397082321246
79969.64562722523,0.01593082470908947
80000.4801194745,0.019123256668795927
80031.31461172376,0.021863766300926943
80062.14910397305,0.024238535297299642
80092.98359622233,0.026365161151679296
80123.8180884716,0.02830054316447788
80154.65258072087,0.029960141914084266
80185.48707297015,0.031372742415706215
80216.32156521943,0.03270076190232961
80247.1560574687,0.03375449603264659
80277.99054971797,0.03471986721181544
80308.82504196725,0.03548230907128044
80339.65953421654,0.036140930650628
80370.4940264658,0.03664710315445059
80401.32851871508,0.03704490059448161
80432.16301096436,0.03732409720070588
80462.99750321364,0.03749717056130382
80493.83199546291,0.03757427956217854
80524.66648771218,0.03755177654178592
80555.50097996146,0.037448728655086576
80586.33547221075,0.0372583680436261
80617.16996446002,0.036979608229142875
80648.00445670928,0.03664661912537556
80678.83894895857,0.0362313856815861
80709.67344120785,0.035753494123770796
80740.50793345712,0.03521160596410203
80771.34242570639,0.034611416309043935
80802.17691795567,0.033955866141274486
80863.84590245422,0.03249110361261672
80894.6803947035,0.03168080184667174
80925.51488695278,0.030830181385303645
80987.18387145133,0.02900657531749023
81018.0183637006,0.028041602118109823
81048.85285594988,0.027041721294253834
81110.52184044843,0.024935196326516917
81233.85980944554,0.020419901703713203
81480.53574743973,0.010548289816539167
81513.95001326801,0.009169043494094127
81547.36427909628,0.007770666143975118
81614.19281075284,0.0049896648527845405
81747.84987406596,-0.000550940622691171
81781.26413989424,-0.0019275794679849394
81814.67840572252,-0.003289018312526438
81881.50693737906,-0.005960643898222168
82015.16400069217,-0.011116056044027175
82048.57826652045,-0.012349646685795116
82081.99253234873,-0.013557681715238332
82148.82106400529,-0.015908200997931082
82182.23532983357,-0.017038448985980212
82215.64959566185,-0.018137993015198695
82282.47812731839,-0.020243472850931993
82315.89239314667,-0.021243936065395555
82349.30665897494,-0.022208967584094602
82416.1351906315,-0.02402774152162184
82449.54945645978,-0.024879230003516353
82482.96372228806,-0.025686075235593245
82549.79225394462,-0.027175530014613255
82583.2065197729,-0.027855131865745564
82616.62078560118,-0.028489159199089172
82650.03505142944,-0.029071850788045427
82683.44931725772,-0.029608409929726784
82716.863583086,-0.030097020427852263
82750.27784891427,-0.03053575489515787
82783.69211474255,-0.030922583822578936
82817.10638057083,-0.0312539788794798
82850.5206463991,-0.031533415897702706
82883.93491222739,-0.03176145617658626
82917.34917805567,-0.031935623112512086
82950.76344388395,-0.032053315972661256
82984.17770971222,-0.032111834546693654
83017.5919755405,-0.03210840708114356
83051.00624136877,-0.03204022145657822
83084.42050719705,-0.03191877848311858
83117.83477302533,-0.03174757350769479
83151.2490388536,-0.03151510896471863
83184.66330468188,-0.031217597452776448
83218.07757051016,-0.03085122913774092
83251.49183633843,-0.03041223010213519
83284.90610216671,-0.029896924897579506
83318.320367995,-0.029357915223125246
83351.73463382327,-0.02875697684912163
83385.14889965155,-0.028080695236203785
83418.56316547983,-0.027323968900539404
83451.9774313081,-0.02648198154406474
83485.39169713638,-0.025550308185413373
83518.80596296466,-0.024604268061816016
83552.22022879292,-0.02361374757455876
83619.04876044948,-0.02134880974285552
83651.85402434657,-0.020087379183592477
83684.65928824364,-0.018814402063750707
83750.26981603779,-0.016100688014695008
83783.07507993486,-0.014571745757458976
83815.88034383193,-0.012921998580970586
83881.49087162608,-0.00968529915608387
83914.29613552315,-0.00788429078931386
83947.10139942024,-0.005938882710457564
84012.71192721438,-0.002123124443342953
84143.93298280268,0.006694044410500512
84176.73824669977,0.009204343102833325
84209.54351059684,0.011583737240779955
84275.15403839099,0.016874783721378246
84406.37509397928,0.028091596806877395
84439.18035787635,0.031231487611783876
84471.98562177343,0.03429812692945901
84537.59614956757,0.04074302122741157
84668.81720515588,0.05409337915761754
84701.62246905296,0.0574859190024979
84734.42773295003,0.06061565709089713
84767.2329968471,0.06363614656316259
84800.03826074419,0.06631603699090725
84832.84352464126,0.06851278658184523
84865.64878853832,0.06992301483362078
84898.45405243541,0.07006123920249181
84931.25931633248,0.068454220567435
84964.06458022955,0.06411837146829191
84996.86984412663,0.05572670907938716
85029.6751080237,0.041562395128892746
85062.48037192077,0.01889213661704714
85095.28563581785,-0.015601858935300791
85128.09089971492,-0.06417667899962788
85160.896163612,-0.12453263783105696
85193.70142750908,-0.18287205065022605
85226.50669140616,-0.211502002428966
85259.31195530323,-0.18653038432413913
85292.1172192003,-0.11535628183077712
85324.92248309738,-0.0330693683039745
85357.72774699447,0.03270001678844059
85390.53301089154,0.0737702394262441
85423.3382747886,0.09438980863440116
85456.14353868569,0.10172089390336617
85488.94880258277,0.10121151568493937
85521.75406647984,0.09643798449980501
85554.55933037691,0.08949780635417234
85587.364594274,0.0816993158739458
85620.16985817107,0.07358269653873575
85652.97512206814,0.0656722977047354
85718.58564986229,0.05099985288982031
85749.18752407306,0.044683532371040176
85779.78939828384,0.038764845410846516
85810.39127249461,0.03328426686834564
85840.99314670538,0.028021572605658154
85871.59502091615,0.023147920844361902
85902.19689512692,0.018622130908353234
85963.40064354846,0.010486985092477578
85994.00251775923,0.006803853143768392
86024.60439197,0.0032536894206852303
86055.20626618077,0.000052762142192935846
86085.80814039154,-0.0029828422547941366
86116.41001460231,-0.005857750939557472
86147.01188881308,-0.008417566112143011
86208.21563723462,-0.013297795896787963
86238.81751144539,-0.015452449018326207
86269.41938565616,-0.01749677466549922
86300.02125986693,-0.0193259236980274
86330.6231340777,-0.021131790333844616
86361.22500828847,-0.022689217584541517
86391.82688249924,-0.024233765854032762
86422.42875671001,-0.025595867640288716
86453.03063092078,-0.02686392483401123
86483.63250513155,-0.02803088830417754
86514.23437934232,-0.029061632764769002
86544.83625355309,-0.030038938092513453
86575.43812776386,-0.030869559266084697
86606.04000197463,-0.03165479217992899
86636.6418761854,-0.03231914929844809
86667.24375039617,-0.03290757355391514
86697.84562460694,-0.03341041344368108
86728.44749881771,-0.03381867802648441
86759.04937302848,-0.03417297582771828
86789.65124723925,-0.03443060933030563
86820.25312145002,-0.034602080432134585
86850.85499566079,-0.03473500537937044
86881.45686987156,-0.03478055696714093
86912.05874408233,-0.034751150377938196
86942.6606182931,-0.03466751531236497
86973.26249250387,-0.03451647098637271
87003.86436671464,-0.034299703509985874
87034.46624092541,-0.034026214314823805
87065.06811513618,-0.033694509620689185
87095.66998934695,-0.03330487709493276
87126.27186355772,-0.032863020939152
87156.8737377685,-0.03236614230074051
87187.47561197927,-0.03181845097324801
87218.07748619004,-0.031224391592710236
87248.67936040083,-0.030579876300483436
87309.88310882237,-0.029157291731765886
87340.48498303314,-0.02838320823235856
87371.0868572439,-0.027562655646966208
87432.29060566545,-0.02581467185018648
87462.89247987622,-0.024893295898606116
87493.49435408699,-0.02392569933934498
87554.69810250853,-0.02189981032639672
87677.1055993516,-0.017519794536109558
87710.28724714139,-0.01626571264759153
87743.46889493115,-0.01499055644585105
87809.8321905107,-0.012363092248816465
87942.55878166978,-0.006909929646452667
88208.01196398796,0.004367789233626395
88241.19361177774,0.005764734230193043
88274.3752595675,0.007155056878969413
88340.73855514705,0.009908836371446657
88473.46514630615,0.015235166332231456
88506.64679409593,0.01650801324591865
88539.8284418857,0.017760486493641703
88606.19173746524,0.020194487742949768
88738.91832862432,0.024648038335268095
88772.09997641409,0.025670697044541883
88805.28162420387,0.026656382196526336
88838.46327199363,0.027601136932328015
88871.6449197834,0.028500681824252794
88904.82656757318,0.02933674456913457
88938.00821536295,0.030119536024692
89004.3715109425,0.03154826423431112
89037.55315873228,0.032183081186104974
89070.73480652204,0.03275677144494056
89103.91645431181,0.03326283492826152
89137.09810210159,0.033700962113652685
89170.27974989137,0.03408115258006909
89203.46139768114,0.034395077137134675
89236.6430454709,0.03463399615760618
89269.82469326069,0.03478884639416707
89303.00634105047,0.034872803692030135
89336.18798884023,0.03489669634197817
89369.36963663,0.034833837221720364
89402.55128441978,0.03467176094428703
89435.73293220955,0.034397961037246905
89468.91457999931,0.03405147968975028
89502.0962277891,0.03365312624073054
89535.27787557886,0.0331333150029112
89568.45952336863,0.032474986596440145
89601.64117115841,0.031700075510738925
89634.82281894817,0.030918087995390704
89668.00446673794,0.029972629890038686
89701.18611452772,0.02884208132971732
89734.36776231749,0.027585231990183527
89767.54941010725,0.026342903223199543
89800.73105789704,0.024870106300570863
89831.7093160005,0.023265344956920696
89862.68757410397,0.021729395463600334
89893.66583220744,0.020012324414942478
89924.6440903109,0.018010768129597638
89955.62234841437,0.01592831816064999
89986.60060651784,0.013827550703937767
90017.5788646213,0.01135282668935502
90048.55712272477,0.008811865107394474
90079.53538082824,0.006162099584458779
90110.5136389317,0.0030221652248612965
90141.49189703517,0.00000910259002440475
90172.47015513864,-0.0034010852929706598
90203.4484132421,-0.00707793891225551
90234.42667134557,-0.010862241479020901
90296.38318755252,-0.019521131418931068
90327.36144565599,-0.024509865246407192
90358.33970375947,-0.029491146197370095
90389.31796186294,-0.035116782471878744
90420.2962199664,-0.04107155528475666
90451.27447806987,-0.047273153546708226
90482.25273617334,-0.05425401160987181
90544.20925238027,-0.06883024290136043
90575.18751048374,-0.07668492764507179
90606.1657685872,-0.08464760021610404
90637.14402669067,-0.09219146449540533
90668.12228479414,-0.09868486224248424
90699.1005428976,-0.10296662145961001
90730.07880100107,-0.1028644360883928
90761.05705910454,-0.09509885473950135
90792.035317208,-0.07478226908620086
90823.01357531147,-0.03593800459507816
90853.99183341494,0.025526323079068554
90884.97009151841,0.10359565684881139
90915.94834962187,0.17574318387163015
90946.92660772534,0.21104746968496593
90977.90486582881,0.1960333596767167
91008.88312393229,0.14633591050672695
91039.86138203576,0.08713826880053663
91070.83964013922,0.03518320950662737
91101.8178982427,-0.004188198071261542
91132.79615634617,-0.031597932279584205
91163.77441444964,-0.049602337930975085
91194.7526725531,-0.060846522406181276
91225.73093065657,-0.06722707614389495
91256.70918876004,-0.07041574475261887
91287.6874468635,-0.07146067920411087
91318.66570496697,-0.0709343704095807
91349.64396307044,-0.06935790282455913
91380.62222117391,-0.0670885337761403
91411.60047927737,-0.06437013291308527
91442.57873738084,-0.061346038708491854
91473.55699548431,-0.05812410961241785
91535.51351169124,-0.051394731860768254
91566.49176979471,-0.047988501540733204
91597.47002789818,-0.04465076410725036
91659.42654410511,-0.03791504554962658
91783.33957651899,-0.02533795463255576
91813.70883269125,-0.022452032658587535
91844.07808886352,-0.019568462097670974
91904.81660120806,-0.01414169798024099
91935.18585738033,-0.011615157007518789
91965.55511355259,-0.009023455365952438
92026.29362589712,-0.004214348958883467
92056.66288206939,-0.001978346194072122
92087.03213824164,0.0002879092342717611
92147.77065058617,0.004486303937446569
92269.24767527524,0.01195658242827533
92299.6169314475,0.013683313175506657
92329.98618761977,0.015284859417499894
92390.72469996431,0.018317207269041028
92421.09395613658,0.019700241195544005
92451.46321230884,0.02103610959477549
92512.20172465337,0.02347757577592916
92542.57098082564,0.02460911979051244
92572.94023699789,0.025663459288721747
92603.30949317015,0.02662880824980997
92633.67874934242,0.02755638324123335
92664.04800551469,0.028401964352859726
92694.41726168696,0.029166636143922252
92724.78651785923,0.029893242294652015
92755.15577403149,0.03054109792306238
92785.52503020375,0.03111356292913418
92815.89428637602,0.03161488935407992
92846.26354254829,0.032081266651295876
92876.63279872056,0.03246949068651378
92907.00205489283,0.03278902602689172
92937.37131106509,0.033043395225830524
92967.74056723734,0.03324934479175782
92998.10982340961,0.03338786800299755
93028.47907958188,0.03346334455306952
93058.84833575414,0.03347866914601974
93089.2175919264,0.03343988613721058
93119.58684809867,0.03334049296436275
93149.95610427094,0.03318300398817023
93180.32536044321,0.03296978482112695
93210.69461661548,0.0327014229493787
93241.06387278774,0.03237747082076731
93271.43312896,0.03199999649656947
93301.80238513227,0.031570930860120354
93332.17164130454,0.031088683466900684
93362.5408974768,0.030555210619731023
93392.91015364908,0.029972606852937643
93423.27940982133,0.029342453896304202
93484.01792216586,0.027936102707973705
93514.38717833813,0.027164683154566188
93544.75643451039,0.026349715483875085
93605.49494685492,0.024594040625785615
93635.86420302719,0.023649303557799768
93666.23345919946,0.022669560086631638
93726.97197154399,0.020596802099561367
93759.92100129524,0.01941150949872211
93792.8700310465,0.01818503056651747
93858.76809054904,0.01562390504597931
93990.56420955411,0.010087263662833978
94254.15644756425,-0.0020819589008555157
94287.10547731552,-0.003674214831738266
94320.05450706679,-0.005282308811379839
94385.95256656932,-0.00847510770400121
94517.74868557439,-0.014860100241983271
94550.69771532566,-0.016422250895230025
94583.64674507693,-0.017946097203312285
94649.54480457946,-0.020993521821940562
94781.34092358453,-0.026756641115848794
94814.2899533358,-0.02811541930439672
94847.23898308707,-0.029448094283919098
94913.1370425896,-0.0319412385620758
94946.08607234087,-0.03308047540635092
94979.03510209214,-0.03418399794008785
95011.9841318434,-0.03523330828569149
95044.93316159467,-0.03620037630262421
95077.88219134594,-0.037074732869945747
95110.8312210972,-0.03788832071569656
95143.78025084847,-0.03861276181769948
95176.72928059974,-0.03922129946342855
95209.67831035101,-0.039746832806058174
95242.62734010228,-0.04016227093407825
95275.57636985354,-0.04042483423250479
95308.52539960481,-0.04059394233147634
95341.47442935608,-0.040631206416881456
95374.42345910735,-0.040448482338317784
95407.37248885861,-0.04013670827873169
95440.32151860988,-0.039685147598307914
95473.27054836115,-0.038902076634478304
95506.21957811242,-0.0380656997952337
95539.16860786368,-0.03689517391220388
95572.11763761495,-0.03535038399845028
95605.06666736622,-0.03373890518981679
95638.01569711749,-0.031431321144886865
95670.96472686875,-0.029221701551984794
95703.91375662002,-0.026062392658829737
95736.86278637129,-0.022923283003563437
95769.81181612256,-0.0187172773594233
95802.76084587383,-0.01436114297076304
95835.70987562509,-0.008925800426347736
95866.45551569006,-0.003024530878724039
95897.20115575501,0.0033980675060888456
95927.94679581997,0.01131252987187073
95958.69243588494,0.02016378125957724
95989.4380759499,0.03024441120415475
96020.18371601487,0.042078134876472134
96050.92935607984,0.05584705323325276
96081.6749961448,0.07160564735631024
96112.42063620975,0.08867159512168976
96143.16627627471,0.10722709203205165
96173.91191633968,0.12592331158441622
96204.65755640465,0.14148824401813953
96235.40319646962,0.1479421232473767
96266.14883653457,0.13574006911677322
96296.89447659953,0.09367049194027141
96327.6401166645,0.01768786979627303
96358.38575672946,-0.07539237146402554
96389.13139679443,-0.15168194696732018
96419.8770368594,-0.1862428616150551
96450.62267692435,-0.18038434656156638
96481.3683169893,-0.15124425904103062
96512.11395705427,-0.11471212686922372
96542.85959711924,-0.07979441996516808
96573.60523718421,-0.049927332250274535
96604.35087724918,-0.025605682456371542
96635.09651731413,-0.006499636640430448
96665.84215737908,0.008363362293587771
96696.58779744405,0.01997915411869973
96727.33343750902,0.02889496453428899
96758.07907757399,0.03566914116864282
96788.82471763896,0.040782736240788764
96819.57035770391,0.044585726005707135
96850.31599776886,0.04734845533662636
96881.06163783383,0.04927913256184062
96911.8072778988,0.05053556985059605
96942.55291796377,0.051227907366463876
96973.29855802873,0.05154165605869248
97004.04419809369,0.051446414872738405
97034.78983815864,0.051026440593178755
97065.53547822361,0.05034278308612958
97096.28111828858,0.04944250273021294
97127.02675835355,0.048363723885482164
97157.77239841851,0.04712284173807765
97188.51803848347,0.045764909603565884
97219.26367854842,0.044260626754621446
97250.00931861339,0.042688421128394785
97311.50059874333,0.039284098723257166
97342.2462388083,0.03750352053379169
97372.99187887325,0.03564838560829058
97434.48315900317,0.03185601940622101
97557.46571926303,0.023999272030444652
97803.43083978273,0.008279735289198736
97837.75220102337,0.006182243520209456
97872.073562264,0.004073911068586043
97940.71628474529,1.9609635865634745e-7
97975.03764598593,-0.0019814050851113835
98009.35900722657,-0.003887448925837528
98078.00172970784,-0.007656013103851698
98112.32309094848,-0.009434396940003491
98146.64445218912,-0.011186712095910298
98215.2871746704,-0.014513097801254407
98249.60853591104,-0.016090320015927365
98283.92989715168,-0.017618799981743996
98352.57261963296,-0.02046279000293001
98386.8939808736,-0.021802900329298727
98421.21534211424,-0.02306747927271099
98455.53670335488,-0.02425765425883904
98489.85806459552,-0.025398336826224013
98524.17942583616,-0.02646012588153995
98558.5007870768,-0.027446611097502092
98592.82214831744,-0.028370840723640087
98627.14350955808,-0.029220103541485895
98661.46487079872,-0.029992651993360857
98695.78623203936,-0.03068927918485475
98730.10759328,-0.03131581027589645
98764.42895452064,-0.03186673775106866
98798.75031576128,-0.03233994665244286
98833.07167700192,-0.03273583449814814
98867.39303824256,-0.033054727369857234
98901.7143994832,-0.03329785900375006
98936.03576072384,-0.03346200167734941
98970.35712196448,-0.03354827022288153
99004.67848320512,-0.033556560744697775
99038.99984444576,-0.033486660478903134
99073.3212056864,-0.033338063723058586
99107.64256692704,-0.03311225381375934
99141.96392816768,-0.03280835893484511
99176.28528940832,-0.03242573278418092
99210.60665064896,-0.031963314534737254
99244.9280118896,-0.031429294749782025
99279.24937313024,-0.030817906953384166
99313.57073437088,-0.030128035863449303
99347.89209561152,-0.029358561688677703
99382.21345685216,-0.02851661720093668
99450.85617933344,-0.0266239213568484
99485.17754057408,-0.02555949928500277
99519.49890181472,-0.024414477114353843
99588.141624296,-0.021962370507294292
99622.46298553664,-0.020633409212910056
99656.78434677728,-0.019224917821005168
99725.42706925856,-0.01616383149954704
99759.7484304992,-0.0145660277665807
99794.06979173984,-0.012943113259891377
99862.71251422112,-0.009454691132111061
99897.03387546176,-0.007587132773371029
99931.3552367024,-0.005664732296804819
99965.67659794303,-0.003792489789441744
99999.99795918367,-0.0018339456493544938
